row_id,1161364,116570,1176823,1491113,1595929,209233,22930,22956,22961,22967,22973,22983,22985,23150,23154,23158,23176,23724,24279,24285,24287,24321,244024,25073,25092,25214,326272,41970,43435,47144,47158son01,47158son02,47158son03,47158son04,47158son05,47158son06,47158son07,47158son08,47158son09,47158son10,47158son11,47158son12,47158son13,47158son14,47158son15,47158son16,47158son17,47158son18,47158son19,47158son20,47158son21,47158son22,47158son23,47158son24,47158son25,476521,516975,517063,555123,555145,555146,64898,65377,65380,66971,67107,67252,70711,738183,74113,74580,760266,ashgre1,astcra1,bafcur1,baffal1,banana,barant1,batbel1,baymac,bbwduc,bcwfin2,bkcdon,bkhpar,blchaw1,blheag1,blttit1,bncfly,bobfly1,brcmar1,brnowl,bucmot4,bucpar,bufpar,bunibi1,burowl,camfli1,chacha1,chbmoc1,chobla1,chvcon1,cibspi1,coffal1,compau,compot1,crbthr1,crebec1,dwatin1,epaori4,eulfly1,fabwre1,fepowl,ficman1,flawar1,fotfly,fusfly1,gilhum1,giwrai1,glteme1,grasal3,greani1,greant1,greela,grekis,grepot1,gretho2,greyel,grfdov1,grhtan1,gycwor1,horscr1,houspa,hyamac1,larela1,lesela1,lesgrf1,limpki,linwoo1,litcuc2,litnig1,mabpar,magant1,magtan2,masgna1,nacnig1,ocecra1,oliwoo1,orbtro3,orwpar,osprey,pabspi1,palhor3,paltan1,phecuc1,picpig2,pirfly1,plasla1,platyr1,plcjay1,pluibi1,purjay1,pvttyr1,ragmac1,rebscy1,recfin1,redjun,relser1,rinkin1,rivwar1,roahaw,rubthr1,rufcac2,rufcas2,rufgna3,rufhor2,rufnig1,ruftho1,ruftof1,rumfly1,ruther1,rutjac1,sabspa1,saffin,saytan1,scadov1,schpar1,scther1,shcfly1,shshaw,shtnig1,sibtan2,smbani,smbtin1,sobcac1,sobtyr1,socfly1,sofspi1,souant1,soulap1,souscr1,spbant3,spispi1,sptnig1,squcuc1,stbwoo2,strcuc1,strher2,strowl1,swthum1,swtman1,tattin1,thlwre1,toctou1,trokin,trsowl,undtin1,varant1,watjac1,wesfie1,wfwduc1,whbant2,whbwar2,whiwoo1,whlspi1,whnjay1,whtdov,whwpic1,y00678,yebcar,yebela1,yecmac,yecpar,yehcar1,yeofly1
BC2026_Train_0001_S08_20250606_030007_5,0.1870186,0.11955515,0.07688985,0.305393,0.0034578685,0.21863538,0.05006521,0.13169374,0.0498285,0.074991666,0.24694754,0.056419782,0.06976376,0.00084373564,0.0016238996,0.19011107,0.09539685,0.023229312,0.34283262,0.17421712,0.20576398,0.073833786,0.17570165,0.09848766,0.28453326,0.0068694213,0.08494362,0.268003,0.09483528,0.23410842,0.15176582,0.05665291,0.11857849,0.12643959,0.053466313,0.09225247,0.12717901,0.10252056,0.06629334,0.22057113,0.12504028,0.047943793,0.28754237,0.09617008,0.09966098,0.10940758,0.29336798,0.072105445,0.052896,0.08667362,0.332126,0.30013385,0.3270393,0.12100594,0.37297493,0.001187229,0.08271538,0.21617515,0.014912635,0.22359686,0.41956192,0.031388946,0.22301275,0.47320026,0.21463421,0.045583516,0.1728863,0.051248867,0.014793869,0.13757148,0.027437802,0.02424608,0.1930761,0.17291492,0.25795305,0.20118423,0.21071245,0.28899926,0.23553997,0.23423794,0.25346833,0.15688062,0.26826346,0.14324726,0.23826563,0.2672634,0.2415956,0.28877744,0.22806509,0.21060623,0.2917153,0.26155603,0.19499622,0.16645016,0.20800297,0.22901104,0.27438438,0.3471548,0.28213972,0.27898654,0.19771793,0.15289286,0.29065704,0.32164198,0.3001324,0.2798967,0.23650612,0.18650101,0.28234553,0.26430848,0.2404567,0.29614323,0.21502545,0.26953128,0.23469564,0.29896456,0.20537788,0.23563369,0.14744672,0.28052655,0.24180643,0.28910965,0.2901094,0.28294525,0.2884388,0.23848902,0.28375533,0.20939572,0.21469033,0.18397838,0.16985856,0.2893959,0.22681692,0.24509601,0.2846956,0.2109132,0.26550913,0.2907869,0.26211575,0.26008037,0.12516963,0.16992953,0.25501677,0.253729,0.23094445,0.28524366,0.27732593,0.10733718,0.23859262,0.28919765,0.22935705,0.2758389,0.27241462,0.22968441,0.21024066,0.19416314,0.17281877,0.16819708,0.234283,0.21944526,0.15671667,0.26873717,0.24551365,0.2741998,0.24437504,0.27991652,0.2093118,0.2343187,0.20511775,0.29597658,0.2836128,0.06501903,0.2643318,0.25786725,0.27814206,0.29338345,0.19495192,0.23259315,0.24666356,0.28211284,0.28960365,0.13116154,0.20423844,0.23597628,0.18252026,0.16757493,0.07563724,0.24745946,0.26337865,0.27803087,0.2597147,0.27934822,0.22036076,0.2866745,0.27142859,0.26485726,0.2779403,0.26266086,0.27852535,0.19512326,0.23901956,0.22442092,0.22005072,0.29271773,0.26935792,0.29728687,0.2595203,0.2989224,0.21681117,0.24714456,0.2614587,0.28608882,0.22577868,0.25767466,0.30325928,0.3302843,0.21948032,0.25815022,0.25605068,0.21353301,0.18935223,0.20846644,0.22105616,0.18024655,0.12522428,0.4007988,0.21094929,0.23745136,0.16626495,0.28952178,0.13727298,0.16471207,0.24500208,0.28616694
BC2026_Train_0001_S08_20250606_030007_10,0.20236906,0.111890376,0.057353154,0.31110653,0.0027929135,0.22676346,0.04134696,0.1370818,0.045159727,0.07531188,0.27444315,0.040159162,0.07051204,0.0007908409,0.0015366215,0.18443206,0.04211447,0.025474478,0.30866876,0.15598026,0.20242456,0.0703909,0.16824257,0.13457245,0.28198883,0.0063757068,0.07907979,0.27281302,0.07403127,0.24751152,0.15622546,0.050165426,0.112385415,0.121303335,0.04783102,0.085836574,0.11787019,0.09619936,0.06047832,0.22178276,0.12215736,0.044107787,0.27261472,0.091842175,0.08986585,0.10051557,0.2911889,0.067203864,0.048502706,0.07754509,0.32636878,0.31228617,0.3343234,0.12080387,0.37495357,0.0012378976,0.071933374,0.22154197,0.0123995,0.23356566,0.4556423,0.035785455,0.2268748,0.43488795,0.20227668,0.045320038,0.17621945,0.04495546,0.015774077,0.13316242,0.02571156,0.030985033,0.23547025,0.18412732,0.2681793,0.19008738,0.23097125,0.27030766,0.26462215,0.25912958,0.2333551,0.14371522,0.27437642,0.13447508,0.20726115,0.27583784,0.28550288,0.26303434,0.27887592,0.20687625,0.2881632,0.26552984,0.24723753,0.17014137,0.26537013,0.2672101,0.19170827,0.3297736,0.22123188,0.19195375,0.17744508,0.12984768,0.2941086,0.32160753,0.3002085,0.22117624,0.2131519,0.19486469,0.21809262,0.26732448,0.22169836,0.2984286,0.21424332,0.2825907,0.16019091,0.28118402,0.2556407,0.26331714,0.18045019,0.27352968,0.25007507,0.27955973,0.24994072,0.2752932,0.2960796,0.23219728,0.24928372,0.23104909,0.22374442,0.21997137,0.18413629,0.2872636,0.24753097,0.23771742,0.26010522,0.14595892,0.25717387,0.28528598,0.24786943,0.2489712,0.0991154,0.18394469,0.24411191,0.2259252,0.2310781,0.23595333,0.2846859,0.08790535,0.27264866,0.25977284,0.17624886,0.22146681,0.21136491,0.27677009,0.2103619,0.21090844,0.18862493,0.16894746,0.24389882,0.22484724,0.14504567,0.24622564,0.21776192,0.2905702,0.23743053,0.30197093,0.19704844,0.22181225,0.1815122,0.2973355,0.24745493,0.048331663,0.2667044,0.24929051,0.20218816,0.29176137,0.1743552,0.25946286,0.24917988,0.28459445,0.28616187,0.113361016,0.25378898,0.17970888,0.1786516,0.13485363,0.0524169,0.2732516,0.29033345,0.28904316,0.25118285,0.27497292,0.25085694,0.2778606,0.27360612,0.23485991,0.19946375,0.28699657,0.24758027,0.22115836,0.2881775,0.16799001,0.19718014,0.26480272,0.25478604,0.2994994,0.2680123,0.29901162,0.15228488,0.24070635,0.26703236,0.27048987,0.1969586,0.24919444,0.3031804,0.33053523,0.2433039,0.26131842,0.2535854,0.21354319,0.15562664,0.20057377,0.14788423,0.16663682,0.15409465,0.39069614,0.25930008,0.2571478,0.09081623,0.26253888,0.14195415,0.15074645,0.26626512,0.28391984
BC2026_Train_0001_S08_20250606_030007_15,0.19571806,0.117974535,0.06266916,0.30258152,0.0028007706,0.21435499,0.044595655,0.11686218,0.045953967,0.07465753,0.23619366,0.042624906,0.061471283,0.00077480834,0.0015628112,0.19571573,0.08561705,0.024476008,0.3298658,0.16437796,0.21633379,0.07115675,0.22376747,0.09720042,0.28743476,0.007435493,0.0981988,0.26225734,0.07647493,0.2613481,0.16596936,0.05235387,0.11238585,0.12003152,0.049742058,0.09111075,0.12650841,0.100945234,0.06239788,0.22394466,0.1251572,0.04438781,0.28643706,0.09795149,0.088265166,0.102200046,0.29366335,0.06533481,0.04941254,0.08213128,0.33556077,0.32459405,0.34552848,0.11686498,0.37593794,0.0011991553,0.074876375,0.21753773,0.011104772,0.24887861,0.48113793,0.03365736,0.24107216,0.47197986,0.20940992,0.04203631,0.20168376,0.04972318,0.0250903,0.12549429,0.024727423,0.045294426,0.18245082,0.19059439,0.2624404,0.2577223,0.22138198,0.28257865,0.26893488,0.22301283,0.22561185,0.1373823,0.28121752,0.1265939,0.21313569,0.27653667,0.26516268,0.28214073,0.21917963,0.19835879,0.28352123,0.262865,0.20113651,0.2603372,0.18494545,0.25534332,0.21739234,0.3091858,0.2505807,0.20960453,0.20518534,0.17250153,0.28890556,0.32073826,0.3002981,0.25734803,0.23392825,0.18624945,0.23677143,0.25887346,0.2809554,0.2978145,0.18399127,0.27439606,0.18918175,0.29411554,0.23017171,0.23087043,0.22033325,0.29040897,0.25774643,0.28776672,0.25556248,0.27307028,0.29625335,0.24215002,0.27148515,0.22822024,0.23748931,0.26650566,0.16305391,0.28927854,0.19401918,0.23741408,0.2730075,0.24178334,0.2800985,0.28798622,0.24311842,0.28321543,0.11522614,0.19456619,0.23994607,0.24645059,0.2358552,0.2679965,0.27147362,0.11106063,0.26673925,0.2533959,0.1427286,0.22807541,0.1980662,0.24413109,0.21886945,0.18455666,0.1705631,0.17728582,0.2528939,0.19570242,0.17405158,0.26363754,0.24642569,0.28407192,0.2427353,0.30421042,0.26120162,0.21092737,0.23806705,0.2965998,0.28516147,0.05902647,0.27865428,0.27987126,0.2188901,0.2892996,0.19399855,0.28893685,0.23183618,0.2871069,0.28687882,0.124593124,0.20055534,0.21774958,0.21780707,0.20563264,0.04862609,0.24977882,0.25342304,0.28600544,0.23593198,0.26492187,0.22135888,0.28202078,0.23258305,0.23410235,0.15764602,0.28856897,0.2479527,0.24206977,0.27296162,0.1811538,0.23359519,0.29257178,0.25778678,0.2990021,0.27695101,0.29882008,0.1852158,0.27785555,0.26509672,0.27039844,0.2232644,0.26833948,0.3028545,0.32856786,0.2764246,0.2766414,0.25137636,0.24234962,0.1739198,0.20874579,0.17560993,0.10844047,0.16527873,0.39591765,0.23584642,0.26150647,0.11182827,0.28320688,0.14720915,0.16680628,0.25664133,0.26167002
BC2026_Train_0001_S08_20250606_030007_20,0.22402099,0.118783996,0.074386895,0.30980313,0.002764681,0.22924274,0.049117982,0.14184955,0.049142882,0.077016264,0.24122725,0.056783076,0.07095598,0.00077842805,0.0015535494,0.1877549,0.12417259,0.019855697,0.3438815,0.26591247,0.2451278,0.0717977,0.18838723,0.10541022,0.30943614,0.008439937,0.084642366,0.28092304,0.081120856,0.25369313,0.1724431,0.0538053,0.117468774,0.12603034,0.054089762,0.09018985,0.13007376,0.11162907,0.06270879,0.22123632,0.123113796,0.0470244,0.2803007,0.09887805,0.09815643,0.11037432,0.3009935,0.0725327,0.059419952,0.08712272,0.3238038,0.30328375,0.33033624,0.1197771,0.37190914,0.0012186252,0.072934,0.21753049,0.012917195,0.23660901,0.45835453,0.033647314,0.2758091,0.49015963,0.21884826,0.045371726,0.19896208,0.07192032,0.016204137,0.13934453,0.027401367,0.024348434,0.17787878,0.2741243,0.28345335,0.20259356,0.20905504,0.28183824,0.25045764,0.23631406,0.22690053,0.16377574,0.2857751,0.14207081,0.24061263,0.26391804,0.27836153,0.2567464,0.2551042,0.24203348,0.27069032,0.28532705,0.21768096,0.27258316,0.24517864,0.25917706,0.19186026,0.3582456,0.2590534,0.2204096,0.15570521,0.1667231,0.28690395,0.32332644,0.30022678,0.21756838,0.24608894,0.2104962,0.2490136,0.25381035,0.2242501,0.29695857,0.23679025,0.2806584,0.19825333,0.2916853,0.21313384,0.23375723,0.16555838,0.26756993,0.27369323,0.27978453,0.263861,0.28862685,0.29712567,0.2283789,0.256537,0.21486863,0.20966735,0.181216,0.21868542,0.28640372,0.23234332,0.23961785,0.26796648,0.20657627,0.27597347,0.27304256,0.26891285,0.35867643,0.11362289,0.20445421,0.24996682,0.2562521,0.24562536,0.28298193,0.2866441,0.10621622,0.25511706,0.23956905,0.19826716,0.21389228,0.25040856,0.25803497,0.21455075,0.20579422,0.14605638,0.17945471,0.25854352,0.23335695,0.19785444,0.27027687,0.25397924,0.27777654,0.24657176,0.28448352,0.20562066,0.25983185,0.22657488,0.29746303,0.25082347,0.05789511,0.2551004,0.25314918,0.23150134,0.29656386,0.19894935,0.26737717,0.2522412,0.2877445,0.26739556,0.11919603,0.20071377,0.23709723,0.17361973,0.1956023,0.05276092,0.23503584,0.25199312,0.2924741,0.26288113,0.27766666,0.24304764,0.27854046,0.2503038,0.22023137,0.18489385,0.26686224,0.26591462,0.19759043,0.24278182,0.25487554,0.20882343,0.270341,0.24060878,0.29956168,0.2645474,0.29909682,0.1657474,0.24084136,0.27903897,0.26781505,0.28219286,0.25701374,0.3027263,0.32618752,0.23880497,0.27443272,0.2373023,0.23642898,0.13375846,0.17385432,0.20567077,0.12025469,0.19144835,0.39300525,0.2001379,0.22679922,0.13102293,0.2811625,0.14945486,0.19004104,0.26039982,0.27219597
BC2026_Train_0001_S08_20250606_030007_25,0.23647483,0.11526233,0.062325295,0.28551698,0.0027873688,0.21358646,0.044242214,0.13414328,0.053374205,0.0749463,0.23046781,0.03478188,0.069298066,0.0007652956,0.001514697,0.1950134,0.06212819,0.02125402,0.34885895,0.15549159,0.23900144,0.07207458,0.23903099,0.111252315,0.2825129,0.0067471853,0.08443825,0.27169028,0.07649335,0.25258496,0.1583511,0.04976059,0.11379466,0.11563768,0.046511196,0.08934406,0.12215786,0.09922074,0.06382201,0.22376844,0.124606416,0.04317439,0.2803933,0.09329478,0.08914993,0.1017319,0.29380327,0.06654982,0.048685778,0.08032964,0.3315,0.32053983,0.3327942,0.120065846,0.38223144,0.0011149661,0.07555809,0.2169482,0.012574209,0.2209073,0.40249145,0.032048523,0.26190138,0.45569488,0.2024708,0.04384273,0.14516446,0.057378296,0.01675554,0.16720228,0.02381602,0.022522388,0.22442411,0.1621699,0.26387775,0.21827525,0.2260575,0.2824069,0.22322278,0.25723466,0.20277838,0.11255041,0.27572972,0.14244834,0.24553591,0.28268257,0.2749632,0.24987724,0.27959678,0.20070149,0.28162444,0.28091392,0.2480972,0.16335101,0.17362688,0.23696776,0.17410836,0.3743431,0.20556158,0.22095662,0.15917826,0.14510533,0.29195625,0.3211264,0.3003282,0.22976202,0.26697046,0.15450959,0.21078888,0.26416916,0.250132,0.2969549,0.24754924,0.27450913,0.18680708,0.29126662,0.22507389,0.25185272,0.17031531,0.2716795,0.26119992,0.2895426,0.28806186,0.2643284,0.2975944,0.20179361,0.2622517,0.2396139,0.26228255,0.20345664,0.15173921,0.28416616,0.24694169,0.24805577,0.27637157,0.18436563,0.26045153,0.2886303,0.27744254,0.26010397,0.09406932,0.15865563,0.25465715,0.24337843,0.24057966,0.2502675,0.28279844,0.15775049,0.23874946,0.23810315,0.1981375,0.24171829,0.25229403,0.26481476,0.23040624,0.24662414,0.1860469,0.22069015,0.23466018,0.21100812,0.15839225,0.263001,0.23742491,0.29419965,0.23653029,0.3025808,0.14223394,0.18233648,0.22882274,0.29560456,0.28059974,0.04528787,0.24803549,0.2582342,0.17392263,0.29552403,0.20665973,0.27112615,0.27516958,0.28961223,0.26634395,0.107238434,0.20838866,0.22614342,0.1322802,0.17416044,0.06430617,0.2538786,0.26619413,0.2854557,0.26352185,0.2695896,0.2547411,0.28682354,0.24151692,0.26106,0.14147744,0.28324664,0.26386812,0.22869259,0.2758704,0.19718054,0.21156126,0.28972647,0.277232,0.29931846,0.27221304,0.29953048,0.103541315,0.25737655,0.2665461,0.29110974,0.17088777,0.2718213,0.3034915,0.33212274,0.2275726,0.26521873,0.2559401,0.17556863,0.15344915,0.2072185,0.13023339,0.14687833,0.13802686,0.38938174,0.2198016,0.22893846,0.093537405,0.2809048,0.14409202,0.16869712,0.26644295,0.28815964
BC2026_Train_0001_S08_20250606_030007_30,0.1953582,0.11509262,0.0698693,0.33919495,0.0034773084,0.21487652,0.054108024,0.13882238,0.060148753,0.077968195,0.25973752,0.038277093,0.05937802,0.0007836427,0.0015996532,0.20411296,0.06865389,0.020620419,0.27925524,0.17292511,0.20169452,0.067495294,0.1546126,0.10803193,0.30501407,0.008619376,0.09719426,0.27010223,0.06935629,0.26425326,0.15740538,0.049391925,0.11730324,0.112624384,0.045448367,0.09372601,0.13353793,0.10301237,0.065246396,0.22532888,0.1210682,0.043962847,0.28299546,0.08934866,0.09090716,0.106908105,0.2931845,0.07225531,0.05375486,0.076193646,0.33062893,0.30170694,0.31628618,0.12057109,0.3863297,0.0011426002,0.0795391,0.20277892,0.011762063,0.19907658,0.37280142,0.03375847,0.24016623,0.4413978,0.2005074,0.042206615,0.18424702,0.048064873,0.017633496,0.15286575,0.02307715,0.023872737,0.23349397,0.20478342,0.30751088,0.21551569,0.22053546,0.29506317,0.24597159,0.21648435,0.23595348,0.13064137,0.27866617,0.18018442,0.23494036,0.2832005,0.26527277,0.28849345,0.2669608,0.22642684,0.2790688,0.267265,0.23139043,0.22494522,0.20718141,0.24276736,0.26071215,0.3205222,0.25241295,0.26491567,0.19745056,0.16842565,0.28869292,0.32208955,0.30018908,0.26358983,0.23159656,0.18907675,0.26819178,0.2703486,0.24920721,0.2975605,0.19792885,0.28332984,0.2132244,0.2887713,0.23834555,0.2239507,0.21098652,0.28873578,0.27638534,0.28829148,0.27596632,0.29546034,0.29419544,0.25754377,0.27245718,0.25151134,0.21305208,0.20276853,0.1855082,0.28462175,0.19803849,0.23599063,0.27453357,0.20337543,0.2667324,0.29199472,0.24364823,0.25317702,0.10564848,0.18392484,0.27788183,0.23925725,0.22399585,0.25250158,0.29381147,0.102455065,0.32623863,0.26941538,0.20549919,0.28081974,0.23055334,0.25221816,0.23696472,0.20592079,0.19094738,0.20391688,0.25143978,0.22610264,0.17927465,0.27416927,0.23837294,0.28219724,0.2699221,0.2962721,0.18567677,0.2557183,0.24424297,0.29841122,0.28452936,0.052336834,0.27421397,0.26547033,0.29085392,0.29149276,0.2237624,0.24717887,0.2758411,0.28691885,0.29730558,0.12574895,0.21472462,0.19560409,0.2067308,0.20525122,0.06814131,0.2640279,0.26747712,0.28033304,0.26527324,0.27104875,0.22573318,0.28710407,0.28074574,0.2509644,0.26421666,0.29040074,0.2708128,0.21374623,0.2775906,0.24797839,0.22113478,0.2759305,0.2712766,0.298891,0.27089813,0.2985404,0.17091373,0.2544454,0.266053,0.2821329,0.2573631,0.24743412,0.30225855,0.32747012,0.26481172,0.2598052,0.25768885,0.2305177,0.2551003,0.2095277,0.22520134,0.22253372,0.1298719,0.41909838,0.24840418,0.2523263,0.15861925,0.29343536,0.15619461,0.13649073,0.28019077,0.2882844
BC2026_Train_0001_S08_20250606_030007_35,0.18943787,0.11522225,0.06324655,0.30106378,0.0035015428,0.19777362,0.14115001,0.20089628,0.05994334,0.07610162,0.27959839,0.053765707,0.061250925,0.000780269,0.0016362397,0.19202146,0.07686992,0.023073712,0.2996462,0.1504259,0.23675218,0.070885286,0.19902569,0.10144468,0.27436566,0.008014396,0.09790777,0.2616669,0.06950632,0.26246268,0.14427312,0.049942367,0.10855293,0.122551546,0.05108154,0.08529449,0.11945796,0.09450654,0.059696723,0.22293296,0.12072708,0.04363597,0.2764592,0.09194882,0.086109914,0.10002451,0.28523332,0.06537032,0.049452268,0.0773647,0.32747614,0.30365866,0.33073634,0.11785831,0.36747414,0.0012239472,0.0741287,0.21821456,0.011569254,0.25192526,0.40735883,0.036201134,0.20906238,0.46645236,0.20010109,0.046995465,0.21348533,0.04043305,0.014430576,0.11094021,0.023526002,0.020621525,0.19283624,0.28156224,0.28918177,0.21244611,0.21701847,0.28349066,0.25796327,0.2263084,0.21054831,0.10422385,0.28502083,0.14309059,0.21683061,0.26558688,0.27430624,0.26718187,0.25282025,0.17485861,0.28208548,0.28552112,0.24424264,0.1721558,0.16980562,0.25534055,0.25340652,0.3104308,0.26077548,0.23119822,0.17436549,0.15780686,0.28797206,0.32070884,0.3004226,0.25168443,0.22674671,0.21160114,0.25664404,0.24922745,0.23517296,0.2991636,0.22177304,0.27697042,0.2698531,0.2753715,0.25487253,0.26228222,0.14062029,0.28289327,0.25590697,0.29018405,0.27000123,0.2837352,0.29428166,0.22940555,0.24617279,0.22781657,0.21226446,0.26449233,0.17387746,0.29218268,0.21085072,0.25538546,0.27717403,0.17426226,0.2796364,0.29653025,0.2621668,0.312887,0.11465642,0.20673692,0.27732408,0.23775631,0.29665384,0.24304362,0.2750996,0.09103683,0.23364909,0.2616414,0.23563793,0.22490975,0.2349469,0.2060021,0.23592463,0.22063167,0.17839736,0.21064208,0.2314132,0.20435704,0.21448556,0.27242866,0.22747971,0.28426448,0.2333752,0.2740393,0.18689539,0.21858023,0.21525344,0.2947148,0.2607864,0.04615189,0.2562217,0.2513853,0.21900779,0.29383662,0.20058699,0.2629955,0.2585301,0.28289026,0.27914745,0.1449279,0.21491772,0.23615292,0.16480005,0.15864515,0.046832923,0.24422847,0.22794075,0.2914994,0.27320862,0.2744886,0.25267953,0.28196624,0.25885028,0.2610599,0.18948245,0.27306503,0.2551599,0.22736189,0.25315943,0.19613658,0.23013684,0.2701679,0.23992708,0.29872966,0.28411803,0.29946202,0.119694255,0.24523446,0.25808555,0.2764409,0.24551634,0.26839942,0.30330297,0.33277255,0.22204106,0.25834587,0.23132217,0.19363678,0.12907931,0.23001283,0.20554267,0.1025275,0.1419973,0.3910533,0.22990699,0.27386653,0.10437939,0.28674,0.22196034,0.14266658,0.27994657,0.2898222
BC2026_Train_0001_S08_20250606_030007_40,0.20372957,0.110118106,0.06021039,0.31260836,0.0035532685,0.2430631,0.04626129,0.116341814,0.048951704,0.07638856,0.24621665,0.038396753,0.053327158,0.0007781255,0.001592831,0.19031516,0.094549775,0.025337804,0.32453585,0.16301908,0.23409578,0.073440544,0.18840942,0.08554699,0.30532187,0.007492437,0.08175017,0.26866636,0.076446384,0.24412437,0.14487532,0.050918937,0.10907479,0.12398668,0.048229318,0.08293885,0.113368556,0.095270015,0.057930063,0.21912606,0.12044884,0.043200575,0.2766145,0.09122285,0.08722301,0.10056315,0.28520757,0.06292163,0.046988435,0.07895968,0.3144125,0.29324412,0.335141,0.11975789,0.36229262,0.0012368794,0.07247965,0.22506832,0.0125848185,0.20997445,0.41267025,0.033813167,0.25181124,0.46890712,0.21704018,0.044458278,0.15238461,0.04862209,0.014431593,0.14193633,0.024334325,0.024402943,0.18302289,0.18096733,0.25104392,0.21208525,0.22424702,0.2690967,0.27532026,0.22108546,0.23477013,0.14003599,0.2759299,0.17387731,0.21910071,0.266949,0.24503195,0.26306185,0.24765591,0.16595992,0.27857783,0.2575688,0.21168199,0.16472751,0.22094955,0.23390788,0.20000567,0.34626687,0.24865746,0.16848823,0.16539393,0.14819875,0.28646815,0.32159957,0.30010748,0.22770004,0.20609275,0.23319751,0.23200546,0.2390562,0.20348941,0.29751116,0.20665981,0.2719522,0.18661176,0.27873045,0.2280821,0.22678715,0.15583119,0.25914553,0.22645572,0.27672142,0.23378424,0.28093868,0.2930837,0.23840235,0.2592587,0.2272569,0.17776518,0.18297186,0.14673491,0.29120034,0.20050871,0.23692232,0.27603498,0.17964032,0.25672883,0.27475718,0.23141114,0.22671033,0.12725195,0.15950313,0.2257376,0.24436684,0.2107986,0.22589102,0.27445734,0.115832746,0.2708306,0.2644424,0.17239754,0.18886092,0.23997173,0.28240314,0.22772706,0.20012745,0.15739977,0.16092375,0.2008114,0.20072336,0.19666216,0.233181,0.22864191,0.271154,0.24119638,0.29041067,0.19985355,0.21406916,0.19801989,0.29619613,0.2638601,0.047014892,0.23193271,0.2545801,0.24320273,0.28825223,0.17964534,0.22741272,0.25676024,0.28082404,0.28464115,0.100874744,0.2000465,0.20116979,0.12348914,0.15395948,0.046365194,0.21893856,0.2649827,0.2840557,0.23627052,0.27595636,0.2108105,0.2694914,0.2256723,0.25391528,0.18326725,0.26938325,0.23539215,0.210716,0.24915607,0.1630283,0.22549877,0.2674381,0.22516012,0.29976588,0.24097365,0.29910728,0.16889544,0.24047844,0.22065301,0.25614777,0.22852673,0.2819586,0.3033632,0.32812822,0.21127528,0.25885302,0.21644525,0.22149545,0.13794607,0.18494743,0.16514532,0.13224486,0.10748479,0.3908735,0.20941563,0.23279224,0.07816223,0.24763212,0.15020202,0.16062778,0.26239657,0.25917026
BC2026_Train_0001_S08_20250606_030007_45,0.22802298,0.13140687,0.08119202,0.3212321,0.0031553623,0.19800533,0.047634482,0.15699807,0.056401305,0.07901712,0.22319753,0.0450921,0.07735142,0.0007339897,0.001610165,0.20459746,0.08442025,0.025109202,0.33099174,0.18807176,0.20327273,0.06874757,0.22511901,0.107359976,0.3045216,0.008072838,0.078139715,0.26013148,0.06997078,0.27452672,0.17549428,0.053803187,0.12598024,0.11828883,0.050687544,0.100229934,0.13701336,0.10335145,0.0732164,0.23292923,0.12180165,0.05151573,0.2843201,0.09192192,0.10209177,0.10144051,0.28392103,0.074990965,0.054216076,0.08323677,0.33011335,0.3230949,0.3213577,0.12757431,0.38565072,0.0012140408,0.08231666,0.21888883,0.012415171,0.26987556,0.3772732,0.03536255,0.25420526,0.48592868,0.24685761,0.04890813,0.15669763,0.03919508,0.014565702,0.16258301,0.026837368,0.02773895,0.23675478,0.22984476,0.2728032,0.19325072,0.19767743,0.29161596,0.21103047,0.22063357,0.19260563,0.1348623,0.29019794,0.08539812,0.2699281,0.2842898,0.28062415,0.2606515,0.25199825,0.1848805,0.28376266,0.2681429,0.17742012,0.2141294,0.23310643,0.22218186,0.20742914,0.3320335,0.22618975,0.2146746,0.2504955,0.14455833,0.29025218,0.32391915,0.30026865,0.23613076,0.26742828,0.16324699,0.25153714,0.27116373,0.28893438,0.29602885,0.26104903,0.27239552,0.16176471,0.30422392,0.24861741,0.22541028,0.21586917,0.27370214,0.2986388,0.28975493,0.29163396,0.26567605,0.29465637,0.21051335,0.21387415,0.24413179,0.23904957,0.21864693,0.19478598,0.29036155,0.19320899,0.25234747,0.2777956,0.23937957,0.30021518,0.28619486,0.26417175,0.27066582,0.13342294,0.17821446,0.24531008,0.2443256,0.29632628,0.2365261,0.29594964,0.23625469,0.26397768,0.24738504,0.22690485,0.2544805,0.22254547,0.28582734,0.24447338,0.28608042,0.20336467,0.2668281,0.20843579,0.2560069,0.15709198,0.28051603,0.19481274,0.29679364,0.2583507,0.28437582,0.13188085,0.27161774,0.27475834,0.29722995,0.2867701,0.060332365,0.24819025,0.26208988,0.218929,0.2880412,0.24616349,0.26907533,0.29016164,0.27900776,0.2879339,0.123697415,0.249131,0.21072167,0.23607817,0.16340679,0.07282466,0.27575657,0.25987998,0.2767478,0.25843218,0.29026732,0.2512377,0.2846752,0.25766847,0.25443023,0.18950649,0.26283064,0.2550074,0.15126789,0.2744984,0.2290375,0.1765764,0.28322306,0.2731329,0.2998172,0.27483642,0.29854202,0.1413946,0.23598686,0.2503613,0.28998637,0.18997444,0.25429976,0.30253565,0.33223876,0.26151973,0.26971722,0.2656662,0.20983393,0.16100158,0.21454704,0.14132798,0.17600518,0.1556846,0.39694643,0.23854126,0.27784377,0.110951684,0.27727842,0.14166516,0.15290922,0.27280048,0.2853123
BC2026_Train_0001_S08_20250606_030007_50,0.20014374,0.11364229,0.05405975,0.31289718,0.00279763,0.22217672,0.061704468,0.13102919,0.06075958,0.07790053,0.23801273,0.0395976,0.069163024,0.00075050176,0.0015706976,0.18931061,0.09806343,0.019154243,0.31426704,0.13508137,0.19080083,0.07224404,0.15202908,0.10419964,0.29442143,0.007337177,0.07974057,0.26119658,0.068221144,0.25996,0.15947507,0.050377034,0.11723425,0.10785536,0.04501012,0.09292242,0.1224751,0.095429614,0.06570459,0.22166085,0.12086482,0.04345008,0.28370613,0.090870544,0.08948679,0.103055194,0.29096928,0.06508686,0.04844367,0.07831151,0.33083493,0.31625992,0.3239809,0.11962436,0.38927987,0.0012276619,0.07525745,0.20872027,0.010652018,0.21176721,0.345932,0.036854915,0.22542468,0.4734825,0.1847729,0.045800053,0.13293156,0.041501213,0.016665015,0.13939849,0.022931999,0.022095352,0.19964266,0.27058738,0.30015004,0.2362437,0.24336746,0.27450764,0.22483575,0.22082908,0.23283407,0.110665955,0.28135696,0.119962655,0.22294028,0.2785355,0.2393498,0.27186987,0.2747785,0.17709528,0.2769808,0.27500203,0.21184194,0.19674489,0.1845882,0.2695419,0.23946398,0.3208582,0.2286006,0.2560724,0.18930098,0.14659052,0.29418844,0.32340732,0.30038416,0.25394398,0.22561942,0.18366766,0.22236037,0.25600192,0.25568217,0.29826808,0.18548438,0.27632463,0.2167297,0.28445733,0.21125512,0.23292997,0.17950971,0.28132576,0.28372645,0.2877837,0.27873918,0.27659976,0.29668197,0.23155592,0.2724735,0.23714912,0.22243167,0.25464416,0.19970681,0.2891671,0.21991427,0.23839937,0.27286643,0.15084954,0.28220272,0.2947171,0.2572309,0.27945316,0.115651004,0.18555163,0.25971422,0.24198084,0.27634144,0.22810416,0.282244,0.11444272,0.24781995,0.27329105,0.20811589,0.26266062,0.22163622,0.23291257,0.24116601,0.22177142,0.18196681,0.2135963,0.2544309,0.20502016,0.14180996,0.25017017,0.24814142,0.28740516,0.24665101,0.30376774,0.20291707,0.21507429,0.22268942,0.296691,0.27805153,0.04418345,0.2630879,0.27230096,0.21678501,0.2933428,0.19492564,0.25954857,0.265913,0.28378153,0.2674488,0.14301819,0.21376058,0.21603556,0.20105572,0.18601538,0.064438164,0.22443525,0.25210217,0.2887479,0.22064953,0.27866173,0.2463417,0.29112026,0.26031438,0.2639221,0.2154865,0.27986547,0.2465652,0.22522315,0.26384264,0.23595296,0.22344811,0.28082836,0.2615418,0.29737285,0.26646674,0.29902261,0.13296926,0.25224236,0.2432777,0.28788877,0.16496663,0.27380955,0.30337626,0.32767302,0.23669538,0.2792997,0.23259847,0.20054777,0.18434143,0.17232023,0.1492888,0.13632873,0.14625017,0.3936165,0.20377465,0.2384336,0.10448039,0.27331436,0.16608128,0.1791241,0.2674141,0.29467297
BC2026_Train_0001_S08_20250606_030007_55,0.2336387,0.106082246,0.06438519,0.30562255,0.0030097065,0.2262762,0.049057025,0.16036353,0.047737416,0.07664797,0.24088997,0.041575976,0.06741171,0.00078661623,0.0016546745,0.19461882,0.07724863,0.021579674,0.29710674,0.13167611,0.23284653,0.070914954,0.16381326,0.09025733,0.29898542,0.007687314,0.08871597,0.26610002,0.10043818,0.24897102,0.148114,0.04686912,0.112461075,0.10776025,0.042897083,0.09057428,0.12094841,0.09537697,0.061930113,0.22489595,0.115806855,0.04065925,0.2796437,0.08709307,0.085891396,0.09986204,0.2906286,0.063466586,0.047390096,0.076545864,0.32996202,0.30365127,0.31929547,0.114120185,0.38741916,0.0012420453,0.07643481,0.21088162,0.012732292,0.20686366,0.36290658,0.0370719,0.18645895,0.456525,0.15248732,0.046048827,0.13112411,0.045198705,0.018904202,0.15445055,0.020843305,0.02560729,0.21358295,0.20802484,0.25455725,0.1787301,0.23201084,0.2730615,0.2500107,0.22490835,0.21593986,0.13189742,0.2773678,0.14514953,0.20882095,0.2776018,0.24468717,0.2668344,0.26620892,0.18329549,0.27443725,0.28042826,0.21135154,0.17179766,0.15600601,0.27981663,0.24598938,0.3062012,0.28159624,0.2097509,0.19123593,0.13364848,0.28922796,0.32186204,0.30008677,0.2375314,0.2713246,0.2539084,0.26709774,0.26145154,0.26743752,0.2986996,0.25430784,0.28197697,0.19328989,0.2813799,0.24140958,0.2322436,0.18402158,0.28279272,0.21082638,0.28054702,0.27203706,0.29064125,0.29353684,0.24062446,0.26871908,0.23844275,0.2002893,0.18784602,0.17408125,0.29155135,0.19874072,0.26782665,0.2865953,0.18357092,0.2346158,0.28499967,0.24742107,0.24809784,0.09661886,0.18888533,0.25009638,0.24802348,0.21750313,0.2527101,0.2835413,0.13606514,0.23396811,0.26251438,0.21283387,0.21520643,0.20576806,0.27814636,0.22060956,0.24188553,0.16271532,0.20430398,0.2288161,0.19756928,0.13780501,0.25291926,0.23606808,0.28187123,0.25610065,0.2716358,0.18558197,0.23171501,0.2519835,0.29683423,0.29019454,0.046997033,0.24422464,0.26481873,0.24193552,0.2952033,0.22065248,0.2596715,0.2718386,0.28183946,0.27943012,0.13551787,0.20212811,0.21845473,0.14485486,0.18379143,0.07871664,0.26782405,0.24670199,0.2867012,0.25713414,0.28282723,0.24070306,0.2745006,0.23292308,0.25772834,0.19952258,0.2799006,0.2581313,0.22309314,0.27097628,0.16131745,0.22941749,0.2910662,0.2550341,0.29989517,0.2714859,0.2992969,0.16246755,0.23306389,0.24219176,0.27223086,0.20832925,0.28275692,0.303473,0.33439398,0.23340368,0.25802204,0.21668911,0.19497824,0.14940071,0.24752516,0.1937185,0.095342696,0.11245518,0.40610188,0.2246778,0.24412112,0.095058165,0.27231047,0.1756364,0.15856929,0.2542849,0.29197964
BC2026_Train_0001_S08_20250606_030007_60,0.2322833,0.13426046,0.17576346,0.28082108,0.0035476482,0.27409026,0.05370004,0.13859363,0.04825668,0.075052306,0.2504319,0.21843745,0.07257921,0.00082904706,0.0016768773,0.19880608,0.080484696,0.02711682,0.36425644,0.17706752,0.23576368,0.077186465,0.19249338,0.17036544,0.31305745,0.009144051,0.09637448,0.29460034,0.22266859,0.31166005,0.17364216,0.05808301,0.12433837,0.11398713,0.06061391,0.09030321,0.121742845,0.09429073,0.05876124,0.2228398,0.12504956,0.04810121,0.27730292,0.093826056,0.094317414,0.11026402,0.27415338,0.07503029,0.05105524,0.0813842,0.30876595,0.30230194,0.29795274,0.12157706,0.35866484,0.0012771337,0.07215904,0.21793316,0.022949101,0.22441922,0.4063183,0.03962133,0.1961923,0.5143335,0.19947761,0.045471914,0.1734735,0.053786717,0.017364467,0.19890611,0.029462267,0.039184183,0.23020464,0.2037989,0.28938904,0.18692788,0.19501835,0.29287848,0.25501847,0.22423244,0.194837,0.12617165,0.2863454,0.1263855,0.22515866,0.25698134,0.29480806,0.25459066,0.26960844,0.15818313,0.2770931,0.29703432,0.16456342,0.18398795,0.20266825,0.21893725,0.25342852,0.29881638,0.21999599,0.1766722,0.20990157,0.13805547,0.2825072,0.325362,0.30051854,0.23510185,0.23542939,0.17084543,0.190039,0.23253377,0.21392159,0.2959386,0.19825213,0.2575192,0.19349281,0.28515142,0.24470416,0.23183183,0.20858929,0.26336154,0.2997577,0.28670964,0.25211653,0.27603465,0.29667875,0.2739544,0.2697142,0.24013242,0.22903022,0.26093572,0.2872968,0.28878635,0.20160721,0.21458901,0.22312453,0.20734884,0.28039396,0.276953,0.26931864,0.28689843,0.1145086,0.19512498,0.23672709,0.22673944,0.2831568,0.2736578,0.28049743,0.096507974,0.23957095,0.22909772,0.18266737,0.24137598,0.25118706,0.2174946,0.2337638,0.20071015,0.19054922,0.17684928,0.19661038,0.2592615,0.22609755,0.26710773,0.17366162,0.25254187,0.24801598,0.28324196,0.20959625,0.20639822,0.20919809,0.29717714,0.28171,0.05028683,0.20738536,0.26071525,0.22063895,0.29850814,0.22584109,0.26040968,0.21697806,0.30032006,0.24517572,0.1202649,0.22504917,0.21096604,0.18050581,0.09345709,0.0750256,0.24414074,0.23032464,0.2854843,0.23756301,0.28296334,0.2748597,0.27304333,0.2690894,0.24327755,0.21240841,0.27835608,0.25883287,0.17840025,0.22915377,0.16044055,0.20996198,0.27092987,0.22096232,0.29714143,0.28422403,0.29918644,0.14960963,0.2504478,0.26789218,0.27533734,0.23710693,0.24493618,0.3024246,0.3272116,0.18822916,0.256302,0.1817573,0.19515184,0.18239722,0.1847903,0.19115438,0.12693149,0.15227959,0.38355327,0.1952369,0.26367393,0.122976564,0.27947462,0.14570424,0.20746209,0.24165939,0.26931685
BC2026_Train_0002_S08_20250607_030007_5,0.18980695,0.13365512,0.0804297,0.3664428,0.002767474,0.22398683,0.05162987,0.13695166,0.03628774,0.07550281,0.26734626,0.060851358,0.050208688,0.0007563549,0.0017279927,0.18914989,0.16517855,0.019710653,0.37176055,0.102868095,0.16119102,0.0701241,0.1529295,0.12849933,0.29272255,0.011505824,0.09049242,0.23806857,0.070864685,0.2806798,0.21238057,0.05644049,0.11472714,0.09246595,0.04694779,0.10101484,0.14588693,0.098117314,0.06252889,0.18534791,0.12503608,0.045990527,0.28005522,0.0798636,0.083359756,0.08760073,0.23515634,0.07871002,0.048524406,0.091040075,0.28088364,0.31336716,0.3003429,0.10349591,0.38338032,0.0011886696,0.06745329,0.18028356,0.013883796,0.1977521,0.32596678,0.03315054,0.2199095,0.51695025,0.120137766,0.0438272,0.12178395,0.0284189,0.011989829,0.16408192,0.019086208,0.022703782,0.1601812,0.22212029,0.19582583,0.20990033,0.21774909,0.28632793,0.17918167,0.21398585,0.20801792,0.13194206,0.27882975,0.11702496,0.20141003,0.27264425,0.2673715,0.2746022,0.2520516,0.20865807,0.26970872,0.23609452,0.16762398,0.1712231,0.17707202,0.25266254,0.21641819,0.37291974,0.2405931,0.2539752,0.22297731,0.1705802,0.2851785,0.34527826,0.30224168,0.22677585,0.22743969,0.115213454,0.24033006,0.24711089,0.25952232,0.2958521,0.205332,0.261103,0.23900531,0.27966923,0.22688822,0.2528144,0.16741703,0.28144348,0.27811506,0.2852801,0.28585863,0.26982492,0.29044932,0.20759319,0.2282226,0.19591059,0.17047028,0.22363254,0.19020042,0.28763682,0.16845618,0.22389445,0.23513621,0.16958371,0.29860008,0.28410316,0.2766602,0.3588568,0.0866651,0.20502037,0.2529905,0.22284093,0.2547841,0.17456377,0.28130403,0.11486704,0.28969276,0.22807986,0.18740463,0.18750627,0.20732571,0.206123,0.19875692,0.23793273,0.1483067,0.19173133,0.23925051,0.24058287,0.20879546,0.26616955,0.19382696,0.28021815,0.2445499,0.28515527,0.18476464,0.17231977,0.2539294,0.29674256,0.24311745,0.091774724,0.25263733,0.26876843,0.25351533,0.26372445,0.2618719,0.25305122,0.24960095,0.29219797,0.28093585,0.11044806,0.24275629,0.19389826,0.15099493,0.1743586,0.109870516,0.28217182,0.23709977,0.2817959,0.25212967,0.2594959,0.17833973,0.28913403,0.2656111,0.2431725,0.23478754,0.27048293,0.24343783,0.21926613,0.2742213,0.21925826,0.20593841,0.28498948,0.2669725,0.28414783,0.27967426,0.2990981,0.113006145,0.2557941,0.26103452,0.24522094,0.20427732,0.27457577,0.32179594,0.3695593,0.23094948,0.27139533,0.26174843,0.21946399,0.22406319,0.27402955,0.22876179,0.12761235,0.1926169,0.42447674,0.23011702,0.20571618,0.1158787,0.25882003,0.1639625,0.15021205,0.23648982,0.29802856
BC2026_Train_0002_S08_20250607_030007_10,0.22147122,0.13620213,0.13450761,0.3043478,0.0030395011,0.23919955,0.05251419,0.13670343,0.037270144,0.07757046,0.27941924,0.13395038,0.048766434,0.0007930797,0.0016667005,0.19014394,0.1566443,0.028441539,0.315482,0.12929076,0.21543849,0.067079976,0.18538895,0.11280054,0.28729352,0.010272756,0.10241966,0.27095973,0.12450501,0.2867228,0.22109866,0.06217709,0.12756729,0.10037235,0.054303527,0.102574155,0.13921714,0.10124169,0.07024383,0.19234636,0.13603406,0.05044914,0.28689092,0.08249836,0.09118184,0.10125222,0.24298897,0.080590576,0.053225387,0.097258344,0.2889071,0.31156987,0.30523065,0.110291265,0.39934558,0.0011261227,0.06904548,0.1873441,0.015828284,0.21163589,0.3722558,0.03779889,0.17911136,0.53799224,0.113357246,0.033429403,0.22958137,0.025744013,0.011730111,0.19531204,0.021145925,0.026953127,0.19783184,0.19778498,0.322754,0.22383237,0.20387803,0.2644835,0.17265305,0.23940432,0.22299944,0.117304415,0.28540096,0.1053853,0.22893354,0.28645167,0.25851414,0.25358385,0.23472345,0.1712644,0.24345322,0.24567758,0.18986502,0.18849611,0.19911048,0.2575383,0.18311842,0.3552088,0.2398936,0.22878875,0.22669262,0.16203043,0.28210673,0.34702268,0.30216295,0.20492104,0.23754613,0.13728759,0.19686435,0.2484504,0.24602643,0.29626495,0.13706577,0.26510453,0.21207704,0.27444953,0.22554858,0.23061718,0.24587621,0.2796017,0.26328483,0.27180418,0.2884503,0.2940412,0.29141062,0.22157319,0.24486138,0.26000333,0.19112359,0.22229365,0.19809908,0.28954297,0.17893934,0.22505757,0.24183217,0.19303802,0.24899513,0.2849481,0.22756189,0.2979461,0.11622275,0.18259528,0.2567362,0.24963768,0.24926607,0.17591672,0.28637514,0.13214368,0.33725196,0.25875548,0.20249744,0.21366745,0.21668029,0.20618223,0.2131091,0.18626088,0.15959796,0.24374357,0.21954744,0.21892709,0.17357367,0.25881562,0.19476658,0.2818727,0.257152,0.29923096,0.1595976,0.16547811,0.23149772,0.29780355,0.23766257,0.06803781,0.26225218,0.24632159,0.21451929,0.2686546,0.22684585,0.25097674,0.22820844,0.2829955,0.29057303,0.10413894,0.22264513,0.20348662,0.10712935,0.18035583,0.17270757,0.2670024,0.23761378,0.27081585,0.2340935,0.25562268,0.1810711,0.27881873,0.24443176,0.239313,0.19086193,0.2803153,0.2459139,0.19860548,0.2710737,0.16052777,0.21343961,0.27344003,0.24504611,0.2868159,0.2741339,0.29676625,0.13383788,0.27250296,0.25469148,0.27547008,0.25644964,0.27681544,0.31554228,0.34504083,0.21140763,0.26569447,0.23137414,0.20232895,0.17780687,0.17999502,0.17596856,0.13988367,0.13930063,0.39679855,0.2088837,0.23444901,0.12737426,0.24483731,0.14386886,0.18466613,0.23504432,0.29555357
BC2026_Train_0002_S08_20250607_030007_15,0.22648776,0.13707162,0.061705634,0.27656588,0.0030852952,0.23284487,0.058090217,0.09078513,0.039020095,0.076775186,0.27793187,0.053265423,0.063154936,0.00079457974,0.0017671596,0.19726713,0.15325713,0.019474313,0.33059704,0.18921342,0.22343124,0.062285554,0.18084492,0.092626035,0.3078482,0.010862874,0.098081306,0.22264594,0.07782938,0.26871085,0.21496435,0.05824598,0.12722799,0.098589875,0.05102566,0.10341712,0.14878994,0.10497683,0.070098,0.19479461,0.13511136,0.052439354,0.28588217,0.08395517,0.09567034,0.1007504,0.24808304,0.08270978,0.054150604,0.09759181,0.29268348,0.31271175,0.30299786,0.10345267,0.39762467,0.001145103,0.07273048,0.18309453,0.011285234,0.18929799,0.30679938,0.032470968,0.17939869,0.51703686,0.10476152,0.029770471,0.13487938,0.033398896,0.01282216,0.18084188,0.019702682,0.02798223,0.16138445,0.19818251,0.18215653,0.20926481,0.16446991,0.28680888,0.25136364,0.2413806,0.23871173,0.14544544,0.2725216,0.12866175,0.23530897,0.27973348,0.25911707,0.28891236,0.27347043,0.20321614,0.23521681,0.28110474,0.21808869,0.1905117,0.23980832,0.2600006,0.20282884,0.37303454,0.25371063,0.2112384,0.32100114,0.13324101,0.2915958,0.3474198,0.30146015,0.2302101,0.2745926,0.11771014,0.2446148,0.26851657,0.24769706,0.295458,0.23303671,0.27402228,0.2204187,0.28563148,0.20944557,0.22919118,0.1598502,0.28605303,0.25583082,0.26994175,0.28219754,0.28306293,0.2844526,0.22103,0.24582933,0.20770714,0.18269531,0.24528627,0.15852691,0.2841596,0.2134268,0.2329403,0.2532627,0.15365621,0.21926793,0.2831202,0.2538992,0.2933215,0.10147608,0.21366215,0.24520919,0.23543522,0.2610643,0.22588858,0.2930201,0.13070482,0.2758981,0.24447995,0.19049343,0.26912624,0.2418744,0.22887017,0.23863074,0.22041442,0.15177448,0.26257423,0.22899266,0.22804093,0.18996018,0.28298652,0.20779191,0.28099582,0.2599556,0.27858377,0.18753338,0.17826605,0.2540926,0.29804698,0.26788953,0.07375347,0.24242444,0.26646057,0.26311833,0.27769232,0.2208484,0.2642172,0.27156496,0.2872598,0.2926444,0.111950435,0.23701043,0.24878915,0.18890029,0.1683247,0.1345825,0.25807023,0.26546535,0.27950463,0.221859,0.27113083,0.21924245,0.28526852,0.27310508,0.2682615,0.20933446,0.27731466,0.24085058,0.20936179,0.2814666,0.1475064,0.21480064,0.2838282,0.2557896,0.29033104,0.27894884,0.29869363,0.1517626,0.24772927,0.25618955,0.27366278,0.25150537,0.24387063,0.31565705,0.35600835,0.23817812,0.24693368,0.23182335,0.20653622,0.21902737,0.25518486,0.19169481,0.14981069,0.15736324,0.4178188,0.26697913,0.22903961,0.12334259,0.26593146,0.12425914,0.21938188,0.26224327,0.2974285
BC2026_Train_0002_S08_20250607_030007_20,0.22872643,0.13400744,0.059130102,0.25863457,0.0029266595,0.23980008,0.051789403,0.078733325,0.045084335,0.07679808,0.28424138,0.054374438,0.047491696,0.00074975897,0.0017682351,0.20282769,0.13486487,0.020902976,0.30491513,0.10654939,0.23094966,0.0646223,0.119733974,0.10980317,0.2868013,0.010655445,0.097638994,0.25006798,0.05855374,0.28743443,0.2066367,0.060426075,0.11696978,0.089935675,0.04625374,0.103267506,0.15866858,0.0949774,0.060314633,0.18418483,0.12587528,0.048607416,0.26715577,0.0764125,0.086820945,0.09297478,0.22592251,0.0799732,0.050405316,0.098407626,0.2663176,0.28700262,0.28527457,0.10402646,0.3795084,0.001072393,0.06671226,0.18182501,0.011426518,0.23297621,0.27548954,0.033706274,0.15800983,0.4913888,0.09500839,0.029159857,0.119833775,0.029895328,0.012740259,0.22353418,0.019760579,0.026211524,0.18972555,0.19556926,0.2773467,0.24718297,0.2177661,0.28382587,0.17160968,0.21402477,0.21535155,0.17103165,0.28171274,0.10400958,0.22563007,0.28120896,0.23958682,0.27005497,0.248066,0.21200179,0.2656034,0.23089899,0.17952086,0.18751362,0.15262617,0.25824624,0.23294699,0.37192214,0.25005493,0.21715352,0.3501153,0.16307937,0.2815808,0.34199646,0.30071807,0.21056183,0.27632406,0.14645939,0.22759832,0.2564426,0.25413534,0.2835699,0.1476232,0.27505255,0.24802035,0.29893574,0.19779226,0.22884716,0.18746537,0.27983034,0.25011364,0.2701234,0.2890167,0.29105142,0.2756054,0.21726975,0.24084744,0.21797363,0.20348437,0.21131963,0.19461066,0.29282218,0.21121931,0.22044036,0.27937466,0.20971641,0.25830987,0.2907375,0.28107712,0.32420737,0.10573916,0.20221457,0.24949428,0.23232572,0.21221587,0.18024187,0.28561157,0.1297849,0.2528685,0.21992943,0.23357046,0.19468081,0.23553954,0.19772065,0.20194946,0.21732356,0.20219575,0.23943385,0.23689514,0.20913029,0.16946957,0.26489392,0.19061482,0.27279064,0.2439142,0.29181716,0.17584781,0.17274714,0.27245286,0.29741517,0.2639972,0.13925354,0.2734246,0.27247623,0.24169011,0.27648592,0.24942783,0.28531146,0.23504038,0.26910746,0.24900503,0.09174229,0.2527636,0.27432293,0.17182086,0.19865383,0.12691668,0.25672215,0.26413432,0.2703378,0.23464346,0.25363955,0.20661986,0.29069874,0.27026027,0.26478732,0.23052521,0.27294242,0.24491411,0.22244295,0.26979992,0.2701376,0.2095538,0.28747195,0.2568032,0.27194703,0.24465267,0.2956798,0.13587087,0.25659913,0.25908417,0.26878247,0.16582261,0.28563246,0.31561914,0.35473666,0.24396433,0.2595027,0.26625857,0.21417153,0.1838069,0.2758421,0.1802723,0.14794907,0.19561762,0.42148,0.2435361,0.22267142,0.109992534,0.29226544,0.13516265,0.18078241,0.24047576,0.2976851
BC2026_Train_0002_S08_20250607_030007_25,0.24978809,0.14585121,0.049599364,0.28429052,0.0027036325,0.23797062,0.06104279,0.12407385,0.043478407,0.0751864,0.2624962,0.041949093,0.048154905,0.0007210134,0.0016945512,0.20900235,0.08718668,0.01924361,0.35707843,0.15716904,0.1985627,0.0652736,0.21622282,0.14303699,0.2682996,0.008811481,0.101645276,0.23125152,0.05976595,0.26762298,0.21185541,0.06469282,0.1399124,0.09662657,0.05348896,0.11380581,0.1493077,0.10726909,0.0743373,0.19061232,0.1436155,0.05498605,0.27646142,0.08891555,0.09419524,0.10049705,0.24430557,0.087142326,0.056415875,0.104891084,0.2812813,0.2903667,0.30031997,0.11903733,0.39391765,0.0010970283,0.07520707,0.1852596,0.012252807,0.25010508,0.27494743,0.02818052,0.16471693,0.44752657,0.09156153,0.035569906,0.1572592,0.03991453,0.011460001,0.1593035,0.02503775,0.027351247,0.18783541,0.26696488,0.21939674,0.23999882,0.23727188,0.2657175,0.16369146,0.25802493,0.20900625,0.11409959,0.286171,0.12148245,0.22998595,0.28595003,0.269118,0.27704048,0.24416798,0.16305126,0.2681001,0.2274614,0.18677577,0.19774511,0.17610437,0.2593509,0.23808526,0.40028134,0.24081214,0.21125889,0.25282127,0.16237247,0.29486093,0.34664407,0.30070162,0.23934911,0.19208881,0.10224435,0.2094833,0.2508919,0.23715715,0.28779548,0.20570615,0.26499245,0.18993774,0.26051918,0.20129116,0.25984606,0.22952837,0.28735074,0.2986189,0.2818654,0.28265384,0.2854817,0.28764778,0.20942305,0.19430472,0.22052044,0.2332552,0.23055509,0.1463501,0.28485677,0.217054,0.20950085,0.22573213,0.21411294,0.29522586,0.2873473,0.22724885,0.34345582,0.14152263,0.17809553,0.20867859,0.24445982,0.30332467,0.13302909,0.24040069,0.13379787,0.2388389,0.25093544,0.21762218,0.14572078,0.20671111,0.21805614,0.19922467,0.16637455,0.1586451,0.21343513,0.20720421,0.26647672,0.19076982,0.24519017,0.21252832,0.2716534,0.2329353,0.3017986,0.19714266,0.29341283,0.24574009,0.2962702,0.21828143,0.11144288,0.2299789,0.24811871,0.29345393,0.25982353,0.18456262,0.2871744,0.24240436,0.26171458,0.2579472,0.10982122,0.25203726,0.17402497,0.2859136,0.19666341,0.10587238,0.25163004,0.25921792,0.2681166,0.230115,0.2621293,0.2167589,0.28881174,0.249644,0.22269367,0.18108799,0.27399424,0.23875722,0.21761256,0.24798995,0.1931526,0.18230882,0.2787885,0.25637293,0.25918323,0.26161975,0.29768628,0.13069645,0.24056947,0.27831152,0.28287563,0.17246565,0.28255638,0.3173096,0.35164618,0.22310713,0.2654282,0.25434747,0.20692492,0.16838023,0.22820961,0.1480413,0.17098883,0.1666896,0.40785414,0.21024092,0.24808586,0.117646456,0.26172894,0.13671878,0.19820474,0.25003222,0.29769248
BC2026_Train_0002_S08_20250607_030007_30,0.22174849,0.14256933,0.053079378,0.29509342,0.0028241691,0.20295699,0.062875904,0.09226614,0.044214293,0.07799792,0.2939272,0.04802472,0.054383427,0.00073809735,0.0017935138,0.21034673,0.09323915,0.021547355,0.35387957,0.09506223,0.2597414,0.067110874,0.16175163,0.14680707,0.29452917,0.00956595,0.09588979,0.23062752,0.06271862,0.27172977,0.21194415,0.060055487,0.1403552,0.09516408,0.050917048,0.11215917,0.1527617,0.10494111,0.07718206,0.20259342,0.14087859,0.056471754,0.2734539,0.08898726,0.096487425,0.1009017,0.23913665,0.084609784,0.056339573,0.096938245,0.2724473,0.30081865,0.28528666,0.11872335,0.3888115,0.0010739509,0.07465712,0.18356396,0.009938497,0.18472219,0.27068293,0.030245231,0.19148742,0.45306277,0.093894,0.033078033,0.13617484,0.039371096,0.011593431,0.16216427,0.022364354,0.028061502,0.27575657,0.20109026,0.23746651,0.21503083,0.20338105,0.28747934,0.212562,0.23033775,0.25280187,0.13102083,0.28064746,0.13595906,0.23113881,0.27987155,0.25820816,0.26620433,0.27687195,0.22378927,0.23656546,0.27655923,0.1781757,0.19881977,0.17254524,0.26618397,0.19330363,0.39374298,0.27706045,0.24111915,0.25006235,0.17661642,0.2907886,0.3485309,0.30106592,0.23613857,0.2562389,0.12864448,0.2637519,0.268123,0.2728198,0.29407695,0.21777418,0.27753776,0.24254808,0.29240426,0.21571046,0.2125023,0.17466483,0.28573376,0.27085465,0.28622308,0.27827355,0.29133046,0.2862917,0.26720464,0.21836926,0.24869971,0.24780235,0.24417475,0.18386228,0.29232424,0.19848296,0.21236794,0.2880277,0.17249706,0.2893127,0.29033646,0.28025097,0.36506623,0.11980982,0.25109258,0.24776597,0.27175826,0.20948528,0.17801309,0.29761964,0.14309311,0.26008087,0.2559813,0.2200276,0.20054674,0.24283229,0.2258459,0.24654277,0.2620974,0.17384711,0.2682445,0.23415512,0.2108298,0.1933236,0.26147106,0.23100302,0.29089585,0.2426094,0.29266587,0.19573607,0.1930761,0.2898538,0.29823092,0.29157057,0.07380242,0.2720102,0.2676852,0.24686156,0.2908269,0.22699016,0.28452653,0.25799835,0.26866823,0.29725996,0.12966007,0.23581974,0.2040598,0.18892007,0.19132417,0.08523854,0.23956423,0.25598204,0.2805044,0.24969625,0.29084095,0.22864354,0.2934917,0.28301522,0.23315859,0.21209857,0.28381974,0.24634148,0.18153612,0.289425,0.17193638,0.21075936,0.28525764,0.2711434,0.29583693,0.2728938,0.29407918,0.16675882,0.255867,0.2436678,0.29808956,0.18013424,0.25385854,0.31524295,0.35818955,0.2207731,0.25694302,0.2634991,0.22144136,0.25069827,0.28011906,0.1409179,0.20030947,0.15942028,0.4172789,0.27598953,0.24202253,0.107268825,0.28649116,0.16408767,0.19124684,0.25866994,0.29847762
BC2026_Train_0002_S08_20250607_030007_35,0.25488666,0.123814605,0.04998637,0.27965614,0.003019744,0.23711024,0.054244764,0.105224796,0.040038057,0.07957826,0.280881,0.057785578,0.040035054,0.0007788027,0.0017213628,0.20865376,0.10319134,0.01978256,0.30207974,0.095174685,0.21920508,0.059826396,0.1687003,0.17053907,0.29095605,0.01170402,0.090468556,0.24690145,0.057613023,0.27396792,0.20189938,0.060536016,0.11878537,0.09588403,0.049636927,0.1074836,0.14780061,0.10300062,0.064106956,0.19189592,0.13383302,0.05271656,0.2721958,0.08664374,0.088622354,0.09108769,0.22837582,0.07737597,0.05159042,0.10388968,0.2652333,0.2970261,0.27850807,0.10831837,0.38221303,0.0011774452,0.06446239,0.19138941,0.010116045,0.22789437,0.27728876,0.0299994,0.18699366,0.44061893,0.11038723,0.033360593,0.104936205,0.04142405,0.014006758,0.16408204,0.01848156,0.025285302,0.17480826,0.18709137,0.19937253,0.22381389,0.2160123,0.26712167,0.18104915,0.23631874,0.19147557,0.13575855,0.2710448,0.119899504,0.18891998,0.27604556,0.21840475,0.28570685,0.24306667,0.1786733,0.24430192,0.23012032,0.19278741,0.17960012,0.16554615,0.25844523,0.23235491,0.3886917,0.26814434,0.21420133,0.21267563,0.1765591,0.276192,0.34732231,0.30247048,0.2238408,0.23488988,0.14885546,0.2521119,0.24062152,0.23364232,0.29411006,0.12486633,0.26592162,0.18818596,0.28658253,0.230333,0.25850016,0.15681313,0.28215244,0.27329275,0.25401828,0.29127175,0.29067647,0.28837404,0.23977919,0.22677682,0.20141625,0.17875585,0.25239083,0.18381377,0.29216126,0.20842782,0.20849882,0.23486483,0.18430334,0.26786274,0.28879464,0.23683952,0.29151648,0.09038958,0.16510323,0.23867118,0.22367492,0.2333268,0.24294493,0.25748414,0.1239212,0.24979724,0.24615905,0.23492593,0.19783905,0.21288614,0.21134646,0.20278896,0.20836844,0.18441448,0.20444728,0.24952528,0.21613114,0.17424512,0.26731515,0.22557758,0.27533275,0.2651923,0.28227076,0.15842794,0.18259878,0.2374554,0.2952991,0.25561935,0.08867649,0.25376448,0.26416636,0.2575614,0.28517428,0.22406149,0.25268257,0.26666772,0.28163195,0.2420539,0.093345724,0.23200288,0.29166797,0.197727,0.17482856,0.10511246,0.23118198,0.23012051,0.2714123,0.20060271,0.24397743,0.18882969,0.27699172,0.24012408,0.2798281,0.16709511,0.2764965,0.24907988,0.20974237,0.24897404,0.18001097,0.18467751,0.2581391,0.24050328,0.28300205,0.26491505,0.29638457,0.112378836,0.25828162,0.24068874,0.2574968,0.27281997,0.25127715,0.3194764,0.3505036,0.23526075,0.26578927,0.24805321,0.20042683,0.16475877,0.24756736,0.22925481,0.16752876,0.17506345,0.40551627,0.1846981,0.23584582,0.11150706,0.26947793,0.16356888,0.15258977,0.22542033,0.29530793
BC2026_Train_0002_S08_20250607_030007_40,0.23465191,0.14141564,0.062827826,0.3586207,0.0028539589,0.22569658,0.06384587,0.12859002,0.045928776,0.07794729,0.27481294,0.04883334,0.04482416,0.0008086532,0.0017161046,0.2115398,0.11282258,0.020964408,0.35087025,0.12653136,0.20886713,0.06804283,0.18019606,0.12565461,0.29743725,0.009636764,0.097835794,0.2390751,0.078041084,0.26474082,0.21523659,0.06477187,0.13570602,0.09970365,0.052956305,0.10736211,0.14580184,0.10719762,0.0732971,0.1947065,0.13777599,0.055600524,0.27527702,0.08170284,0.0972893,0.10183792,0.23774806,0.08115075,0.056091584,0.103430785,0.27466118,0.29880184,0.2934261,0.117066205,0.38735312,0.001105802,0.07415508,0.18782449,0.012065459,0.21331918,0.28356203,0.028761704,0.2027458,0.4614129,0.12529153,0.03057777,0.11483132,0.034989744,0.011339305,0.16504309,0.023255732,0.030811884,0.17346513,0.20961821,0.18996288,0.20152965,0.2042704,0.27899724,0.2551139,0.22482002,0.26703787,0.22843114,0.2857851,0.085971504,0.27927554,0.28075796,0.29367673,0.2737676,0.24117535,0.24311951,0.29752257,0.23398295,0.20136665,0.17218828,0.17819956,0.26059642,0.2038479,0.43329066,0.2305969,0.21679738,0.20978816,0.2172304,0.2749578,0.34293532,0.3009087,0.19818614,0.21715574,0.12800281,0.23717846,0.22810014,0.2609455,0.290942,0.17864151,0.25842962,0.21419327,0.261489,0.23098287,0.23324952,0.16905352,0.2716495,0.24127093,0.2654356,0.26434943,0.27544704,0.28665584,0.21612312,0.21540102,0.21459061,0.18273798,0.20099628,0.14790827,0.29289305,0.24551645,0.27387887,0.25954264,0.15500067,0.2528754,0.28015533,0.27039725,0.30712122,0.1042802,0.17984562,0.2364021,0.2366008,0.17677808,0.18661481,0.27824765,0.120832995,0.27417725,0.2414838,0.2397092,0.20663142,0.26156506,0.21917187,0.20603332,0.22485912,0.17669512,0.2137222,0.22222489,0.2584967,0.20911273,0.26664972,0.20583448,0.28716516,0.269162,0.30753654,0.20500454,0.19450855,0.25827616,0.29661283,0.23504663,0.08172147,0.253595,0.2632478,0.25350887,0.2592432,0.20251232,0.26947677,0.26040292,0.27029243,0.26763877,0.109770246,0.251161,0.21543023,0.14046752,0.1665243,0.12908936,0.2802248,0.25069606,0.27567515,0.22330032,0.27607223,0.20462856,0.26342145,0.2643117,0.25469124,0.26513186,0.27004734,0.22519082,0.19815573,0.26798698,0.18081003,0.2034417,0.288716,0.26112244,0.2842195,0.25023276,0.297083,0.12231499,0.24575174,0.25749958,0.28112417,0.19117042,0.24296942,0.31632173,0.3511081,0.2155963,0.27177727,0.26109266,0.22765882,0.18545413,0.28223318,0.15167406,0.13699879,0.17202294,0.41643193,0.19417606,0.27779135,0.12415932,0.27247033,0.13860121,0.17881946,0.25758147,0.2932634
BC2026_Train_0002_S08_20250607_030007_45,0.2439996,0.14923438,0.1401846,0.2978015,0.0029906468,0.25072175,0.060146846,0.11969459,0.0427278,0.07655256,0.25421733,0.22994965,0.052919067,0.0008120792,0.0019070014,0.22184005,0.14094955,0.025377296,0.3259356,0.10958377,0.16696943,0.068853535,0.14437418,0.15260704,0.3055188,0.009599683,0.118609756,0.28746414,0.15697956,0.31163135,0.22318187,0.07001535,0.12281527,0.1063231,0.055933516,0.115666434,0.14883745,0.10868156,0.06894504,0.18752821,0.14664514,0.053044505,0.26693052,0.089750126,0.09037223,0.10075992,0.2353878,0.089276135,0.056058776,0.10330019,0.25757688,0.27501732,0.2661701,0.12173051,0.3872785,0.00111979,0.063519806,0.18820684,0.019998249,0.21053533,0.27468807,0.03181973,0.19363973,0.50663275,0.13759533,0.03313125,0.123351485,0.042138197,0.012766515,0.2523246,0.024934787,0.028418448,0.20167027,0.2057496,0.3325788,0.23047006,0.20160297,0.27466786,0.19673932,0.20273119,0.16392635,0.15386134,0.2900971,0.09687693,0.17437077,0.2739292,0.26972535,0.2758389,0.25707835,0.15662517,0.23981771,0.2992718,0.1336061,0.16002223,0.17148092,0.23905589,0.23634668,0.40231517,0.2747971,0.21477894,0.2697035,0.21602084,0.28332233,0.35814607,0.30156574,0.25806147,0.23841627,0.09956598,0.23871985,0.24329881,0.22723745,0.29238948,0.18188159,0.27327436,0.20670436,0.27874652,0.23417783,0.22170179,0.20718205,0.28221387,0.28750372,0.28174248,0.29167867,0.27982605,0.2924063,0.19516128,0.23371613,0.23290847,0.24445142,0.26597005,0.28044066,0.28657454,0.17121443,0.2056815,0.19062853,0.20415944,0.28306603,0.28429934,0.2432601,0.33695918,0.14147301,0.13426775,0.24858932,0.2560887,0.28671277,0.11769313,0.2647859,0.1237852,0.21601021,0.22789115,0.24430785,0.19377854,0.22663002,0.2346865,0.27503327,0.24494001,0.2238667,0.2264747,0.21488002,0.21183014,0.18060046,0.255327,0.1768156,0.28231984,0.24353957,0.28450596,0.15958409,0.158633,0.2094415,0.29552233,0.26521522,0.087868445,0.25536847,0.2581584,0.19375679,0.2818099,0.21948627,0.27763537,0.23334342,0.29816222,0.26924798,0.0976524,0.22013474,0.29193813,0.13977614,0.16311905,0.12829252,0.24099681,0.23673163,0.29377767,0.24757022,0.27264175,0.27310008,0.28346464,0.24482585,0.2681463,0.21861225,0.27239498,0.25244936,0.15859608,0.27412298,0.21678035,0.18312953,0.2501805,0.26628828,0.26824838,0.28749955,0.297672,0.1493268,0.24271847,0.2559713,0.26088434,0.2089146,0.2690902,0.3186259,0.3576507,0.21282688,0.26115775,0.23432793,0.17723912,0.19481303,0.2632752,0.15247199,0.13128626,0.17143169,0.4001418,0.17630903,0.22441112,0.11847232,0.24382968,0.13503252,0.1240004,0.2249665,0.29276967
BC2026_Train_0002_S08_20250607_030007_50,0.24820292,0.14198177,0.058738116,0.26842177,0.002938267,0.23325577,0.050959364,0.10043004,0.041527405,0.076962866,0.2551125,0.059041165,0.053830888,0.00081144687,0.0018245396,0.23024642,0.15555996,0.02795009,0.44180042,0.14022852,0.15774062,0.071844675,0.27531552,0.18682174,0.28690636,0.009001102,0.10742849,0.21134967,0.0705791,0.26611453,0.21764247,0.06742824,0.12926474,0.10188514,0.05775062,0.108619235,0.15678248,0.10690175,0.06909541,0.19963163,0.14670892,0.054829426,0.28885853,0.09051464,0.09404367,0.10349987,0.24256921,0.08621123,0.060523532,0.10981097,0.28782257,0.2946175,0.3034776,0.11221485,0.3881759,0.0011342075,0.07340035,0.19368154,0.012301063,0.20988661,0.33086765,0.029218046,0.18306923,0.5026008,0.13436079,0.037677363,0.16895525,0.033402976,0.012086424,0.20118754,0.025294349,0.031867936,0.14213364,0.19825444,0.19330603,0.25057948,0.20711876,0.27564138,0.20910491,0.26254195,0.23611811,0.11341394,0.2708581,0.17927015,0.26151222,0.2788162,0.29235515,0.27712753,0.24391785,0.22348212,0.28198138,0.23696123,0.17664164,0.21754909,0.274557,0.25478747,0.22107844,0.42519122,0.23907965,0.25309774,0.274001,0.21700689,0.2913873,0.34185472,0.30087668,0.2209585,0.2678589,0.13005339,0.19905064,0.25949368,0.24887504,0.29148078,0.20146376,0.2595453,0.21695563,0.2850746,0.20760918,0.2576684,0.17421721,0.270439,0.29869452,0.25897476,0.28674778,0.2617842,0.27527854,0.23046681,0.2529787,0.20864484,0.15198168,0.2660603,0.15335533,0.28477043,0.18953791,0.21034922,0.2777104,0.18296826,0.3035733,0.28748876,0.24508221,0.31978035,0.107460625,0.285361,0.23124267,0.23871236,0.2224294,0.18750842,0.27464458,0.13990033,0.2849718,0.255529,0.18010499,0.23403062,0.24194667,0.23421782,0.22015691,0.22460541,0.20426261,0.2536653,0.27711993,0.23188262,0.21328947,0.26323614,0.21983995,0.27606413,0.2515605,0.29964614,0.19520593,0.15388301,0.23437859,0.29725507,0.26800352,0.06891834,0.23868814,0.2639281,0.2376009,0.25583473,0.19514097,0.22943501,0.2426276,0.283397,0.2534407,0.09137468,0.24059081,0.23474714,0.14651434,0.14939189,0.17579189,0.23731226,0.24651255,0.2778645,0.19165204,0.2642494,0.219665,0.27160808,0.27268264,0.2567853,0.19345492,0.27753606,0.23736852,0.22811756,0.26118192,0.1889762,0.19152491,0.27523437,0.24826191,0.27613288,0.256719,0.29290196,0.122083366,0.25309092,0.26828125,0.23849294,0.27182108,0.25105795,0.32050112,0.34515053,0.2479468,0.26117828,0.22127694,0.20524621,0.21198109,0.24146895,0.24958925,0.13627067,0.20388725,0.4056837,0.19798881,0.22967605,0.109922156,0.24726494,0.15919739,0.15909737,0.22174934,0.29512635
BC2026_Train_0002_S08_20250607_030007_55,0.20142174,0.1338437,0.054778278,0.26740962,0.0025523356,0.23704019,0.048807435,0.103756785,0.03927867,0.07735243,0.25348374,0.05882601,0.059306517,0.00075137574,0.0018150595,0.21922515,0.16036364,0.020403871,0.42473602,0.09431386,0.17958497,0.072111905,0.16869272,0.122096084,0.30048436,0.01000605,0.10791619,0.21485591,0.056172095,0.2603279,0.21213874,0.061044894,0.12097533,0.09672733,0.048043437,0.107684866,0.1619507,0.10205396,0.06889684,0.18473077,0.13335457,0.05184151,0.27675083,0.080674395,0.08705865,0.096175276,0.22780481,0.08210944,0.054986555,0.09937841,0.26878786,0.2957005,0.29165965,0.10626507,0.38652653,0.0010927996,0.07325474,0.18093641,0.012046161,0.17919438,0.28501636,0.031605333,0.1422517,0.45839092,0.12028092,0.033897772,0.11726727,0.03020515,0.013107125,0.15916787,0.02121388,0.025399646,0.19136666,0.22799091,0.20732434,0.21872208,0.20273867,0.28574482,0.26798493,0.19539323,0.19684795,0.18133035,0.2768343,0.1602399,0.2486215,0.2824464,0.25092036,0.2825053,0.2755173,0.2049786,0.2444336,0.2524815,0.18991521,0.18695843,0.14511752,0.23724732,0.19767201,0.39327428,0.25197846,0.25937912,0.26882187,0.15096384,0.28805068,0.34696954,0.30140865,0.2462949,0.2678017,0.14178036,0.27731976,0.27833468,0.2672096,0.29695252,0.24765587,0.2854876,0.22542731,0.28200585,0.21220446,0.2215186,0.16532923,0.2751529,0.2718714,0.29134974,0.29642642,0.2796404,0.27006322,0.24118271,0.23201905,0.22281961,0.23148865,0.22707772,0.18593363,0.289819,0.18578115,0.22545053,0.22538999,0.17073187,0.25234646,0.28777638,0.25973758,0.2762689,0.11513462,0.21145345,0.261461,0.21116465,0.25888062,0.15232722,0.28541633,0.121279955,0.2772738,0.2442695,0.18518573,0.18646823,0.26776427,0.1875372,0.2187729,0.24170262,0.15434375,0.22822344,0.241863,0.2259387,0.18928525,0.26674932,0.1802212,0.28671762,0.24213527,0.29889905,0.17991,0.1829286,0.26495975,0.2974983,0.26829523,0.08092688,0.2672733,0.27617818,0.24791203,0.251278,0.25066447,0.26886946,0.24182898,0.28156734,0.27750576,0.11017233,0.24594785,0.2787336,0.17426728,0.21130933,0.17435007,0.2752462,0.26030663,0.2647805,0.25894564,0.270929,0.2074487,0.29089424,0.26231518,0.27577773,0.18152931,0.28648102,0.23187818,0.22179197,0.28752103,0.18566024,0.17930925,0.29123777,0.25091693,0.2907101,0.28424364,0.2986748,0.124197915,0.25847262,0.27144682,0.28254956,0.17815772,0.26111194,0.3219259,0.36982822,0.26844358,0.25250688,0.24749127,0.18699537,0.2050843,0.27297193,0.19586541,0.13415505,0.20736629,0.4396148,0.219497,0.24159643,0.12787707,0.27885872,0.14645314,0.18091162,0.28252375,0.299634
BC2026_Train_0002_S08_20250607_030007_60,0.23973587,0.12666023,0.11182331,0.32210886,0.0033740918,0.20219629,0.0526308,0.13404928,0.039818875,0.079027854,0.25015777,0.09412328,0.06953835,0.00078303943,0.0019525575,0.2007939,0.1297228,0.020754721,0.4036671,0.14438513,0.17419249,0.070515834,0.18088368,0.21583566,0.2847867,0.008953743,0.09212659,0.25615147,0.06738333,0.26142842,0.19592845,0.06695543,0.12210387,0.103641585,0.05213357,0.10955538,0.15296195,0.09632578,0.071208164,0.18705907,0.14145395,0.04864707,0.2588449,0.082973585,0.08683069,0.10191506,0.20771742,0.08304412,0.05422475,0.10508287,0.27155715,0.29196924,0.26313522,0.10317101,0.37435883,0.0011637822,0.080228776,0.1964306,0.015644316,0.17124996,0.3426508,0.032969557,0.20288235,0.4540822,0.113806635,0.037082464,0.1001448,0.026737362,0.011668998,0.16271743,0.018836148,0.026461622,0.1954117,0.14517249,0.33829734,0.23422584,0.28063703,0.2644681,0.20572287,0.20782937,0.20947993,0.14766234,0.25836527,0.105847165,0.15133165,0.25853738,0.29281843,0.2903889,0.2226108,0.15292615,0.24239366,0.24671999,0.13850676,0.18291338,0.21357314,0.2379928,0.2281659,0.38320103,0.24450274,0.20306751,0.2671751,0.107531205,0.26483476,0.34749538,0.29575846,0.281976,0.2715735,0.16239187,0.2329235,0.25431234,0.2415637,0.2953579,0.17194498,0.28318736,0.19569275,0.3034049,0.2684798,0.2165816,0.22818609,0.2687742,0.2789308,0.26839364,0.2963284,0.2735156,0.24803637,0.18119483,0.24225055,0.20877934,0.24321553,0.23076849,0.17952217,0.29461032,0.16488743,0.21548545,0.2696211,0.2149929,0.22905754,0.28933668,0.25128156,0.28920183,0.12592606,0.17707166,0.26501048,0.23393176,0.19375923,0.18649244,0.24641842,0.12677722,0.22580372,0.22866584,0.18631409,0.24355903,0.23870036,0.25942987,0.25063592,0.20265123,0.17200695,0.2572515,0.1959482,0.1674658,0.1742337,0.2560598,0.21021697,0.2627573,0.28867078,0.2763114,0.1914057,0.2037631,0.2413858,0.2938057,0.2668513,0.09057784,0.21710429,0.26091853,0.19932602,0.27953762,0.2343994,0.25574797,0.24226782,0.2611521,0.23593678,0.29187164,0.2456894,0.19607869,0.10132237,0.17860442,0.17495902,0.23397326,0.2316006,0.2785884,0.27439517,0.23938034,0.20114659,0.26159486,0.24824993,0.25373536,0.16470732,0.27129862,0.24862526,0.19257456,0.24917658,0.19745043,0.16651586,0.268579,0.25480443,0.29901713,0.23482949,0.28941017,0.14992398,0.23880386,0.27143657,0.25278,0.17898235,0.27196968,0.3063576,0.32562965,0.23679772,0.24615228,0.244129,0.17572105,0.18569943,0.26983157,0.12106832,0.10221346,0.14172459,0.39877796,0.20178735,0.28763095,0.11595433,0.27812725,0.1449728,0.13322519,0.23889272,0.29843935
BC2026_Train_0003_S08_20250607_070007_5,0.30787975,0.085728325,0.05814774,0.27864707,0.0027705103,0.22557876,0.05784689,0.08058599,0.052040957,0.089483455,0.35402367,0.048580408,0.052689686,0.000928571,0.0020248718,0.24605343,0.036962174,0.022281222,0.48851144,0.12924428,0.17117426,0.09325013,0.26069996,0.091984525,0.2972499,0.008088547,0.1733507,0.1576659,0.10485405,0.29589236,0.11778657,0.079892635,0.17907557,0.08873229,0.050618935,0.10400492,0.16924378,0.16803217,0.0519649,0.17881635,0.22375675,0.05016018,0.152132,0.0790242,0.10492128,0.12901258,0.28665653,0.09995807,0.07339166,0.21487479,0.1514273,0.12573001,0.1337487,0.1176725,0.37190765,0.00120884,0.06825558,0.19507548,0.015262609,0.15553258,0.32766104,0.030695656,0.1417112,0.35745454,0.096283846,0.03375279,0.254057,0.036597107,0.039288793,0.16622108,0.022223473,0.036624715,0.15096097,0.19763511,0.24900572,0.19327365,0.27443075,0.28907204,0.18647037,0.24226531,0.26573166,0.18299012,0.2771328,0.10767298,0.25318894,0.23542127,0.20697011,0.25455168,0.20684856,0.15178734,0.2529087,0.2674457,0.19585331,0.27317923,0.2325398,0.29631057,0.21989873,0.60797143,0.21103789,0.17117976,0.21619627,0.16580851,0.29209435,0.3493444,0.3009614,0.23790962,0.20070341,0.15279081,0.26286396,0.25603786,0.1904966,0.27068785,0.13361625,0.28056696,0.23429371,0.29268396,0.2195887,0.21332012,0.21153036,0.2721184,0.29969534,0.29584008,0.26948535,0.29310575,0.29553917,0.20106632,0.23375677,0.28816736,0.2379641,0.2403277,0.23722866,0.28525293,0.15415528,0.22122502,0.2575875,0.19762707,0.2652937,0.28603864,0.23769638,0.25391176,0.09222225,0.15950294,0.27550444,0.24334052,0.27398914,0.119172744,0.2621297,0.07647912,0.25480717,0.21285237,0.17349288,0.1718817,0.24071708,0.19105306,0.29643604,0.2050091,0.23779026,0.18230645,0.19922008,0.12851733,0.27141643,0.20303383,0.1812324,0.22161476,0.2572147,0.29934937,0.23741339,0.27048072,0.2411087,0.2928382,0.2612208,0.091010794,0.22599047,0.2611015,0.29440534,0.29706308,0.21009758,0.2890387,0.26547,0.29906735,0.24332099,0.14271945,0.18457001,0.24791037,0.23777525,0.20762643,0.07558926,0.24570696,0.21093732,0.25577828,0.18589647,0.25132823,0.16752307,0.27743962,0.2644746,0.26992807,0.19367275,0.2661521,0.26340544,0.12558788,0.23491064,0.12243964,0.14477739,0.2532073,0.27714056,0.27882677,0.2874282,0.2991797,0.18718472,0.2662463,0.28343415,0.27434224,0.20434766,0.26749873,0.33603907,0.32409036,0.24757399,0.28262588,0.2383089,0.20449586,0.13817945,0.21070334,0.18333033,0.16474324,0.2012006,0.45863664,0.17987426,0.2726125,0.122291565,0.27954692,0.117833406,0.18392485,0.23879711,0.24703266
BC2026_Train_0003_S08_20250607_070007_10,0.25009006,0.0960774,0.07675143,0.31014565,0.0023002531,0.26518983,0.17275184,0.17015797,0.06060918,0.10916425,0.5645664,0.105216816,0.05596504,0.00090772205,0.0021710708,0.21422714,0.030847706,0.021282244,0.43611944,0.2022069,0.15815659,0.08372129,0.20944992,0.08616173,0.31104046,0.008726307,0.1128591,0.22511359,0.13856843,0.24324706,0.1214308,0.062049426,0.19275932,0.08753522,0.039705455,0.11243595,0.15999326,0.15913466,0.055951886,0.14991269,0.20705453,0.06227691,0.1713245,0.084506854,0.10632913,0.13270429,0.32818538,0.11036994,0.07966451,0.1904486,0.15017374,0.11798485,0.12951341,0.109676756,0.3780173,0.0014558556,0.078146115,0.17933628,0.011853772,0.14651996,0.26398402,0.029928554,0.20705284,0.31206775,0.08828601,0.05618102,0.20848438,0.051631074,0.018290551,0.19668,0.018955361,0.03355237,0.22604671,0.21924993,0.31151938,0.22795267,0.25203574,0.28770152,0.28043017,0.29897675,0.2598498,0.1820973,0.2941684,0.14414206,0.25913066,0.29144973,0.23358043,0.28074193,0.23087612,0.21496277,0.2273412,0.26747012,0.25155655,0.3157617,0.17823218,0.25223014,0.2554979,0.57147276,0.21762682,0.24258436,0.22939058,0.18534541,0.28552234,0.3503024,0.3023397,0.2901127,0.22344959,0.16978225,0.2869292,0.26248083,0.2194635,0.2971191,0.14644715,0.28950217,0.2337023,0.28800172,0.24375826,0.24407363,0.22271611,0.26646063,0.29821098,0.2877913,0.26203805,0.29442728,0.28365225,0.21174012,0.27819526,0.21042353,0.24354489,0.2663522,0.21728158,0.28961205,0.30788282,0.28512073,0.27714276,0.1703825,0.28406414,0.29208076,0.2779096,0.26379216,0.15767305,0.16362685,0.23914687,0.24291573,0.2520193,0.21920079,0.28185982,0.1531804,0.33856282,0.22869694,0.2672536,0.15491714,0.23809917,0.2225512,0.2663843,0.22280248,0.2765297,0.24687015,0.21687524,0.2430915,0.17781292,0.2610332,0.29319337,0.24465062,0.28095177,0.28744492,0.24836977,0.22902915,0.21287563,0.29851776,0.29287755,0.08362934,0.2875134,0.29395363,0.21948065,0.29681936,0.2176168,0.21343568,0.21320681,0.29906437,0.28023088,0.14946312,0.20341167,0.21794435,0.20359185,0.17079623,0.13635537,0.2702707,0.21583374,0.2743627,0.2216442,0.29933038,0.1771816,0.29492766,0.24491175,0.25410345,0.28965518,0.28470293,0.26304707,0.27521098,0.25961637,0.22971708,0.14399554,0.29381856,0.23996338,0.28840965,0.239104,0.2935031,0.18927282,0.26978546,0.26601386,0.26646093,0.2188726,0.25374392,0.33686665,0.34224167,0.25449744,0.2693979,0.18919472,0.271711,0.12256688,0.20409678,0.23907402,0.13993439,0.20067447,0.44651756,0.19264175,0.2651165,0.15611844,0.28595197,0.14974555,0.2758,0.27272722,0.28941417
BC2026_Train_0003_S08_20250607_070007_15,0.22594827,0.09041141,0.06827539,0.260677,0.0028012274,0.27595648,0.09200211,0.13570213,0.056861896,0.10328913,0.5375788,0.110832594,0.05267057,0.0008633835,0.0021592327,0.21742013,0.038422763,0.020888336,0.4707723,0.1650276,0.18178943,0.09029546,0.19268058,0.098769054,0.25526744,0.009173419,0.12412207,0.17107207,0.12745182,0.30471152,0.11094993,0.07779141,0.20253694,0.09291607,0.050618686,0.12047969,0.14535542,0.14678891,0.05512215,0.14408249,0.1878862,0.06544943,0.1584112,0.081613205,0.09844823,0.1419788,0.3090064,0.10919318,0.09317006,0.19521526,0.1523351,0.11264616,0.12469433,0.1278964,0.31639928,0.001449425,0.09749591,0.22034504,0.013941874,0.1298344,0.26685664,0.02883438,0.19574584,0.34081233,0.08639538,0.052409798,0.18437582,0.030020218,0.019229993,0.22089298,0.031285565,0.028586645,0.15568204,0.21854848,0.29236934,0.17971005,0.23767032,0.28435007,0.19791323,0.27558285,0.26069763,0.1803623,0.2983844,0.11363019,0.25649208,0.28502464,0.20036457,0.29152882,0.21173535,0.27574137,0.29059082,0.22534241,0.22277626,0.32661727,0.2969565,0.26919413,0.2844832,0.535987,0.27698663,0.22977613,0.18667252,0.1922501,0.27924713,0.36045325,0.2966222,0.27952072,0.18700361,0.19205853,0.2960496,0.19785157,0.15082152,0.28871,0.11206909,0.2755139,0.26014784,0.26964176,0.27816367,0.28402176,0.25667238,0.2909336,0.29629707,0.2715924,0.23055421,0.29441124,0.2824494,0.19767779,0.25295752,0.19949467,0.20096232,0.24440572,0.22331351,0.29247072,0.21230996,0.2920196,0.26794317,0.16844669,0.29689062,0.28370097,0.26907977,0.3504457,0.18324724,0.16857785,0.23138085,0.22752945,0.25824597,0.12986675,0.24013129,0.2774844,0.32631376,0.2852811,0.25362498,0.18618062,0.25163016,0.20632634,0.2185757,0.18986586,0.17168711,0.178866,0.24749509,0.28378496,0.17900687,0.23775981,0.28222874,0.25781682,0.2520976,0.30261806,0.26398838,0.2576587,0.17314549,0.29848585,0.29925117,0.14626609,0.19006129,0.24339527,0.23116803,0.26063725,0.17146473,0.25880614,0.18362795,0.29687476,0.2880377,0.13825479,0.24369521,0.19935173,0.23783284,0.23039028,0.13006364,0.19146705,0.1916747,0.24604721,0.21587376,0.2999994,0.22538467,0.28859043,0.1951937,0.25648907,0.2628986,0.2469289,0.21014258,0.2877233,0.20010948,0.18367825,0.15415308,0.2886724,0.2258126,0.27251646,0.24601217,0.28440422,0.24379143,0.26726258,0.1833077,0.27244723,0.18917996,0.25026038,0.35416526,0.35266986,0.23411888,0.27845085,0.22193177,0.22753912,0.09274961,0.18219924,0.22103204,0.23773068,0.1670101,0.43893534,0.25276163,0.2880689,0.16943786,0.28512976,0.21217725,0.19091183,0.26049817,0.26409295
BC2026_Train_0003_S08_20250607_070007_20,0.294448,0.10009893,0.08962578,0.30779392,0.0030259665,0.22646917,0.077119835,0.10943681,0.04501538,0.09915469,0.33623067,0.077019244,0.04592253,0.0008446263,0.0020463963,0.25043285,0.04392527,0.025658146,0.42663997,0.18836984,0.16867356,0.081376925,0.20670252,0.07784365,0.31440213,0.011546201,0.19454217,0.21889278,0.13120887,0.30203992,0.11222966,0.08042406,0.20569456,0.08425893,0.048919395,0.113033846,0.17209487,0.17171568,0.059790187,0.18173687,0.23068103,0.07304357,0.15611702,0.09821777,0.11520076,0.12942575,0.3070977,0.122430965,0.09412267,0.20744658,0.14078183,0.12681416,0.12748387,0.10475697,0.37971252,0.0011714138,0.07607137,0.18957922,0.012098481,0.1763484,0.25601888,0.032804076,0.18995094,0.3115235,0.07821957,0.030487165,0.18006839,0.037736617,0.024479557,0.19747168,0.02302875,0.028452558,0.18540968,0.19964494,0.25553602,0.20250165,0.2383374,0.28866985,0.23639505,0.29554787,0.21486491,0.1650406,0.27364263,0.13501188,0.21008754,0.21903035,0.21855548,0.2975517,0.23433015,0.2202571,0.25885242,0.27470538,0.22017986,0.32531163,0.13292593,0.22580865,0.16899103,0.54959,0.2940809,0.25158796,0.18602633,0.16763337,0.29132482,0.35176954,0.30411875,0.20969194,0.19500577,0.15735611,0.26790982,0.21995951,0.20874372,0.2817466,0.24662277,0.28171012,0.22707519,0.29572612,0.20397222,0.2049223,0.21359465,0.27438122,0.2996022,0.2767119,0.28257686,0.28959966,0.26470333,0.23847418,0.22760357,0.21228491,0.20089002,0.26917928,0.25682446,0.29099163,0.16833046,0.28299072,0.23834807,0.17724377,0.30025586,0.28112802,0.25788602,0.2437141,0.15666911,0.28917786,0.26359946,0.25656718,0.28993094,0.13072765,0.22771385,0.0729361,0.3348164,0.2063178,0.23425813,0.17587586,0.26175475,0.23476103,0.2975729,0.22623175,0.18666871,0.21800023,0.18125388,0.23087817,0.18761429,0.2073892,0.29054087,0.25856176,0.25204584,0.3026782,0.22940618,0.23714475,0.205961,0.29648927,0.2664515,0.10452469,0.24003728,0.28420588,0.22430182,0.2656837,0.19231634,0.25346428,0.20427418,0.29895306,0.26758954,0.112755194,0.15916568,0.27505803,0.24485081,0.20192881,0.09575031,0.28550312,0.22070615,0.24672334,0.23156095,0.2764897,0.20357335,0.27504173,0.26991996,0.2821081,0.2805848,0.24016774,0.19540621,0.24110627,0.22082588,0.15674423,0.23965505,0.25531912,0.22313474,0.28575748,0.28316256,0.2969668,0.20896074,0.28497958,0.26834524,0.26048675,0.28088042,0.27556184,0.33925852,0.3373086,0.21212396,0.26886255,0.19357473,0.27207595,0.12747629,0.17452224,0.18984345,0.15691099,0.23791717,0.45131266,0.19703074,0.2477575,0.16148272,0.28966272,0.115258075,0.21300422,0.22450021,0.26952684
BC2026_Train_0003_S08_20250607_070007_25,0.2361684,0.09367831,0.1951241,0.34761918,0.002378091,0.22293583,0.059149962,0.1111103,0.044750452,0.10816355,0.31115568,0.14806984,0.0507902,0.0008619403,0.0021367313,0.26434535,0.04052402,0.019420784,0.32406104,0.13062222,0.17027417,0.076589234,0.17517956,0.07381243,0.2809598,0.007436004,0.2263159,0.27370653,0.21019465,0.28566027,0.09757362,0.08124632,0.18221673,0.091509044,0.044041272,0.1232144,0.17269813,0.15047023,0.05314682,0.18056229,0.1964037,0.059810776,0.14979577,0.09286018,0.11360687,0.10441706,0.27905378,0.1231031,0.07918765,0.1761726,0.1287076,0.108397186,0.103313506,0.10647766,0.37663633,0.001016212,0.0768721,0.16849709,0.009246528,0.13239358,0.23328656,0.027620042,0.17613433,0.3554643,0.08785511,0.02917093,0.11732715,0.04153734,0.024355795,0.20551714,0.021612521,0.029303256,0.17007223,0.2215222,0.3220785,0.1935043,0.24695094,0.29276347,0.22147658,0.24251789,0.23805293,0.16734378,0.27669942,0.09737219,0.2639833,0.24824777,0.20853758,0.27808955,0.2618,0.16443993,0.23124622,0.29202664,0.13426352,0.32109433,0.19081637,0.22054757,0.22699688,0.48201853,0.22343835,0.28137106,0.21757309,0.1353175,0.2894205,0.3746943,0.30139282,0.23706381,0.17491138,0.17765784,0.2881661,0.23402415,0.24807069,0.28697503,0.13823357,0.28069925,0.18451682,0.29937804,0.19626987,0.2539018,0.2014378,0.29691303,0.29107508,0.2705262,0.2703235,0.29353568,0.28386977,0.23563495,0.22901548,0.22587527,0.2124137,0.27942905,0.2869449,0.28856054,0.14840573,0.25492153,0.25365826,0.14033529,0.27815136,0.2844628,0.27122766,0.1750012,0.21345255,0.2690741,0.26021662,0.21574134,0.2428934,0.16614228,0.2547955,0.17917475,0.22494726,0.29866886,0.17216283,0.2133216,0.26911014,0.1914129,0.290571,0.24194375,0.24315533,0.19940822,0.22001237,0.19284624,0.15838972,0.23733422,0.16442251,0.19524074,0.24721688,0.30150855,0.27823395,0.24252115,0.21559088,0.29644302,0.2555113,0.14388305,0.24438639,0.17960688,0.2103521,0.29614586,0.18489006,0.27425116,0.257273,0.2908827,0.23977011,0.114755005,0.23522279,0.27922028,0.18153201,0.2061403,0.11944942,0.23724869,0.261064,0.2845328,0.23938803,0.25764942,0.17112651,0.28225458,0.24891531,0.26565343,0.24579684,0.2570805,0.24894495,0.26465607,0.23794086,0.14155966,0.18555892,0.27589726,0.23079237,0.27018088,0.2542755,0.29898763,0.2194891,0.28095523,0.2547683,0.29659095,0.18584296,0.26065204,0.33970687,0.37874028,0.24550271,0.2779767,0.2051327,0.16700745,0.11241727,0.1495319,0.2350917,0.15000384,0.20869131,0.4468947,0.2099825,0.25940403,0.19364291,0.27641624,0.07846333,0.2039787,0.26322356,0.27281618
BC2026_Train_0003_S08_20250607_070007_30,0.2606951,0.10738416,0.09304789,0.34725815,0.00281027,0.19470021,0.06360522,0.11864,0.03869012,0.09967665,0.46002012,0.10137501,0.037526853,0.0008417963,0.0022482704,0.27956253,0.06058623,0.019492129,0.4148466,0.23374473,0.20613612,0.07941439,0.20117714,0.106634125,0.28183675,0.006834692,0.20020065,0.17640933,0.12576543,0.30547333,0.1120703,0.0949422,0.19770546,0.10794985,0.05591761,0.12945586,0.17113054,0.18199492,0.06736943,0.20850253,0.21357521,0.07216047,0.15865411,0.103213765,0.14185944,0.13333012,0.28449878,0.13216183,0.09151472,0.19438356,0.16400018,0.124645784,0.13179675,0.114938356,0.3870227,0.0010696567,0.09863884,0.17811756,0.010432638,0.17093177,0.326465,0.030850736,0.22872278,0.4788807,0.11368008,0.031719964,0.16676152,0.028571032,0.026656814,0.20030166,0.027799781,0.028452888,0.19246529,0.28663203,0.2670269,0.27921197,0.24661624,0.29942572,0.2209038,0.20708133,0.27102253,0.17343439,0.29966012,0.07340989,0.23159277,0.2381208,0.28602904,0.2631639,0.21449336,0.24125367,0.24363774,0.24481563,0.17502335,0.34591636,0.17701207,0.27813038,0.28158528,0.44816738,0.29442024,0.27344742,0.24160773,0.16655484,0.29444832,0.34735632,0.2888899,0.25615907,0.16449887,0.2104113,0.2868076,0.2564392,0.23715101,0.29912785,0.15769166,0.26515928,0.27532685,0.2979043,0.23761144,0.27667373,0.26575676,0.29991698,0.2953327,0.30004004,0.2687318,0.29572827,0.23538117,0.2431711,0.28645357,0.29727083,0.20131738,0.29324886,0.28816232,0.29497755,0.15711609,0.27750885,0.23809405,0.2462696,0.26423305,0.2826218,0.2951603,0.22910172,0.18743666,0.30157346,0.29049742,0.27374995,0.19529727,0.12135154,0.19769421,0.29107183,0.34064576,0.27076748,0.16240147,0.2384526,0.24314685,0.24627759,0.2942594,0.24881628,0.29124326,0.19330607,0.2550674,0.20574643,0.29000476,0.2517998,0.17458107,0.20912075,0.27654266,0.30269545,0.2858004,0.28691545,0.23134717,0.2872428,0.29023415,0.26776862,0.19978239,0.17572808,0.24499613,0.21210478,0.24627262,0.24120097,0.2688626,0.29226914,0.20828812,0.14699727,0.21247819,0.19662054,0.23655733,0.23282637,0.13365881,0.20608039,0.18253025,0.2495929,0.29065904,0.28912818,0.2808931,0.29268757,0.24877423,0.27116287,0.26921886,0.22300546,0.17057642,0.18833083,0.1898259,0.12235068,0.18671134,0.25905198,0.29374397,0.2827447,0.28099185,0.29776868,0.22719504,0.2618663,0.25689948,0.28890777,0.25637645,0.2689829,0.34792444,0.34690708,0.298507,0.28532043,0.17274314,0.15649058,0.29044405,0.17230496,0.18217425,0.13628997,0.25131586,0.44965,0.1637487,0.26434377,0.27527496,0.27446496,0.11018934,0.16982608,0.28260598,0.25932488
BC2026_Train_0003_S08_20250607_070007_35,0.284682,0.10457101,0.08023512,0.36758113,0.0023425412,0.2540931,0.069746844,0.06635526,0.04331264,0.09850531,0.37717545,0.12877035,0.044379473,0.0008820228,0.0022809831,0.2563579,0.041347627,0.024746172,0.446191,0.15249501,0.1462145,0.08920769,0.1542936,0.12729985,0.27455658,0.008373774,0.12027268,0.24931283,0.116527475,0.22204168,0.12938516,0.09469492,0.2010545,0.09777041,0.054592192,0.13148364,0.18615726,0.16734573,0.068718836,0.18952516,0.23918302,0.074098386,0.16444051,0.104183055,0.12342463,0.13580689,0.32332662,0.118844554,0.09621014,0.2062093,0.13909273,0.11883231,0.13667825,0.116966344,0.38857082,0.0012673379,0.08697025,0.18854202,0.011413566,0.16458783,0.28717873,0.025139766,0.19743806,0.3882939,0.10377541,0.035640605,0.20349102,0.033990417,0.017333139,0.21838681,0.028544541,0.039984092,0.23789385,0.18447323,0.2695175,0.1889479,0.24365221,0.28985262,0.27561337,0.2928754,0.22084855,0.16907863,0.28772944,0.1307287,0.21714298,0.23033696,0.23290527,0.27903375,0.27530444,0.26711634,0.22804655,0.22185807,0.14297183,0.27426192,0.18211558,0.23197152,0.22398122,0.49258953,0.29022592,0.21721254,0.22590938,0.13679361,0.29331303,0.3575256,0.30268955,0.24617913,0.23219638,0.1545498,0.27814147,0.26783186,0.21064685,0.29680368,0.15179731,0.29292566,0.22071064,0.28534684,0.21592423,0.25051618,0.23344646,0.29882962,0.29536027,0.295054,0.28936127,0.2655517,0.2551405,0.1851814,0.28295273,0.2560446,0.25182006,0.29824606,0.22987874,0.28633913,0.23783268,0.2909941,0.24717239,0.17850219,0.27355006,0.26969832,0.2499885,0.36432314,0.116474316,0.12789707,0.26885524,0.22521089,0.24926445,0.16399026,0.23480771,0.18110293,0.20251824,0.21978606,0.22512391,0.21487,0.22852123,0.18942262,0.22344764,0.21109216,0.16300032,0.18686803,0.21697748,0.13322595,0.14390421,0.27958342,0.22435847,0.2052709,0.27127337,0.29512656,0.2908944,0.21637271,0.2192431,0.29294398,0.26593205,0.12933004,0.27000412,0.27218914,0.26291877,0.25935197,0.16313772,0.27524507,0.22437285,0.28919724,0.23434089,0.13004959,0.23185402,0.18570383,0.20388696,0.16284476,0.15406501,0.25673077,0.24722873,0.27762994,0.2940279,0.26870856,0.22842148,0.29504517,0.2595052,0.2653209,0.2834107,0.24393949,0.2520091,0.19463435,0.29873338,0.15411754,0.2176757,0.28648207,0.24961376,0.25460353,0.2211048,0.28903258,0.17141317,0.26928997,0.27983862,0.25365454,0.23825593,0.26970753,0.357817,0.33777946,0.20554255,0.27131534,0.20465101,0.18404819,0.13828892,0.16636677,0.27321997,0.13600439,0.1717296,0.45592767,0.19623466,0.24778993,0.16422224,0.26531932,0.19433099,0.19815095,0.24758506,0.27413237
BC2026_Train_0003_S08_20250607_070007_40,0.258776,0.094034255,0.07013887,0.25302154,0.002861092,0.20938802,0.06676075,0.08011666,0.046527885,0.11677442,0.35102952,0.07813831,0.052289978,0.0010070133,0.0022659083,0.200145,0.0502329,0.021211926,0.41566736,0.18640321,0.20029591,0.08429997,0.17820376,0.099184215,0.26280782,0.009042358,0.093146116,0.23159318,0.14339021,0.27326107,0.10620232,0.08204671,0.18937406,0.09430947,0.052860897,0.13086104,0.18771097,0.1576763,0.066309705,0.18277366,0.18748829,0.07779251,0.14682807,0.13039431,0.10795669,0.11023643,0.25951102,0.11955633,0.10855965,0.1785799,0.13034192,0.12259908,0.113900505,0.12130745,0.37496385,0.0012181288,0.09319123,0.1871263,0.0133080855,0.16878112,0.3617174,0.021064071,0.16019632,0.3162815,0.08903253,0.048877254,0.18263987,0.04333044,0.018901644,0.2559747,0.02877999,0.062006924,0.20972285,0.25936994,0.2772123,0.2778498,0.23582332,0.29290697,0.22729185,0.2903032,0.24250579,0.17954154,0.28703555,0.17918804,0.29068872,0.18559146,0.20642234,0.2801693,0.27391288,0.20388979,0.29955566,0.2549001,0.17108355,0.27413964,0.18047765,0.26085365,0.28977525,0.57617354,0.2950302,0.28681666,0.22536439,0.1523928,0.28510085,0.34954083,0.30191007,0.28953403,0.1537919,0.13525768,0.2811473,0.21522373,0.26717466,0.29884848,0.14827426,0.2379331,0.2528407,0.29717076,0.19705437,0.27449247,0.20012459,0.29985592,0.29711598,0.2794705,0.26915964,0.2752343,0.27451265,0.2894545,0.27625743,0.16558813,0.21803613,0.2992988,0.25276697,0.2951559,0.21211599,0.22703248,0.24439977,0.18965827,0.27288032,0.2829136,0.24980891,0.22646329,0.20779751,0.30126196,0.25715443,0.2705261,0.23141672,0.15334581,0.2789071,0.16332902,0.28522408,0.26839364,0.21321774,0.26009795,0.22684065,0.18522128,0.17474355,0.24540788,0.28846285,0.19285864,0.25781652,0.19661912,0.26352376,0.28474247,0.27315047,0.21550986,0.24994294,0.30723846,0.27399912,0.25602594,0.2668684,0.29234233,0.28816244,0.27520257,0.23036785,0.23669988,0.24698284,0.27482513,0.19078566,0.22960465,0.2386964,0.29056767,0.25500724,0.10381607,0.2236786,0.21515298,0.19042385,0.17497163,0.07358504,0.2398949,0.18557721,0.28974664,0.23872842,0.26872778,0.18716097,0.29753107,0.23236088,0.23085858,0.23515475,0.23978409,0.2575374,0.23972136,0.21343298,0.16032796,0.14489271,0.27663502,0.19544606,0.27741623,0.30020446,0.2818223,0.17638081,0.286334,0.20988825,0.27640954,0.19308753,0.24884218,0.3296102,0.36345294,0.2547516,0.28015897,0.22442168,0.17848599,0.15966752,0.17779303,0.18031664,0.122803986,0.22776869,0.41742808,0.2095171,0.2541314,0.24338424,0.2729747,0.18854767,0.20061071,0.27711022,0.27652895
BC2026_Train_0003_S08_20250607_070007_45,0.20154461,0.09445988,0.07029679,0.297873,0.0032094223,0.22964923,0.066015854,0.1562681,0.050167106,0.12681201,0.5390506,0.059599794,0.046435602,0.0008966222,0.0021815496,0.2076846,0.03401586,0.023807248,0.4260869,0.21414025,0.12016882,0.08137443,0.16573843,0.093795754,0.29608148,0.007643096,0.12256335,0.17808029,0.11418328,0.24772067,0.10113908,0.06901781,0.19365874,0.080846295,0.037282698,0.11379465,0.14704636,0.16348083,0.05036525,0.14685947,0.21634135,0.06625091,0.14493725,0.093878284,0.11483444,0.12701511,0.30678895,0.1260226,0.08697597,0.1997855,0.13062494,0.09844028,0.12060668,0.11294444,0.3706066,0.0011985118,0.08448665,0.17935207,0.012535294,0.1538813,0.30385017,0.022025289,0.17520571,0.3623523,0.08950442,0.03734103,0.14021155,0.034326274,0.020425653,0.14304215,0.021290842,0.03141822,0.27075672,0.24220632,0.29872847,0.2008869,0.28934163,0.29812256,0.19568905,0.25788754,0.22760467,0.22271109,0.2965775,0.13783742,0.26078615,0.21515769,0.24691376,0.26266173,0.29375592,0.21630049,0.22252372,0.19592324,0.22136611,0.28428078,0.21356483,0.2803586,0.25337,0.5442673,0.27770227,0.268839,0.21542495,0.28393376,0.29480112,0.3757516,0.30106068,0.2741583,0.23619299,0.101991445,0.2812449,0.2646011,0.24527946,0.28889784,0.10589051,0.27580726,0.24506326,0.2883666,0.25280842,0.246811,0.23161617,0.29971227,0.29975924,0.29299766,0.29225215,0.29061642,0.27471212,0.26686263,0.24090098,0.24376121,0.2341657,0.28127643,0.22577928,0.29579738,0.22683622,0.24939026,0.26384822,0.13355777,0.2803992,0.28434086,0.25389528,0.30322602,0.18688583,0.2672774,0.25378874,0.21675096,0.2737625,0.22912027,0.29754382,0.21470849,0.32271504,0.24851735,0.29088226,0.17431751,0.26839954,0.177463,0.25479606,0.21372777,0.2838455,0.26159108,0.19736774,0.1985157,0.14541721,0.28927746,0.21559496,0.26818666,0.26290575,0.27116486,0.22620127,0.2695256,0.22060245,0.2941674,0.27811465,0.22941804,0.21167783,0.26973775,0.2901009,0.29573867,0.23855934,0.27881613,0.22471565,0.29575056,0.28413004,0.12817147,0.2264545,0.24328993,0.2622568,0.17072558,0.08555711,0.253469,0.22301885,0.26631397,0.2468955,0.29925013,0.20292145,0.2961546,0.29380736,0.2953125,0.2817013,0.2505903,0.20486079,0.19260103,0.22403207,0.27622613,0.14617263,0.28718272,0.253791,0.28915316,0.2710101,0.28842565,0.17356937,0.19904576,0.21010289,0.3065114,0.21740755,0.25808245,0.3644714,0.33644828,0.23159343,0.26952687,0.26945326,0.1580836,0.115621,0.18063067,0.25283396,0.2147074,0.13299087,0.44800812,0.18477795,0.23265314,0.22771907,0.26305678,0.1341384,0.22510959,0.2689904,0.2563229
BC2026_Train_0003_S08_20250607_070007_50,0.16565977,0.09325807,0.07951814,0.34394974,0.0027184666,0.25588888,0.087081686,0.12766781,0.06397828,0.10185353,0.5078553,0.088646196,0.0508,0.0008020499,0.0021349443,0.2568997,0.02591798,0.02012425,0.49198276,0.26875314,0.118297726,0.10877127,0.21028599,0.11778143,0.25240883,0.0070168693,0.20540491,0.17996077,0.09724042,0.30338824,0.10956363,0.07985903,0.21259055,0.09268282,0.051386703,0.12211301,0.14454822,0.14376058,0.054313004,0.14003776,0.18801607,0.061358053,0.15188752,0.09065132,0.09753184,0.13183746,0.2849024,0.11319586,0.08324033,0.18075761,0.15064238,0.115306415,0.12394927,0.14464153,0.32097754,0.0011887614,0.09683409,0.21588762,0.0142772505,0.12751542,0.3331424,0.020482918,0.15455511,0.40431574,0.09171107,0.036411326,0.19420166,0.024713779,0.03846095,0.16210291,0.030078325,0.027638892,0.18482879,0.21686107,0.28688636,0.21443225,0.27843052,0.29393414,0.21110664,0.2893573,0.27157962,0.22717789,0.29696596,0.1261784,0.25185907,0.26682523,0.20684522,0.29411364,0.27374083,0.21522352,0.24188973,0.25311115,0.21078338,0.32889497,0.27143317,0.2455508,0.29239345,0.5357661,0.2719012,0.27929163,0.2172794,0.18458156,0.27926427,0.34126812,0.29446912,0.2916037,0.20876658,0.0949661,0.29325196,0.25158596,0.14120801,0.2895878,0.13133569,0.25334078,0.2365876,0.2656967,0.24664128,0.2849066,0.26512885,0.29369667,0.2998717,0.28425345,0.26863897,0.29189622,0.26548576,0.2103732,0.23294193,0.24054143,0.24428183,0.25359377,0.20396027,0.29586244,0.28580973,0.2419105,0.26623654,0.19947678,0.289705,0.2879747,0.2507788,0.33024994,0.12212728,0.21884483,0.21132593,0.221257,0.28420874,0.16209319,0.24029061,0.23115575,0.3422139,0.26866454,0.2340004,0.18361959,0.2889195,0.18613005,0.23318867,0.18760657,0.26897484,0.13986887,0.2875623,0.26175463,0.20493674,0.2562232,0.28591496,0.25825363,0.2476039,0.29838002,0.2719832,0.2567644,0.2145965,0.2977495,0.29775694,0.21004504,0.1836296,0.22265556,0.276422,0.2610848,0.21456158,0.2731043,0.23759207,0.29498103,0.2711866,0.131861,0.22107539,0.23796728,0.21793753,0.2468285,0.110301405,0.21914193,0.20326643,0.27419192,0.22021608,0.29999828,0.22050394,0.2996511,0.22093,0.24430612,0.20600842,0.14356443,0.21454404,0.27110097,0.19480482,0.13645843,0.1279077,0.29358122,0.24490352,0.2727096,0.25601447,0.2844328,0.24057752,0.27622512,0.28022164,0.24980389,0.22169313,0.25116533,0.34577525,0.33767933,0.25329962,0.28689936,0.25086957,0.21945201,0.13103959,0.17227189,0.22090559,0.22537059,0.24195533,0.44377628,0.20334971,0.26112068,0.15966071,0.28092727,0.25684497,0.21100649,0.27336034,0.2562755
BC2026_Train_0003_S08_20250607_070007_55,0.2064897,0.10962055,0.09697823,0.28802627,0.002862679,0.2544683,0.075951986,0.19117524,0.04640463,0.10317448,0.29699296,0.058252156,0.042371903,0.0008614551,0.0022120236,0.28636575,0.06445804,0.017903596,0.47947258,0.15057449,0.1889244,0.09215136,0.22275788,0.16805111,0.308738,0.007389936,0.29925546,0.16888843,0.09095608,0.27669615,0.113652065,0.082317635,0.20280823,0.096916504,0.051117755,0.12749308,0.17613387,0.18130314,0.061231382,0.16959974,0.21861163,0.07235223,0.17067221,0.10222353,0.14907843,0.1537515,0.30353448,0.14722404,0.08985592,0.1762937,0.13984351,0.124979116,0.12374195,0.12176182,0.39778274,0.0009888234,0.09135772,0.17370583,0.013669051,0.20043479,0.25682208,0.020855715,0.17203814,0.3688174,0.0969134,0.03175827,0.17109677,0.038067557,0.028303012,0.19427662,0.023338856,0.028362654,0.25047255,0.26115185,0.27674448,0.2135754,0.22933407,0.29921722,0.2655445,0.27031314,0.2212249,0.15383817,0.2885821,0.09522796,0.22609502,0.28681093,0.25294203,0.19951934,0.28758046,0.22648522,0.19726999,0.26058996,0.11541687,0.32117304,0.28357416,0.28610855,0.23958334,0.5859196,0.24953252,0.2486976,0.21306711,0.27856076,0.29979673,0.35426503,0.3008101,0.23220673,0.2021409,0.16959757,0.26096597,0.28750622,0.24862775,0.2799658,0.17176886,0.26912928,0.27065688,0.300413,0.20615713,0.27835536,0.23150876,0.2992533,0.2990656,0.2846564,0.29419988,0.2863199,0.27267194,0.23446503,0.26550034,0.24765943,0.21133888,0.28782266,0.22696076,0.29098326,0.24584405,0.27828768,0.2807094,0.20064642,0.28122047,0.2925361,0.27460548,0.34065023,0.16433102,0.15386003,0.2776696,0.24891445,0.22804856,0.18758415,0.29949266,0.12183158,0.23770793,0.2837472,0.22672375,0.22561432,0.22669476,0.2674988,0.29614013,0.20645095,0.2621655,0.239707,0.24553597,0.29358467,0.22966906,0.29411015,0.17963926,0.29388332,0.28890163,0.3026818,0.2870006,0.284885,0.24902885,0.29386538,0.2556747,0.24163005,0.22980972,0.26217017,0.30127305,0.2922538,0.2012807,0.2818726,0.25077638,0.294745,0.2932558,0.14099051,0.18518355,0.24189903,0.25860023,0.16344956,0.094462104,0.2545358,0.2323664,0.27113008,0.22498523,0.24114935,0.26284188,0.2866534,0.29031926,0.2742349,0.24619809,0.2124885,0.22682844,0.26508316,0.2525397,0.20289835,0.1682661,0.2924647,0.29592064,0.29491168,0.25654233,0.29489085,0.24695341,0.2668779,0.28250533,0.28638214,0.2270289,0.27067924,0.33827353,0.34319806,0.2644576,0.26037967,0.252064,0.1684888,0.19972306,0.21194702,0.20394288,0.14180638,0.24674767,0.46071494,0.2278946,0.27547455,0.18542537,0.27742767,0.1129973,0.19313803,0.26219574,0.25447452
BC2026_Train_0003_S08_20250607_070007_60,0.3110996,0.1163763,0.07647317,0.28268665,0.002539848,0.2590887,0.06938216,0.08458893,0.046668038,0.08931595,0.23928024,0.04787259,0.050839495,0.00091591966,0.002076823,0.26530752,0.036122166,0.02691654,0.49860674,0.28405508,0.17988816,0.09746326,0.13606584,0.11272364,0.2595479,0.007763923,0.19276682,0.23276012,0.13190605,0.28959134,0.11208755,0.08679779,0.21403357,0.09283041,0.0567302,0.12556462,0.18111975,0.1875862,0.0659018,0.20256253,0.21324825,0.0775884,0.1512538,0.116018616,0.124808885,0.1394049,0.2769339,0.12630655,0.099581465,0.20029473,0.13719855,0.13331886,0.12820491,0.10299333,0.39956704,0.0011010611,0.09608956,0.18886589,0.012222678,0.24424209,0.33217084,0.021541841,0.16861951,0.3377015,0.09544222,0.03628414,0.20584726,0.041554883,0.024246115,0.24715959,0.02566408,0.029855791,0.20726365,0.2043223,0.23450461,0.21506897,0.27035978,0.29473743,0.2499152,0.2932158,0.24121702,0.20121144,0.27780476,0.06705859,0.29197747,0.2311985,0.23637085,0.24554022,0.25680217,0.24685887,0.28408498,0.26485914,0.15697674,0.29361016,0.2622818,0.25848553,0.24768187,0.55223835,0.2910848,0.2552631,0.23195511,0.1075919,0.29302114,0.3463901,0.29931632,0.25915757,0.21458775,0.13008095,0.29082096,0.26131913,0.23569411,0.2923216,0.23378733,0.26177737,0.19793876,0.29943126,0.24787955,0.25279254,0.23094572,0.29991388,0.29925922,0.28483063,0.29498532,0.29079655,0.29721588,0.2569389,0.24495482,0.28215986,0.26024225,0.28247374,0.2514474,0.29159397,0.24448511,0.2640342,0.26847667,0.20444044,0.2935748,0.2851424,0.2481081,0.30984133,0.115368195,0.28736576,0.2835162,0.25598842,0.2513622,0.15954398,0.258507,0.22698136,0.3215011,0.2725725,0.21454966,0.26715997,0.2639137,0.2236662,0.29851705,0.2044173,0.18559365,0.21385133,0.20750506,0.25406262,0.2517506,0.25094664,0.2513455,0.23247255,0.2919703,0.2971872,0.29066253,0.25575396,0.196877,0.2937014,0.28441867,0.22474244,0.216619,0.22654076,0.22040333,0.26109782,0.25040194,0.27204245,0.26589826,0.29921973,0.2131019,0.13931632,0.26189932,0.25967562,0.21896212,0.19391307,0.088908814,0.25017565,0.24486306,0.29963446,0.26701763,0.2558827,0.19681229,0.2886533,0.2619556,0.2680816,0.2725534,0.20758408,0.21633036,0.20380639,0.22933906,0.13993649,0.19400263,0.28068367,0.28917798,0.28244588,0.2789604,0.2962876,0.19348027,0.25959754,0.25971943,0.29176915,0.2896779,0.26758575,0.32776034,0.3589197,0.19812042,0.2869653,0.20493211,0.21976216,0.13079089,0.22064032,0.17127773,0.1772783,0.18604933,0.44337267,0.19912295,0.26692784,0.22099774,0.27537742,0.092321426,0.20950845,0.267978,0.280616
BC2026_Train_0004_S08_20250607_070007_5,0.17327514,0.13174589,0.14780381,0.27838957,0.0020692486,0.2654205,0.04764864,0.095743015,0.05094976,0.08780631,0.2775129,0.18333319,0.076917864,0.00080974726,0.0019631314,0.28854728,0.024326392,0.03413455,0.41165528,0.2825094,0.20746092,0.08075741,0.16320874,0.06667237,0.30440512,0.0062154788,0.22719623,0.2428382,0.27998364,0.27708822,0.15456112,0.07381163,0.22891843,0.09724722,0.04764194,0.10776991,0.15614688,0.12485602,0.06532787,0.13791135,0.20175084,0.069872774,0.15453699,0.07750364,0.15219033,0.15799788,0.33572435,0.16324005,0.077184536,0.0828526,0.117750384,0.10003394,0.10903064,0.13304542,0.34575152,0.0008649403,0.099359326,0.175372,0.02257988,0.17176908,0.42124432,0.024861716,0.23692724,0.2887916,0.108604416,0.028141553,0.2511701,0.0202731,0.015977085,0.17704715,0.027304742,0.03155853,0.23512697,0.27882195,0.30756366,0.22673273,0.1991023,0.29731005,0.19355759,0.21065383,0.22241461,0.16478765,0.29374862,0.1577484,0.26845792,0.24812467,0.26270315,0.28797722,0.24193484,0.2142786,0.24447007,0.29289183,0.17717922,0.33082736,0.117417134,0.22958732,0.1713548,0.46182784,0.26945776,0.25002956,0.16604197,0.17339179,0.29719073,0.34761697,0.30298203,0.29251042,0.23467912,0.08394026,0.2720417,0.2362285,0.23153017,0.28693935,0.15667354,0.28172186,0.18388735,0.27966192,0.23017384,0.23994434,0.20884007,0.29940394,0.28529808,0.29503024,0.26330748,0.2638313,0.24061695,0.18932253,0.19801983,0.27567124,0.24359785,0.27002063,0.26971763,0.28394535,0.19712935,0.2993852,0.25110182,0.15246774,0.2651116,0.28438953,0.28868207,0.36345458,0.16870955,0.13085921,0.23658887,0.23627222,0.275754,0.15346992,0.28173095,0.26357487,0.2705116,0.22607486,0.2294359,0.196501,0.2361158,0.14670213,0.2897693,0.21345586,0.2554882,0.14455009,0.2408945,0.25597936,0.23495938,0.26684463,0.159741,0.27526316,0.25149724,0.27941522,0.17151217,0.23672211,0.21014695,0.29855728,0.27680588,0.16778085,0.25446907,0.2839337,0.26174322,0.27303255,0.20933679,0.26872665,0.2731995,0.28724486,0.24935189,0.1412349,0.22585447,0.23091896,0.15041672,0.14276072,0.072487675,0.28752536,0.21539466,0.24586865,0.2133001,0.27289984,0.24712922,0.29934254,0.2902675,0.27852872,0.27670506,0.27405563,0.23028968,0.14992149,0.23326764,0.18224517,0.18069296,0.2671621,0.28456116,0.2850441,0.29428858,0.2786134,0.20079719,0.2655794,0.27968362,0.28544134,0.29740146,0.26238647,0.34849477,0.32842717,0.27284288,0.2775103,0.21814546,0.17158747,0.16157763,0.15737812,0.20491357,0.27233386,0.187116,0.39046583,0.1745913,0.27959213,0.18526961,0.29119524,0.18982157,0.24646589,0.250444,0.2657373
BC2026_Train_0004_S08_20250607_070007_10,0.15691972,0.1333447,0.16647974,0.23511742,0.0024062714,0.23012075,0.04546832,0.07835319,0.054108776,0.07901564,0.21100694,0.13084869,0.051658697,0.0008173812,0.0019268293,0.27595705,0.022200786,0.029218713,0.41474748,0.14118978,0.20782715,0.078701,0.14473331,0.065349475,0.21528739,0.0072705797,0.16103838,0.26453844,0.2929226,0.28604385,0.12986852,0.07716003,0.22691444,0.0895317,0.046012256,0.10935372,0.15741107,0.12647638,0.059278727,0.14047448,0.19847357,0.058927543,0.16002204,0.083162755,0.1557699,0.16339028,0.33300573,0.15311547,0.06939346,0.08851207,0.12831087,0.099381424,0.10788208,0.11922468,0.36599192,0.00076805305,0.10515652,0.17538881,0.01907114,0.19760925,0.29314888,0.023561366,0.13512975,0.27394202,0.09326608,0.027792476,0.2733387,0.017360512,0.020127751,0.25261205,0.025269236,0.032916456,0.21971464,0.26760495,0.2899001,0.1920769,0.26129293,0.29808888,0.20237169,0.24026932,0.26441696,0.21710365,0.28965992,0.11166426,0.2545711,0.27497768,0.27002284,0.28693137,0.25677505,0.22917613,0.26438078,0.29257753,0.14415893,0.3010821,0.23466484,0.24729949,0.22293413,0.50326,0.23632579,0.21094604,0.19957784,0.13710165,0.2857912,0.33285323,0.29801416,0.21696423,0.2343849,0.07443556,0.26784903,0.22641653,0.23019579,0.28449458,0.24639928,0.28701752,0.23676023,0.284048,0.21017629,0.25172514,0.20185745,0.28727254,0.2966947,0.29071787,0.27370963,0.29406902,0.24317591,0.19590542,0.2467116,0.23875885,0.21769191,0.27363908,0.26515073,0.29150608,0.18408696,0.25447583,0.27534088,0.19211231,0.28140235,0.28974465,0.27400696,0.20168659,0.11138821,0.1474321,0.21355268,0.24988966,0.29969773,0.10658301,0.28845176,0.08396904,0.26051456,0.23783572,0.1793419,0.16270842,0.2635217,0.2690705,0.28096482,0.195108,0.12770723,0.18855502,0.22290464,0.22282517,0.12328535,0.26177123,0.22333914,0.23043127,0.2584951,0.2751828,0.19600229,0.2664702,0.25737402,0.29745263,0.27748,0.13848574,0.26564586,0.261168,0.25645068,0.18061739,0.20012723,0.28732884,0.27490494,0.29995367,0.259971,0.13513012,0.23148344,0.2700837,0.11340321,0.13008885,0.09230141,0.24160273,0.25976363,0.19609138,0.28548372,0.29046613,0.21850671,0.2862563,0.28496543,0.28121993,0.25353354,0.24159522,0.24458462,0.23558165,0.22612089,0.18874837,0.17494811,0.261184,0.26585048,0.29973164,0.27100796,0.2998325,0.18176058,0.25833517,0.25027505,0.28165007,0.26170805,0.27533907,0.33627197,0.32556984,0.23810303,0.27310586,0.24263065,0.2401994,0.17692378,0.18522935,0.2273495,0.16040987,0.23144384,0.39612377,0.19043203,0.23044477,0.18307497,0.2927889,0.12413953,0.19185708,0.23609658,0.27065754
BC2026_Train_0004_S08_20250607_070007_15,0.131505,0.12854931,0.08929397,0.2949803,0.0023840002,0.25022846,0.0580173,0.12242991,0.06880538,0.084100686,0.1806396,0.08667508,0.058366813,0.00077591673,0.0018211784,0.30265924,0.0221229,0.019875377,0.37694532,0.18437032,0.16804871,0.07618696,0.14311153,0.07241632,0.2300399,0.006775135,0.17894787,0.15476164,0.20168285,0.21490301,0.12579168,0.071605146,0.22424658,0.07907972,0.04904841,0.103121415,0.1592296,0.12021315,0.06810714,0.13444307,0.20494854,0.066082455,0.1501759,0.084756196,0.14913473,0.15739253,0.32871792,0.15871526,0.07526825,0.07937443,0.12575945,0.09431858,0.10396995,0.12844118,0.35454333,0.0007227005,0.10498377,0.17497769,0.012990337,0.21796472,0.28983325,0.021991085,0.15818337,0.29655027,0.07653917,0.068340346,0.16403812,0.01786695,0.017973032,0.14038746,0.023138177,0.032054596,0.20755744,0.21964014,0.25364345,0.16381653,0.23604617,0.29732376,0.2630465,0.23108386,0.22719309,0.24627821,0.2934346,0.15420918,0.24555744,0.26555526,0.22041014,0.2762808,0.2685781,0.21442208,0.25684032,0.2904328,0.20069316,0.31868905,0.17106155,0.2087689,0.20532024,0.5288169,0.23374295,0.2500805,0.23038974,0.16244704,0.29709595,0.34063774,0.30642214,0.24364248,0.22153449,0.13086045,0.25219157,0.22903624,0.24414551,0.29532197,0.23762906,0.2616526,0.1631545,0.28368226,0.22527961,0.27904573,0.24465963,0.27366778,0.2975913,0.29462183,0.26806742,0.26818347,0.22896108,0.22558388,0.21325855,0.29208702,0.22104242,0.29895118,0.26927504,0.2786082,0.26849976,0.25211608,0.2630436,0.25401923,0.29946512,0.28907216,0.2791366,0.26261258,0.103069544,0.2209375,0.21611246,0.261059,0.27459386,0.1176869,0.29140398,0.18724813,0.26004475,0.24454054,0.2756603,0.2113292,0.24268071,0.22318658,0.28827828,0.22828434,0.25016424,0.1441685,0.23684569,0.20911162,0.16551727,0.2597464,0.19074187,0.27473918,0.2632524,0.3048717,0.2737668,0.28207508,0.24992923,0.296702,0.2741754,0.10272822,0.25422928,0.24224834,0.26499748,0.29429632,0.23199704,0.26500797,0.2456975,0.26314157,0.27096742,0.12800428,0.22788912,0.2030904,0.27890313,0.19794248,0.07471579,0.2628222,0.2506056,0.2638853,0.23989752,0.289861,0.28050816,0.28961968,0.28622553,0.26905873,0.24134482,0.23624332,0.26047805,0.21407415,0.23924716,0.25496414,0.23798402,0.2569504,0.29135942,0.29974455,0.28674594,0.2893397,0.18368745,0.2530836,0.28103757,0.27521065,0.28465134,0.2746752,0.3565702,0.3298035,0.25780505,0.27231595,0.1897611,0.21810775,0.16700123,0.24299464,0.16301663,0.13701123,0.22683653,0.39533192,0.22995406,0.28686443,0.13370275,0.29120985,0.10007645,0.15933414,0.27696532,0.28408456
BC2026_Train_0004_S08_20250607_070007_20,0.14113636,0.13279095,0.14784831,0.26524195,0.002655666,0.25005683,0.07417137,0.093284026,0.07273698,0.08531171,0.19455041,0.2649922,0.056180574,0.0007543826,0.0017165584,0.31262594,0.024134723,0.023530135,0.4056424,0.12322652,0.18543647,0.07524798,0.19029891,0.07078787,0.22738259,0.0055493,0.2247529,0.24811365,0.22050653,0.30003327,0.1256078,0.06900855,0.2322376,0.09042883,0.04418082,0.1039079,0.15915006,0.12345429,0.057857998,0.14104347,0.21507713,0.059401028,0.16035883,0.0797648,0.16334024,0.16808361,0.3555833,0.16941825,0.072435915,0.09106033,0.11730728,0.09410926,0.10469673,0.12019919,0.37109882,0.000770231,0.09831578,0.17166889,0.01465841,0.14716062,0.28529137,0.021554334,0.20155063,0.30859917,0.08055593,0.036507256,0.19541827,0.021315556,0.020608593,0.19344245,0.021975152,0.03813566,0.21867234,0.2526284,0.27026814,0.21007936,0.2562705,0.29629606,0.2565001,0.28527617,0.2829784,0.16538371,0.2953568,0.103028916,0.25071764,0.26925397,0.2712935,0.28929326,0.24265842,0.23837824,0.2691938,0.29645494,0.25609213,0.34677535,0.19223002,0.15875812,0.22077449,0.54316425,0.22277853,0.21634336,0.1805989,0.14182726,0.29066047,0.34590018,0.30019483,0.24554081,0.1996551,0.09048809,0.26891622,0.24919319,0.23348804,0.29529542,0.20780802,0.2807631,0.268564,0.29226092,0.2408383,0.22412166,0.22173117,0.281821,0.29761222,0.29556072,0.26950407,0.28201342,0.27656803,0.23002802,0.22736493,0.29604682,0.23598655,0.24627097,0.27508253,0.28234446,0.29351774,0.2500696,0.23325427,0.14852917,0.27446604,0.28802273,0.2690575,0.2887053,0.1268201,0.16165562,0.25074938,0.26296046,0.24765939,0.10536241,0.29640454,0.16047223,0.3048434,0.2612407,0.25346377,0.18029018,0.24131334,0.26378158,0.2882064,0.23975419,0.18836874,0.1729765,0.23770356,0.25384775,0.13744715,0.24511465,0.22662985,0.24098442,0.27386135,0.2892886,0.223328,0.2803235,0.2501632,0.2985216,0.277599,0.15410459,0.26650697,0.25697234,0.27484465,0.26760754,0.22448581,0.26972067,0.26285142,0.2968584,0.29110208,0.13229257,0.2204906,0.24860963,0.2559144,0.13320522,0.11192576,0.2622977,0.25650615,0.26797456,0.22326572,0.2861772,0.19874407,0.2887833,0.2825592,0.27891353,0.23346375,0.27219093,0.2574351,0.20961277,0.2553003,0.21765353,0.16559574,0.2900288,0.2901819,0.29994255,0.28625137,0.29091632,0.18042111,0.2548653,0.2823932,0.28501946,0.26957697,0.28241217,0.33507738,0.32454416,0.24099758,0.2785861,0.23167807,0.21364054,0.17707165,0.18560384,0.20629658,0.11314054,0.16694777,0.40074304,0.19303375,0.2568407,0.14207383,0.29318488,0.16537651,0.20201509,0.28284156,0.26929325
BC2026_Train_0004_S08_20250607_070007_25,0.12395851,0.13444038,0.13695039,0.24664348,0.0022969719,0.28315008,0.054105025,0.07901665,0.07424837,0.079633154,0.20391178,0.2032055,0.052631,0.00072903046,0.0016415827,0.32574564,0.020473037,0.028085424,0.4733898,0.19049211,0.16137913,0.08726359,0.13221292,0.067262866,0.20916793,0.005861121,0.2456506,0.23943603,0.23709065,0.29337513,0.124458894,0.07120911,0.24225593,0.09301858,0.048799776,0.104501404,0.17053868,0.13644041,0.06381367,0.15577023,0.22356072,0.07084731,0.15607837,0.09006788,0.14468393,0.172878,0.3268128,0.16374873,0.08843385,0.09469631,0.12557611,0.104658104,0.10678949,0.123891495,0.3678694,0.00084957224,0.114725076,0.16823402,0.017028403,0.13238443,0.3328488,0.022821426,0.17675796,0.27690926,0.08080022,0.044347502,0.21922271,0.023449805,0.0153026115,0.2348129,0.026960745,0.024895426,0.21417984,0.2529452,0.3071808,0.20629959,0.2546533,0.29518446,0.18028149,0.28742173,0.270253,0.17685702,0.29128122,0.23265415,0.27459094,0.26891363,0.24857414,0.27259755,0.22723949,0.23517138,0.2803134,0.26853117,0.27459428,0.3552258,0.17613798,0.21319184,0.2892993,0.568679,0.2944232,0.22639571,0.20622794,0.111906305,0.28067857,0.33878884,0.29593253,0.27875996,0.22557245,0.15629375,0.28851473,0.23305508,0.24590425,0.29855037,0.13519645,0.25207558,0.20468159,0.29169756,0.22632647,0.24396026,0.22628388,0.29710335,0.29891104,0.29256403,0.28273833,0.2940703,0.24299408,0.2474797,0.28511456,0.29511842,0.22385374,0.25637567,0.2749558,0.28708118,0.24227169,0.29913616,0.2822696,0.16500473,0.28611287,0.27508822,0.28637612,0.24595968,0.17498738,0.25996822,0.20323107,0.24131107,0.28184864,0.10832033,0.28818893,0.29647848,0.31528908,0.27164748,0.21599935,0.2908559,0.23283069,0.20729634,0.26766592,0.23035018,0.225159,0.20118298,0.21535556,0.24951336,0.2517386,0.23202339,0.24365444,0.25571987,0.24315469,0.2990766,0.28779843,0.28131816,0.23002565,0.29939583,0.2978183,0.16955273,0.25487554,0.2672773,0.30235276,0.1892064,0.23395933,0.25703323,0.24479856,0.2879036,0.28374106,0.14528793,0.2714938,0.20235945,0.19604006,0.27307275,0.107269175,0.2658753,0.23213737,0.26688054,0.2292371,0.2941483,0.23301436,0.2959128,0.27548307,0.24134254,0.24607775,0.25122517,0.27425143,0.22700997,0.22481795,0.18826377,0.21289183,0.28478438,0.2761497,0.29204527,0.26739138,0.28970167,0.1581892,0.24113965,0.22163771,0.287452,0.28566194,0.2779085,0.33804876,0.32310006,0.27067363,0.28893125,0.20689434,0.21205601,0.24758884,0.20450094,0.21089728,0.25780678,0.119765796,0.40282878,0.21377508,0.29070112,0.16856997,0.28138196,0.20456767,0.2595442,0.2673534,0.2684337
BC2026_Train_0004_S08_20250607_070007_30,0.11038451,0.11753808,0.07536152,0.2477739,0.0019625146,0.22944874,0.04712173,0.06998364,0.060621805,0.083142675,0.20371045,0.0508311,0.04908508,0.00072301546,0.0018189589,0.32916927,0.015830908,0.019102195,0.4414078,0.1621675,0.16364291,0.08125429,0.17886636,0.06950599,0.20988631,0.0071801776,0.23824173,0.17301685,0.1718894,0.2462779,0.111280166,0.06673431,0.24575002,0.07604727,0.041252457,0.093695864,0.16686168,0.12439287,0.06016857,0.14803618,0.2164392,0.057611205,0.14793442,0.07544978,0.13738377,0.1584479,0.34001917,0.17069484,0.07200129,0.09818667,0.11885776,0.09065443,0.09502311,0.11743704,0.36089784,0.00086068315,0.09764441,0.1589638,0.015998237,0.12398067,0.31056777,0.018460043,0.17161027,0.27058846,0.07241733,0.05813581,0.18571219,0.020011893,0.023621414,0.12688984,0.019095678,0.02738494,0.2690444,0.24914463,0.3310469,0.27706793,0.22591975,0.2987942,0.2934288,0.26407254,0.22435783,0.17328474,0.29525182,0.11570696,0.24269433,0.27005422,0.27832338,0.28642273,0.25997037,0.221914,0.2542264,0.2695512,0.219972,0.31802604,0.24688269,0.1912777,0.2189872,0.59368557,0.24400263,0.25885865,0.22937071,0.09574735,0.28838998,0.34031022,0.29947156,0.2745335,0.24044263,0.1012181,0.28744873,0.27606222,0.24668182,0.28961283,0.23028499,0.2846854,0.21648398,0.29908708,0.24014054,0.27043742,0.2569707,0.29830647,0.29911298,0.29624906,0.28144664,0.28233343,0.24487779,0.2243987,0.21366556,0.29614243,0.24320854,0.2957708,0.2823284,0.29420242,0.1710423,0.29631507,0.2600023,0.18739085,0.29991043,0.294534,0.2937803,0.19304413,0.15374614,0.13767529,0.25930187,0.2724543,0.25065747,0.1617264,0.28897434,0.29655248,0.26972842,0.28152725,0.20319387,0.18975993,0.23356555,0.26994216,0.2870594,0.22041966,0.2102105,0.16497025,0.21743636,0.24103919,0.16529405,0.26603916,0.22817943,0.2618187,0.27013084,0.2965588,0.2799769,0.2794479,0.2515485,0.2990751,0.29577687,0.15476827,0.22763114,0.26014373,0.24752,0.2580591,0.20832047,0.28617907,0.27020732,0.29738793,0.27776158,0.1108846,0.22728023,0.22135405,0.19270638,0.16643815,0.09178452,0.26473853,0.24449839,0.27843213,0.27562404,0.29145098,0.26579458,0.2972708,0.28325674,0.24163313,0.24872455,0.26442307,0.26508915,0.22613509,0.2618539,0.15481849,0.1663475,0.27306938,0.2915647,0.29995295,0.28557673,0.28398368,0.16041899,0.24698201,0.2732637,0.29232374,0.28443745,0.27854604,0.3464613,0.32881925,0.27745828,0.28779426,0.2182304,0.26136798,0.20847434,0.17089541,0.24599077,0.2241991,0.16196685,0.41810372,0.255596,0.27576837,0.259145,0.2940609,0.10461762,0.18569279,0.2848953,0.2925528
BC2026_Train_0004_S08_20250607_070007_35,0.1355635,0.1388906,0.054223433,0.29058915,0.0019616822,0.24754521,0.07725176,0.083518885,0.061262764,0.08131726,0.23376575,0.054596625,0.048349496,0.0007003936,0.0015863786,0.38099557,0.01757175,0.018382493,0.44661212,0.19664821,0.19778137,0.086241044,0.20130253,0.0675852,0.23095445,0.0068413066,0.21235764,0.19996816,0.19630754,0.28628892,0.14327967,0.073254034,0.23408262,0.09311662,0.04567326,0.1072263,0.15633008,0.12620704,0.06230011,0.15167563,0.21963349,0.0701501,0.15671715,0.077318884,0.1489923,0.17282951,0.35405475,0.16711366,0.07195202,0.08883507,0.12736273,0.10641302,0.10919621,0.13703854,0.36838406,0.0008493695,0.10575762,0.1699383,0.011221085,0.20829648,0.3517766,0.020585231,0.20617552,0.29702282,0.07319897,0.04279029,0.17175683,0.02268739,0.014961975,0.1667766,0.024748774,0.03284581,0.26224712,0.24986014,0.21887137,0.17324933,0.21741273,0.29621953,0.2428018,0.29314476,0.23679231,0.15231824,0.29538926,0.1141826,0.25323692,0.28824663,0.27396917,0.28349805,0.2470422,0.24047416,0.2658326,0.28631264,0.23786527,0.31262553,0.27914706,0.25007707,0.25861892,0.53408694,0.25419846,0.21760795,0.19344601,0.20747554,0.28644228,0.3397346,0.3046197,0.26852193,0.26382047,0.16767529,0.256389,0.249109,0.25553173,0.29097873,0.21815488,0.29211682,0.21820542,0.29271063,0.25469667,0.22477104,0.19375382,0.2833878,0.2988405,0.2956994,0.2685087,0.27540278,0.26055703,0.21564297,0.24619034,0.27723303,0.2353086,0.27705804,0.22345117,0.27792785,0.31194118,0.23751435,0.25491202,0.17668019,0.28741845,0.29506183,0.28519112,0.2593509,0.22181487,0.15367183,0.26116678,0.2618889,0.24685456,0.18485491,0.2871964,0.12200429,0.28651467,0.24450305,0.264214,0.22534366,0.27940527,0.2285157,0.28945306,0.24685974,0.22348998,0.14786792,0.23219113,0.2691542,0.24301048,0.26957434,0.2749801,0.27464232,0.27108797,0.3042854,0.23818244,0.282663,0.2401707,0.29905826,0.26557326,0.13088329,0.28250852,0.2674263,0.29714984,0.28735137,0.22152075,0.2839601,0.28432417,0.28930318,0.28465095,0.15990198,0.2500141,0.2376646,0.15990701,0.23286666,0.08420348,0.27955997,0.27117744,0.26496208,0.27744132,0.2887056,0.22813684,0.29525512,0.2961143,0.2788905,0.26138175,0.27521324,0.25730962,0.16829015,0.276669,0.2685095,0.21062282,0.28155664,0.28723004,0.29060784,0.28161642,0.2930026,0.15401527,0.25603056,0.27353248,0.2961759,0.28367537,0.2766067,0.339839,0.3199578,0.18221581,0.27952883,0.25014368,0.20932372,0.16255638,0.190327,0.21280105,0.16946344,0.1826694,0.38011935,0.20140825,0.25512177,0.19141522,0.29022607,0.09050846,0.2754818,0.27812698,0.2874606
BC2026_Train_0004_S08_20250607_070007_40,0.15099205,0.111046985,0.0634784,0.2896605,0.001936791,0.23685503,0.048602216,0.06818547,0.054267794,0.0842748,0.22944705,0.03946861,0.043345578,0.00075081165,0.0018035171,0.36573398,0.024136804,0.022861954,0.37985498,0.11724314,0.1883323,0.0814889,0.1481133,0.056971148,0.2219963,0.0070565357,0.21790883,0.15774754,0.23952705,0.22622341,0.11977261,0.07087994,0.22673246,0.07916741,0.04769472,0.10613932,0.1665555,0.12048706,0.06941122,0.13950732,0.20989767,0.061566226,0.1402218,0.08866773,0.14349256,0.1649737,0.318883,0.16561513,0.07803454,0.08390083,0.10880742,0.09376183,0.096270874,0.12528309,0.3587213,0.00071525376,0.102222845,0.1616168,0.013202227,0.13207285,0.35697097,0.01850946,0.15143883,0.28741175,0.07047136,0.039415244,0.22982636,0.023325078,0.029121209,0.15453693,0.020779174,0.026690736,0.21712555,0.2608553,0.27608687,0.18846357,0.24976413,0.29876566,0.2530821,0.23917021,0.26498002,0.18190564,0.29254907,0.09665871,0.27588406,0.25516048,0.27267608,0.27739173,0.26828867,0.2673702,0.25527176,0.25786096,0.16088556,0.34328297,0.13413823,0.24181324,0.22494128,0.5087469,0.2644758,0.2515756,0.20884943,0.16049948,0.29512486,0.33270037,0.3040055,0.2516313,0.24626297,0.114410244,0.28079465,0.24132882,0.2662677,0.2932203,0.21186572,0.27586442,0.24608904,0.29685268,0.23222475,0.28923953,0.2409735,0.29747465,0.29606926,0.29542375,0.26451957,0.29674312,0.23052754,0.19522487,0.25175104,0.2958121,0.221123,0.2975718,0.24356958,0.28454596,0.22551675,0.28028333,0.25065878,0.11946948,0.27970412,0.29627818,0.29318804,0.26217765,0.1501357,0.2462907,0.23938349,0.29336682,0.21070817,0.09292187,0.28404486,0.23505497,0.29212466,0.2526863,0.18636687,0.21203429,0.25498387,0.22200797,0.29395357,0.2713729,0.27077708,0.181275,0.21810615,0.19630079,0.1744324,0.2895153,0.2201017,0.277209,0.26718348,0.2708861,0.28813252,0.2881053,0.26572058,0.29832903,0.296019,0.22204614,0.27690527,0.23946743,0.24235092,0.26428816,0.18355155,0.2910271,0.27899626,0.2967352,0.27334714,0.1596523,0.21687491,0.23543653,0.24108441,0.17015688,0.07095569,0.27122667,0.25265774,0.29640013,0.23991035,0.28289264,0.26068798,0.29513997,0.29282457,0.27198824,0.29188806,0.23719044,0.27614188,0.25005445,0.24288288,0.16398066,0.15883413,0.28344402,0.29290327,0.29826686,0.28667033,0.27909276,0.17264907,0.26334637,0.2603958,0.28260094,0.25725076,0.2693367,0.35165995,0.33193678,0.28588936,0.29865232,0.2511005,0.23736422,0.20483059,0.25993767,0.17363928,0.2318216,0.14600794,0.40610534,0.21821247,0.27851436,0.21404798,0.2901537,0.10221689,0.2076097,0.2784887,0.28675127
BC2026_Train_0004_S08_20250607_070007_45,0.17713739,0.13343124,0.051385846,0.27916503,0.0021762094,0.24121119,0.04634093,0.07843698,0.052280173,0.08461948,0.23028097,0.051507674,0.053188592,0.0007402556,0.0017933575,0.28624037,0.019579073,0.019812318,0.38904056,0.13074194,0.20345722,0.076032445,0.12524122,0.078554496,0.26497605,0.0066535976,0.19370814,0.20788357,0.15483645,0.24308048,0.1292753,0.07630924,0.23718548,0.08861778,0.048914872,0.11084914,0.16766033,0.12504664,0.06444937,0.15532422,0.21192348,0.067519605,0.16163684,0.08588575,0.1580519,0.1595369,0.34301943,0.1748729,0.078755304,0.09390424,0.12376596,0.107168674,0.11143807,0.1273388,0.36320725,0.00071818405,0.107513055,0.16796511,0.015382917,0.13323939,0.32410777,0.020026555,0.18170246,0.28413853,0.08760401,0.035245247,0.14854752,0.018658789,0.018150559,0.17589831,0.026552865,0.036685687,0.21652158,0.27502134,0.3175377,0.22898854,0.2471004,0.29878408,0.27903783,0.18701257,0.24745248,0.17114656,0.29495177,0.12827793,0.23674949,0.27171728,0.27421436,0.2900323,0.26503718,0.22745308,0.26435065,0.28682947,0.14780526,0.34178722,0.19269323,0.19689277,0.25700358,0.4617831,0.25900298,0.25120473,0.25316057,0.15419954,0.2878552,0.34231183,0.29881734,0.26381573,0.23565055,0.09320072,0.28116482,0.26409426,0.2435941,0.2864805,0.2551586,0.2915492,0.17420691,0.29722998,0.26028123,0.2818475,0.2205075,0.29356483,0.29851735,0.2956108,0.28295487,0.28982463,0.22154249,0.21938983,0.20681724,0.29168475,0.22675991,0.2922945,0.2331527,0.2770478,0.18559827,0.29935703,0.26984385,0.1799971,0.29746056,0.29240167,0.29550043,0.2684564,0.15417528,0.28124538,0.24419431,0.24726997,0.24234216,0.16554312,0.28203532,0.13648722,0.2526851,0.23505694,0.23291487,0.24454242,0.2503077,0.23442236,0.2944932,0.19603708,0.27026516,0.1601755,0.24068056,0.20607904,0.18753777,0.28028578,0.18954323,0.27281955,0.27357182,0.31249243,0.19426718,0.28773427,0.21264845,0.29778802,0.2867076,0.120838046,0.2521203,0.23580296,0.27776337,0.29755986,0.20203961,0.27896243,0.28399876,0.27966243,0.26576987,0.13258083,0.2274631,0.20794094,0.25025335,0.13006057,0.10122566,0.2802398,0.2433243,0.25984192,0.25791827,0.28339624,0.2773555,0.29671553,0.28659457,0.27866775,0.28111142,0.2581853,0.24670294,0.26291132,0.24970043,0.22719447,0.17076504,0.2827283,0.2957946,0.29908234,0.28183255,0.29028246,0.14192554,0.2195128,0.291347,0.29091674,0.22656678,0.28041098,0.34437138,0.32012498,0.27440414,0.27523497,0.23623154,0.21747266,0.24841551,0.2100978,0.23396088,0.27440023,0.21200348,0.37684312,0.22740279,0.2517275,0.18538599,0.2938239,0.099811316,0.2125811,0.2439778,0.2735148
BC2026_Train_0004_S08_20250607_070007_50,0.1713853,0.117457666,0.051635504,0.2803123,0.0020170184,0.23384587,0.05489971,0.076181665,0.05073771,0.082842335,0.21073507,0.062660545,0.05918723,0.0007596463,0.00186635,0.3131863,0.018320272,0.023176927,0.3421558,0.20584667,0.13550624,0.07505417,0.17313188,0.088962026,0.27461764,0.006087521,0.19534335,0.14976892,0.11466225,0.26900306,0.12851442,0.069049925,0.2280463,0.09021762,0.04199729,0.099466756,0.18233113,0.12318196,0.061177988,0.1482064,0.21600075,0.06823918,0.149052,0.07321139,0.15207858,0.16238768,0.34369364,0.18339308,0.079428926,0.08650484,0.11146216,0.09360264,0.103613414,0.13010712,0.3382594,0.0007799334,0.10112576,0.16253659,0.011279425,0.1660886,0.3906812,0.022941662,0.16057011,0.3041579,0.10256136,0.030906845,0.2262572,0.017606655,0.013532612,0.17316517,0.026030537,0.03468625,0.2569597,0.19911434,0.22248891,0.1824535,0.25028607,0.29795974,0.27352807,0.2251767,0.26346958,0.18724737,0.29415038,0.23720112,0.2945764,0.25507417,0.27920216,0.28265542,0.26922095,0.23508498,0.23803762,0.288918,0.28896084,0.34824932,0.15816997,0.19545789,0.22669406,0.4989428,0.2401816,0.28739402,0.28275675,0.17420626,0.26740623,0.3333793,0.30436358,0.25316882,0.24983078,0.08241975,0.27771482,0.24808463,0.2652532,0.2857905,0.20155945,0.2874169,0.27057838,0.29347992,0.266231,0.25293422,0.22339602,0.28409615,0.29716444,0.29893628,0.27374396,0.29887703,0.24771063,0.21257475,0.17019442,0.29327443,0.22011387,0.27687168,0.2516629,0.2918046,0.21273126,0.24721587,0.26820347,0.17130914,0.29778868,0.28998148,0.2763567,0.21717715,0.09897872,0.3001591,0.21110556,0.26502508,0.2410073,0.1366633,0.29779306,0.2586495,0.31449708,0.27174437,0.27463767,0.23404643,0.2520638,0.24819772,0.27520514,0.2648364,0.26194015,0.16962087,0.23397358,0.24705994,0.3014434,0.27427122,0.23130293,0.26242748,0.27037004,0.23696412,0.20778055,0.27442533,0.274159,0.2998676,0.28577733,0.10768609,0.26129743,0.2575665,0.26913258,0.2908359,0.23837434,0.2861135,0.28366598,0.29101023,0.29339895,0.14114183,0.2630002,0.22760475,0.16121273,0.23513672,0.080677174,0.287867,0.25589004,0.28057575,0.2390447,0.28893793,0.27403808,0.29299524,0.2953943,0.27663618,0.2807855,0.24957296,0.27027214,0.15849444,0.2663539,0.17719989,0.16219454,0.29773265,0.29068333,0.29904434,0.2809191,0.28812802,0.2108797,0.2856376,0.28367946,0.2970754,0.2851294,0.27275592,0.33481732,0.32541224,0.21956709,0.26736614,0.25905797,0.23510571,0.15767981,0.22214441,0.22959955,0.1545549,0.16443764,0.4055233,0.2466214,0.290719,0.11985058,0.2954083,0.20952438,0.24654107,0.2790542,0.2772079
BC2026_Train_0004_S08_20250607_070007_55,0.1483461,0.13130197,0.06285541,0.25628102,0.002503201,0.26043332,0.054359045,0.08871398,0.04952281,0.07560619,0.23405296,0.04743878,0.061356038,0.00073865417,0.0017426827,0.32176203,0.028440958,0.026188299,0.42331383,0.23502922,0.2000618,0.08970753,0.12846255,0.12253528,0.25131172,0.0064220987,0.18258724,0.23598802,0.13530484,0.26299933,0.12548526,0.06459758,0.22068486,0.100823805,0.046941888,0.11983414,0.17247388,0.14532077,0.06437906,0.13975619,0.21036014,0.070919864,0.16152638,0.08595755,0.16205283,0.1845234,0.32274365,0.18745592,0.07976949,0.10272223,0.1264726,0.10956178,0.11957254,0.13316377,0.3416254,0.00080474257,0.10990783,0.16680707,0.0125974845,0.2365545,0.41449136,0.024173258,0.18480651,0.31063122,0.10932092,0.036867015,0.25768602,0.022057561,0.01741907,0.20663013,0.029564327,0.027704895,0.26801226,0.26779345,0.30384037,0.17786986,0.24822801,0.29740134,0.17878313,0.29710078,0.27741045,0.18573669,0.29165265,0.20382026,0.26727337,0.27542675,0.25304192,0.2840768,0.28190097,0.25516036,0.26207352,0.24170287,0.14892516,0.35809407,0.17332315,0.18968755,0.25405765,0.5073298,0.29035845,0.24577947,0.2154097,0.26978886,0.28894538,0.3319026,0.2941298,0.25444627,0.2253097,0.075177595,0.25740966,0.25691527,0.20208177,0.28535876,0.15248193,0.28917056,0.25330058,0.29650342,0.27508035,0.22926937,0.24272794,0.29924655,0.2988741,0.29814965,0.28324056,0.26635844,0.2465598,0.28479123,0.28374848,0.29663542,0.25747433,0.2645022,0.22377563,0.27905113,0.28052726,0.2826006,0.24359463,0.22050564,0.29854178,0.28497458,0.28689027,0.31167367,0.12287611,0.20491453,0.2637624,0.24620797,0.21346365,0.28739375,0.29254192,0.09373177,0.3050798,0.2641352,0.25040832,0.19538125,0.25680137,0.19420603,0.29311597,0.2073367,0.25708514,0.23731747,0.26716015,0.19924694,0.22739819,0.29719543,0.2610669,0.28030178,0.2670412,0.31004113,0.24855644,0.26713708,0.24666722,0.2977618,0.29416344,0.22257537,0.23766321,0.2535308,0.29283783,0.2555678,0.27521443,0.29398224,0.27716503,0.29612646,0.28624466,0.14740819,0.23225304,0.23151003,0.19602484,0.20202227,0.06746375,0.28332242,0.23741375,0.2000692,0.25616965,0.28890744,0.25739077,0.29193884,0.28978255,0.27051505,0.26589915,0.2636671,0.27607062,0.2573683,0.2787298,0.16047977,0.16170639,0.28237155,0.29070807,0.28250363,0.27518463,0.28101897,0.17160924,0.25098684,0.2775302,0.29427606,0.29556945,0.27193645,0.3478961,0.32449043,0.23564628,0.27662334,0.23900191,0.1994428,0.1550356,0.20609196,0.22285366,0.19828606,0.19810157,0.41648504,0.25159743,0.2752459,0.137599,0.28518298,0.1216744,0.24236125,0.27510923,0.2780396
BC2026_Train_0004_S08_20250607_070007_60,0.14845237,0.13819374,0.091122195,0.30944905,0.002252782,0.2229127,0.07534822,0.20573051,0.05366169,0.07646885,0.22369805,0.046546128,0.05820153,0.00072082266,0.0019823115,0.3123114,0.05545662,0.02258547,0.41821903,0.17399777,0.17338863,0.09814618,0.26313776,0.14766033,0.23628499,0.005463667,0.20487662,0.21248333,0.14632681,0.29171738,0.12976715,0.07463368,0.20906575,0.109986976,0.050435174,0.12833703,0.17399728,0.13857695,0.07364471,0.13496523,0.20156494,0.07741816,0.17724581,0.082920164,0.17035693,0.19982529,0.31435424,0.18546943,0.07288036,0.1012334,0.1439049,0.118735254,0.12311987,0.15009913,0.33920258,0.00089029205,0.1175374,0.1703333,0.02039833,0.12671334,0.4042272,0.034110367,0.17986256,0.3434859,0.11959935,0.053281642,0.16959736,0.02069261,0.013854874,0.16540629,0.03229696,0.028346403,0.2915191,0.23307167,0.24826948,0.15207492,0.20162542,0.29577497,0.20242448,0.24752918,0.25842145,0.20662843,0.29688033,0.25889742,0.27150086,0.28672332,0.27016822,0.2867405,0.28689,0.23997176,0.2709159,0.28665143,0.27029586,0.36246037,0.2753414,0.29865277,0.24209325,0.43498996,0.23095672,0.20503998,0.21370685,0.2856152,0.27352887,0.33987832,0.3054467,0.25152496,0.2438131,0.110809244,0.256108,0.28952426,0.2188144,0.29144663,0.1784733,0.2856767,0.2359328,0.298993,0.22497965,0.27573356,0.23600832,0.2848651,0.29409555,0.29243594,0.2890655,0.2768352,0.28856608,0.2856645,0.24423903,0.2638098,0.20669056,0.25452724,0.2841065,0.28841627,0.21439819,0.26721355,0.21686676,0.28296652,0.29245764,0.2912888,0.2755978,0.3399852,0.2145125,0.19972344,0.28216255,0.2868356,0.22550426,0.28461447,0.29930413,0.10774658,0.31357408,0.27510244,0.27118912,0.2419323,0.24191402,0.2551031,0.29345974,0.24941115,0.20177473,0.25209558,0.24437444,0.28926995,0.1940183,0.29789048,0.21778908,0.28900853,0.2506741,0.28317267,0.18818276,0.2900145,0.24370663,0.29784006,0.26434752,0.12993148,0.24180214,0.27455568,0.2935025,0.28605837,0.29867458,0.2884921,0.27519608,0.28738227,0.29795945,0.14705029,0.23107663,0.24281596,0.18023485,0.18751083,0.082561255,0.2950937,0.2825144,0.2469821,0.2601381,0.27629462,0.28960362,0.28982463,0.29844606,0.29634315,0.27346155,0.26525104,0.2858812,0.25194547,0.29541993,0.23872949,0.19578274,0.27196988,0.2904975,0.29147214,0.2842021,0.29474834,0.17328219,0.2595547,0.27535272,0.28915197,0.28409842,0.28514537,0.32854354,0.32707798,0.21439704,0.2928725,0.2259737,0.19983701,0.17565417,0.15169986,0.26300627,0.15897007,0.18706134,0.40199098,0.2373007,0.28416848,0.1356392,0.29012513,0.21918051,0.25708288,0.268014,0.27782422
BC2026_Train_0005_S08_20250607_070007_5,0.085006304,0.14186797,0.07571886,0.2555701,0.003148789,0.20783544,0.05434157,0.09800136,0.054755427,0.072949015,0.22503647,0.10826331,0.08613258,0.000659093,0.0020673343,0.24521275,0.029142369,0.025520792,0.356031,0.13052438,0.13390805,0.10098557,0.20549577,0.11006592,0.23264995,0.0056380304,0.12300323,0.18944074,0.09999742,0.28880674,0.12823753,0.080898985,0.22033839,0.11212678,0.062297273,0.12962684,0.17626436,0.12777819,0.07629184,0.16745314,0.18365291,0.077489264,0.16444556,0.07790334,0.17730615,0.20375426,0.29866523,0.18058984,0.07884029,0.08350871,0.13715844,0.12073662,0.11642281,0.14565894,0.31302148,0.0009605213,0.13178578,0.16327271,0.017718377,0.12178482,0.3502025,0.023905667,0.21336591,0.27874202,0.1645784,0.05047624,0.21834303,0.017005965,0.013853648,0.15041825,0.036549944,0.028171722,0.25712124,0.21035871,0.28650966,0.25253877,0.20647223,0.29724124,0.25009733,0.20721816,0.2894408,0.16103725,0.29080793,0.22521082,0.24979137,0.28532985,0.26790562,0.25710922,0.29492643,0.24356543,0.22991662,0.289082,0.26521206,0.33124167,0.19411214,0.27109498,0.2555047,0.38201743,0.2562352,0.27700087,0.33689034,0.26726082,0.28715718,0.36504886,0.29702947,0.26543432,0.23626438,0.19818178,0.2996084,0.2618895,0.25522113,0.28230685,0.25089216,0.26710644,0.22551903,0.2987629,0.22579564,0.22866547,0.19810802,0.29462534,0.29165003,0.29369667,0.28357935,0.3000897,0.22364622,0.29697743,0.20044222,0.25357258,0.24345425,0.23951492,0.28579402,0.29414344,0.2559696,0.29638818,0.28850114,0.18129489,0.29741618,0.29175293,0.29124105,0.23544492,0.18423276,0.26998708,0.2950769,0.29461038,0.26040208,0.26251113,0.29517302,0.20375569,0.31874856,0.24925016,0.28186533,0.2759404,0.27028823,0.28332278,0.28891224,0.27961287,0.22134298,0.20276514,0.26972654,0.27556926,0.19884335,0.27231354,0.22111568,0.2506795,0.26133645,0.29491356,0.16081557,0.28927836,0.26781875,0.29986224,0.2919914,0.1988408,0.22526962,0.26006743,0.28478798,0.22433321,0.29839244,0.27176312,0.29478428,0.26141292,0.2979017,0.1633446,0.24854591,0.26406834,0.20996651,0.24739832,0.14961258,0.29440168,0.24309559,0.22109528,0.27641368,0.2945115,0.2543918,0.2926527,0.29839966,0.27655363,0.2902464,0.28670785,0.23895599,0.18207973,0.24644321,0.28568053,0.15420818,0.2972858,0.28404817,0.28536886,0.29451525,0.29420787,0.17841972,0.27325505,0.2868999,0.2941006,0.29196006,0.27958012,0.3585448,0.3270949,0.2715265,0.27060404,0.2884453,0.27464178,0.2019532,0.2216311,0.28150314,0.29306623,0.16782345,0.4074656,0.23292983,0.2649675,0.23135978,0.29805368,0.18375993,0.22681455,0.2909182,0.26826155
BC2026_Train_0005_S08_20250607_070007_10,0.07325336,0.13813345,0.08137604,0.24530876,0.005767835,0.2515763,0.057064407,0.10687314,0.04899005,0.07683627,0.21129459,0.055226963,0.07594547,0.000630902,0.0021163328,0.24819365,0.03256841,0.019889984,0.31940666,0.17933214,0.18603784,0.12325327,0.2376689,0.13370347,0.25199836,0.008454055,0.1012726,0.19625843,0.11326276,0.2910384,0.113015845,0.08134564,0.17531078,0.12657242,0.059364952,0.13963234,0.1393052,0.11580243,0.08037101,0.1462738,0.17016485,0.089831814,0.17840536,0.08518294,0.16697033,0.16552962,0.24723546,0.14729288,0.071700215,0.100104764,0.13555098,0.13274905,0.107751966,0.17229816,0.3083404,0.00092820765,0.1251105,0.18065976,0.013384851,0.21109308,0.3640582,0.018230014,0.1852906,0.29432642,0.14893946,0.05173007,0.16804446,0.020281028,0.0122877285,0.16049474,0.03856163,0.03185054,0.25644162,0.17048061,0.17846648,0.18284722,0.19638827,0.2934188,0.15968263,0.18898049,0.23955469,0.15876627,0.294974,0.10129135,0.26102668,0.2794093,0.23723844,0.27180386,0.2905534,0.2087569,0.29137573,0.28606063,0.07807362,0.22722745,0.20770387,0.24636662,0.22254492,0.38220817,0.26511377,0.15499517,0.29124892,0.2783266,0.28356546,0.36002266,0.30375868,0.21408314,0.25066578,0.09262572,0.24734312,0.27415797,0.2585004,0.28883907,0.21173346,0.25986087,0.28327286,0.29895538,0.23483062,0.18021493,0.25160137,0.2784428,0.28638536,0.29696676,0.25737134,0.28372416,0.25592923,0.28786924,0.22411306,0.20743576,0.24556912,0.26726788,0.28956825,0.29536587,0.2646572,0.2639536,0.25376886,0.15097675,0.29244253,0.29570958,0.28080428,0.2668265,0.15330808,0.17667313,0.2648779,0.25845364,0.21441996,0.2854222,0.29984915,0.13521911,0.2932346,0.25394982,0.2736175,0.256434,0.24755198,0.21043958,0.1926911,0.25345853,0.23903391,0.27135944,0.2421482,0.25449046,0.13029242,0.29585397,0.19165087,0.2934263,0.2336604,0.2967226,0.21761814,0.29320282,0.22933672,0.29602,0.2576268,0.30179703,0.20620224,0.27786204,0.3006157,0.27843383,0.29475963,0.2861515,0.26497972,0.27068323,0.2900948,0.18544373,0.18956944,0.25125235,0.1959659,0.25399283,0.092202485,0.2786971,0.24657267,0.22226506,0.22488847,0.2817304,0.21455815,0.28570953,0.29655436,0.28966236,0.24266264,0.2507982,0.24257839,0.19426276,0.24861103,0.22236164,0.178866,0.26963404,0.29794657,0.27717462,0.2602945,0.2824759,0.20176412,0.2575018,0.26326373,0.2921301,0.20566177,0.29384488,0.35139295,0.31777838,0.22419608,0.29191962,0.25900364,0.15040544,0.21068257,0.1826223,0.18868059,0.24336769,0.16714294,0.36717623,0.27818793,0.2683815,0.14858627,0.2761171,0.10194746,0.2616046,0.2479862,0.28663298
BC2026_Train_0005_S08_20250607_070007_15,0.0934014,0.12733428,0.07954117,0.25448716,0.0029397458,0.18180326,0.065731645,0.09239656,0.049029317,0.07232343,0.22551501,0.078832686,0.09009798,0.0006474587,0.0019730956,0.27649295,0.028710736,0.022352625,0.3030104,0.11929719,0.22490168,0.09558998,0.17289598,0.1257585,0.22036667,0.007219029,0.1569116,0.18854067,0.16082734,0.26013055,0.12809964,0.08742954,0.21517,0.11194656,0.05975443,0.13891509,0.17329217,0.11661611,0.08721192,0.14877817,0.19616419,0.085260294,0.16668394,0.086300336,0.1616613,0.21025948,0.28979826,0.16721496,0.07682864,0.08583538,0.12665467,0.11883414,0.10894342,0.14023945,0.32526296,0.0009833213,0.13704637,0.16426677,0.016294675,0.12574452,0.32344353,0.018387415,0.16100168,0.2790618,0.13140298,0.04363777,0.24088988,0.01970965,0.015613076,0.13063891,0.03236086,0.028418463,0.25647762,0.26835588,0.28779086,0.22729471,0.27853748,0.29569468,0.25272587,0.2062624,0.28508204,0.22920606,0.29472306,0.12149148,0.26793006,0.2857968,0.2379372,0.26316318,0.29132643,0.2463831,0.2583563,0.2919813,0.24606904,0.25008455,0.25351295,0.26877534,0.22643901,0.45165068,0.24973916,0.26712587,0.34673005,0.16879328,0.29496843,0.36012125,0.30605412,0.25815165,0.2807712,0.24860369,0.2988748,0.22452764,0.26210734,0.28896534,0.28232145,0.27763036,0.25668374,0.29241303,0.24216536,0.27677915,0.25788006,0.29679847,0.2914622,0.29643273,0.28409535,0.2998411,0.22697383,0.29224443,0.16038752,0.29514825,0.27345717,0.29315406,0.27148473,0.29597914,0.20356824,0.29523104,0.26572406,0.24547121,0.29882,0.29039302,0.28744787,0.23607433,0.16070747,0.25125408,0.29403687,0.2650706,0.2775242,0.25042012,0.29723936,0.24239883,0.28488886,0.24477217,0.26798233,0.24968572,0.2649106,0.2696774,0.2932043,0.2836423,0.2139811,0.23491235,0.25855666,0.22938755,0.12041785,0.28321958,0.19855067,0.2584627,0.27451596,0.28034765,0.26607838,0.29570755,0.23862498,0.2996874,0.28650236,0.24448302,0.26180074,0.2604422,0.28382954,0.24149401,0.29767144,0.2823966,0.2830234,0.29191518,0.29156795,0.18887821,0.25866014,0.26748258,0.17953488,0.27327132,0.17009464,0.295148,0.20974614,0.29763994,0.27354202,0.2824395,0.24423206,0.29400745,0.29434785,0.28695366,0.27497947,0.20081653,0.27760532,0.2580814,0.27231586,0.2610036,0.16220552,0.29867998,0.28695172,0.29238582,0.28809905,0.2938736,0.2295515,0.26161385,0.2739741,0.29497847,0.25685543,0.2902285,0.34643203,0.33007807,0.23773192,0.27867174,0.26061186,0.27828106,0.18236735,0.26049694,0.26954,0.26624063,0.19969884,0.39988133,0.21099901,0.2728895,0.17385307,0.29874167,0.1838352,0.2855558,0.28684506,0.27859464
BC2026_Train_0005_S08_20250607_070007_20,0.1241705,0.14075443,0.16148655,0.28746998,0.002341584,0.26463747,0.055301145,0.10066735,0.04945957,0.0753907,0.21422817,0.20214406,0.100432016,0.00065743644,0.0019646054,0.3028885,0.0299419,0.027300516,0.23360014,0.10755625,0.16729802,0.092217654,0.1876495,0.1990026,0.22879432,0.006314741,0.14234997,0.28643367,0.22780873,0.30002877,0.14140823,0.07918818,0.20767811,0.11552961,0.05430276,0.1181487,0.17325853,0.118014455,0.07614599,0.15412179,0.1872516,0.06794144,0.17253132,0.0730923,0.16595344,0.19822773,0.32846576,0.17046829,0.06792055,0.08590659,0.14039673,0.11434217,0.10757635,0.1321895,0.3400659,0.0008007391,0.12006553,0.15885174,0.015574531,0.14084671,0.2860957,0.021084294,0.17773475,0.28313184,0.10872338,0.03517116,0.22401914,0.01674243,0.017177584,0.23718841,0.026794886,0.026520621,0.24640423,0.21749817,0.27755764,0.20540208,0.24705657,0.29881075,0.23809849,0.23882264,0.28905073,0.2181986,0.29035333,0.119111076,0.26212507,0.28721747,0.28506732,0.24615408,0.296356,0.2734123,0.24705204,0.29371178,0.23896565,0.24800831,0.22634067,0.26289743,0.28306702,0.41247526,0.22400528,0.2416696,0.3353273,0.20020777,0.2897931,0.35731858,0.29888317,0.2724382,0.25446096,0.17489155,0.29718798,0.24772194,0.26891044,0.28522727,0.15585,0.28410792,0.21949711,0.29515252,0.2526091,0.23423293,0.21276392,0.29465857,0.2901678,0.2965403,0.28001985,0.2999639,0.26760513,0.28453478,0.22813028,0.29407337,0.26234064,0.26305506,0.28899762,0.286763,0.22012737,0.2964277,0.27780527,0.15300693,0.2985712,0.29449478,0.2868253,0.28552848,0.19398308,0.16895014,0.28820252,0.28120133,0.2364866,0.18074492,0.2944902,0.1679741,0.28377807,0.2793632,0.28521082,0.23325478,0.2805946,0.25645304,0.28809494,0.27019268,0.14334607,0.14653152,0.27293575,0.26455754,0.11800794,0.2786481,0.18577158,0.2597534,0.2682133,0.29377016,0.115475215,0.27834782,0.22065811,0.2996362,0.29542977,0.10862045,0.2521957,0.2625084,0.26138893,0.27450693,0.2412927,0.28236067,0.29379296,0.29720262,0.29207483,0.17029455,0.27790898,0.2684655,0.23307341,0.16738191,0.17770845,0.29485795,0.23636514,0.22730586,0.2886363,0.29465973,0.22605999,0.29257637,0.29474425,0.27953056,0.28949174,0.26621738,0.2528307,0.21653731,0.26967436,0.24655955,0.14390452,0.29824835,0.28997317,0.29150617,0.27677882,0.29979607,0.18076742,0.26688376,0.28367642,0.29495728,0.27666298,0.2786555,0.34095553,0.31702423,0.25906745,0.27372712,0.24324593,0.2111214,0.17460799,0.22077937,0.24556883,0.26845658,0.1871612,0.39848465,0.21753682,0.28363812,0.20108634,0.29839987,0.13254371,0.19011661,0.2900005,0.29259723
BC2026_Train_0005_S08_20250607_070007_25,0.10587227,0.120479584,0.078207225,0.23517498,0.0020937487,0.189341,0.0507298,0.0966159,0.051349603,0.075160526,0.2705751,0.10588491,0.05793172,0.00068094034,0.0019588019,0.26789957,0.022314839,0.022658696,0.26944998,0.118115306,0.17681776,0.0828015,0.19336788,0.10512541,0.2080971,0.0062315958,0.14554916,0.17757072,0.19224867,0.24529496,0.11280309,0.08327993,0.20222697,0.10759225,0.04939484,0.11969534,0.17076357,0.1301528,0.06676365,0.15144794,0.20091474,0.07565176,0.16334984,0.07572497,0.18250544,0.19341974,0.30300355,0.17795564,0.07180525,0.09487347,0.13082452,0.10720465,0.10064544,0.13218495,0.3239985,0.0006719798,0.11408849,0.16710126,0.012937042,0.11140671,0.323922,0.018689888,0.15222305,0.28501725,0.09908504,0.031017834,0.20138656,0.01872197,0.022076098,0.12584776,0.02951404,0.022570293,0.251114,0.27606404,0.29661995,0.27070796,0.22421166,0.29642463,0.27200997,0.23482573,0.29525232,0.24530602,0.29804942,0.09739308,0.24173814,0.26900396,0.24616304,0.29017976,0.2751458,0.27113894,0.25299296,0.27308482,0.13063353,0.32599354,0.2720398,0.2509146,0.2582877,0.31185418,0.28099537,0.27402288,0.26530504,0.23594265,0.2852806,0.36147535,0.30110073,0.25305647,0.28027505,0.14058605,0.26605996,0.26421702,0.21937433,0.29790598,0.22048862,0.27118745,0.19495,0.29349047,0.20093161,0.2666191,0.19520363,0.29736605,0.28325063,0.2992936,0.28844056,0.29003274,0.250353,0.27735317,0.22104682,0.27525073,0.21215376,0.2631043,0.23253688,0.2889659,0.18229538,0.2862833,0.2453613,0.18448454,0.2612582,0.29088104,0.2809298,0.21452284,0.15548377,0.29762483,0.27080652,0.25133952,0.29122812,0.15459445,0.2972003,0.18541732,0.31912145,0.2634073,0.23687811,0.23970184,0.24997091,0.21970898,0.29917186,0.28506568,0.27549493,0.19509943,0.27269134,0.2495812,0.20777799,0.2804692,0.21655652,0.29150462,0.25899526,0.2782959,0.2814347,0.2801205,0.2662433,0.29658148,0.27986613,0.28375024,0.272997,0.29408014,0.27001628,0.22843155,0.28061616,0.27914402,0.26603132,0.2786997,0.29265976,0.18505521,0.25635564,0.25382102,0.28648877,0.24647374,0.11113481,0.2797014,0.25195196,0.23096342,0.21300954,0.27045035,0.24530515,0.2919596,0.29414135,0.29387027,0.21097401,0.24707612,0.25644708,0.24229482,0.25687182,0.17041712,0.14797747,0.28482887,0.2851156,0.29462042,0.28452396,0.2699911,0.18419889,0.26718116,0.2643145,0.29687753,0.2144044,0.29202935,0.35253167,0.32177755,0.27357635,0.2776654,0.19811092,0.22108053,0.24055445,0.2541965,0.1895133,0.1294103,0.24748808,0.40510523,0.2501097,0.28721613,0.16965514,0.29215047,0.081589006,0.24954718,0.23854941,0.2782854
BC2026_Train_0005_S08_20250607_070007_30,0.1523093,0.14035223,0.10930476,0.2463028,0.0021941708,0.23500688,0.04622037,0.08850081,0.052685007,0.073075324,0.22048448,0.16692418,0.05626174,0.000676038,0.0019540698,0.26522455,0.019580573,0.023822956,0.32363537,0.20750545,0.16485551,0.090770744,0.14686663,0.10021536,0.21090358,0.0053300024,0.16991808,0.25449008,0.27849233,0.3017119,0.13322024,0.088698424,0.21703193,0.11980633,0.05518003,0.1283621,0.17390475,0.13326152,0.07386343,0.15981525,0.20405746,0.074012265,0.16519211,0.0940724,0.1922444,0.19603238,0.32031336,0.18131116,0.07792665,0.09568721,0.13847056,0.11674855,0.120466374,0.13165766,0.34029195,0.0007103346,0.12227909,0.1684972,0.015344066,0.1162771,0.35138363,0.020583628,0.17327797,0.25939518,0.08870964,0.029410418,0.25091845,0.01913645,0.029747106,0.18348782,0.034212764,0.023932299,0.26734284,0.20339148,0.31181917,0.1599154,0.25057492,0.29583806,0.23271057,0.21185337,0.29802856,0.17688064,0.2929459,0.07140001,0.26295286,0.2532627,0.29793778,0.2935221,0.25577924,0.2810947,0.26776558,0.27965713,0.1641961,0.29363385,0.24081594,0.26195967,0.25458035,0.36628276,0.29592603,0.24234666,0.2120882,0.26302597,0.2912346,0.36190045,0.30527455,0.26188204,0.19722739,0.09248208,0.289798,0.28193504,0.23438205,0.2892534,0.18549293,0.26786962,0.20576033,0.29768127,0.22958782,0.24534123,0.19617794,0.29992,0.2801162,0.29467377,0.29647508,0.29574898,0.23789227,0.24088335,0.24034597,0.27331394,0.23259082,0.24315143,0.29326025,0.2961015,0.18176582,0.29015896,0.2922173,0.1674164,0.27233055,0.28676727,0.28283933,0.37835127,0.1852678,0.24312103,0.26337984,0.2674389,0.30346107,0.11387351,0.29189283,0.13833149,0.32596874,0.27179667,0.27056202,0.21386547,0.26900953,0.19000418,0.29799876,0.28936663,0.20830573,0.16294579,0.21558589,0.23106979,0.24123822,0.26907793,0.17943788,0.270832,0.279247,0.27292955,0.26076305,0.27237916,0.23367278,0.2982108,0.29031587,0.22962819,0.26911116,0.27134106,0.2946668,0.25140974,0.1963039,0.26571307,0.29179212,0.2990778,0.29457682,0.15660533,0.22421743,0.27415955,0.21122105,0.17373325,0.06119982,0.29244635,0.25038338,0.22559004,0.28053793,0.28374997,0.2481538,0.2989394,0.29613647,0.2919343,0.27732524,0.26260024,0.23147039,0.24415119,0.28987172,0.17298009,0.16012631,0.29325122,0.27960497,0.2892071,0.25498897,0.28607136,0.15152113,0.2581072,0.28222197,0.2873662,0.26717478,0.2677487,0.3547439,0.33031628,0.21263154,0.26569474,0.20861617,0.24072126,0.16913043,0.17767964,0.24532896,0.13874485,0.26722598,0.40781558,0.26071164,0.2706388,0.16138577,0.29642224,0.13766688,0.20009257,0.28909785,0.28294656
BC2026_Train_0005_S08_20250607_070007_35,0.11836402,0.12331333,0.07902995,0.25350103,0.0024451525,0.20951834,0.05062178,0.09299709,0.05416826,0.082015246,0.22338018,0.061515313,0.052272312,0.00069071056,0.0020562503,0.29022577,0.018237218,0.020861153,0.2727318,0.13352713,0.14078838,0.08392902,0.15471792,0.08879523,0.21938251,0.005484296,0.16042161,0.14621481,0.19390407,0.22842522,0.123551965,0.07491066,0.21717148,0.10242914,0.048764832,0.11238481,0.16965431,0.12643875,0.06667534,0.15250358,0.19088955,0.07250918,0.15374072,0.078779764,0.17527136,0.20621741,0.32321998,0.16558774,0.083144546,0.09631075,0.14418443,0.10708777,0.113728024,0.117076136,0.3374187,0.00074890873,0.12552212,0.16614793,0.009625382,0.12440522,0.2602294,0.018703584,0.17278883,0.28608692,0.09409058,0.03374392,0.23424773,0.020524932,0.017228896,0.15629016,0.03377478,0.028383324,0.2550008,0.28191185,0.30550593,0.29385146,0.27237806,0.29859725,0.23033974,0.2130336,0.29849398,0.22374344,0.29121628,0.11389901,0.27393126,0.25181842,0.24947396,0.2983243,0.29017308,0.23569994,0.2466116,0.26718304,0.1739969,0.322476,0.22988442,0.25116855,0.25303432,0.37196952,0.29705012,0.29149517,0.24431723,0.16314197,0.26443017,0.35728905,0.30359906,0.2951193,0.2266769,0.082045645,0.29509428,0.2438066,0.25651807,0.28273922,0.21141511,0.28521904,0.24663801,0.2981858,0.2688098,0.26884887,0.21053933,0.299929,0.28320286,0.2898612,0.26177174,0.29590714,0.22943112,0.26228324,0.24360505,0.29151732,0.2271239,0.23471889,0.2746826,0.29229024,0.1918351,0.2725814,0.28680083,0.22475667,0.27382985,0.2847459,0.27734518,0.3292856,0.1554672,0.3009708,0.27529868,0.287868,0.20905322,0.1590512,0.28644514,0.18985988,0.26413068,0.28200546,0.28054163,0.2250059,0.29857576,0.2130118,0.29615226,0.2658679,0.23465727,0.1359544,0.27886796,0.21628821,0.29237434,0.28520548,0.23536637,0.2585466,0.2815151,0.30349833,0.22002228,0.25790426,0.23125821,0.29871157,0.29682076,0.20469762,0.27477998,0.23943293,0.25419644,0.16440232,0.20156555,0.26595768,0.2927527,0.26918602,0.25886157,0.19080332,0.2781124,0.29578164,0.111198135,0.1287839,0.10528205,0.26616248,0.2562026,0.23660846,0.29099917,0.29298583,0.26309887,0.2930472,0.29574564,0.2868285,0.29857162,0.25503433,0.2678735,0.1904136,0.2561244,0.21908677,0.28318647,0.27392384,0.28052667,0.29214102,0.29936767,0.26887745,0.23109885,0.28468516,0.27271178,0.29690713,0.22660887,0.29413503,0.35830006,0.33072335,0.26775986,0.28143302,0.17786457,0.29135564,0.24498862,0.1742993,0.178112,0.20232378,0.18399246,0.41551185,0.24212913,0.25958103,0.28555915,0.2971832,0.12621823,0.20332697,0.27970374,0.27613857
BC2026_Train_0005_S08_20250607_070007_40,0.119951025,0.13051099,0.06701429,0.23416366,0.0024452629,0.19398054,0.073669344,0.14658663,0.060201474,0.07449939,0.25427097,0.055061955,0.070685744,0.00063367723,0.0021995583,0.42190716,0.023417562,0.020158233,0.25161433,0.16445346,0.10945617,0.1011449,0.1720434,0.11462335,0.2174704,0.005961579,0.35457635,0.16236737,0.16184896,0.29262352,0.12009611,0.07946688,0.1956563,0.10712226,0.061141115,0.118690036,0.15903081,0.1328638,0.0669534,0.16104777,0.18195255,0.062433075,0.16946796,0.0690767,0.17599478,0.22306032,0.3083543,0.16447349,0.0651507,0.08851761,0.15425444,0.113007426,0.11483212,0.13631038,0.32944053,0.00075400237,0.11167963,0.16421254,0.014222408,0.13871081,0.30336958,0.018485231,0.19760792,0.2755116,0.08862924,0.03670268,0.15063784,0.016373342,0.02234763,0.1808669,0.026908183,0.027874371,0.23841971,0.20353557,0.3134651,0.17323235,0.24799848,0.29578647,0.14267318,0.20686582,0.29559293,0.15825899,0.29595223,0.13151279,0.27641404,0.28118995,0.22764815,0.23996297,0.29594487,0.19420122,0.23991348,0.2582032,0.24955964,0.2783817,0.18702903,0.2754434,0.24945788,0.39501408,0.26211926,0.26103273,0.2872655,0.26707128,0.28625727,0.36955273,0.30061054,0.2656436,0.21824136,0.17348675,0.29916748,0.2497801,0.20609117,0.28829375,0.19223183,0.26178887,0.15942667,0.29347977,0.19637555,0.26240024,0.21222386,0.2873457,0.28414944,0.2937002,0.28479186,0.29989517,0.27755,0.26195616,0.20701468,0.29126737,0.26172483,0.24750577,0.25855237,0.28823528,0.16053042,0.29355177,0.29062083,0.12679753,0.2996135,0.29064816,0.28862768,0.25788566,0.12176257,0.14693414,0.29182228,0.25821644,0.22669387,0.27082393,0.29707664,0.18023385,0.2963523,0.24902631,0.28831062,0.23226398,0.28590584,0.23673974,0.2948289,0.27871162,0.20462842,0.16942616,0.28522488,0.22176518,0.16642764,0.25954068,0.17392251,0.24444668,0.24304892,0.2729058,0.16355343,0.25872973,0.24908546,0.2998033,0.28418857,0.19979414,0.21066958,0.20514317,0.2814853,0.2813983,0.26467937,0.26014003,0.29897353,0.28347045,0.29815707,0.19033389,0.22286099,0.29167348,0.17312795,0.19184971,0.12680857,0.2741502,0.22209448,0.25205466,0.18959484,0.2982368,0.24351642,0.29434788,0.29622874,0.29710925,0.2868211,0.24814402,0.23225002,0.2401176,0.24312246,0.17935595,0.20158654,0.2739909,0.27788728,0.29670218,0.2918252,0.3006064,0.20031393,0.2691204,0.26800475,0.28495795,0.2451167,0.2785074,0.33190185,0.3315041,0.26489514,0.28576303,0.23764265,0.29558852,0.20850743,0.22768046,0.2878476,0.28841743,0.19753617,0.4212084,0.20273043,0.27016166,0.19497423,0.29459688,0.2205472,0.12185888,0.2993636,0.27727517
BC2026_Train_0005_S08_20250607_070007_45,0.13681214,0.12661852,0.08938758,0.26374847,0.0022803238,0.264723,0.1328251,0.13049933,0.06777607,0.080385216,0.20454162,0.10811034,0.06642818,0.00064494676,0.0019683584,0.36720315,0.021134494,0.019672798,0.34568357,0.17716615,0.14560877,0.10427295,0.14732593,0.08624728,0.23860787,0.0055093816,0.29165447,0.19905567,0.14961182,0.2746387,0.117722526,0.076251075,0.1952167,0.102923,0.04562515,0.10428369,0.14759353,0.14079702,0.062280662,0.15068643,0.1931699,0.06614252,0.1639971,0.07025948,0.17887384,0.1954364,0.3299944,0.17117801,0.061834354,0.093664154,0.12874928,0.1047129,0.10268573,0.12073751,0.33351,0.0006997082,0.09593121,0.15917262,0.014998778,0.13435835,0.36756915,0.016556446,0.17403413,0.27501255,0.08932045,0.029141368,0.16843776,0.020513203,0.021223761,0.19918834,0.02468079,0.024664849,0.20996737,0.23012885,0.26956847,0.18244357,0.24287234,0.29609552,0.22525439,0.24810068,0.2954733,0.22379684,0.29518712,0.14871447,0.28100497,0.25620905,0.2725185,0.28087044,0.2771905,0.2226753,0.23758215,0.2505939,0.25804493,0.24501568,0.24342258,0.28611064,0.26062354,0.47087067,0.24280033,0.2656272,0.2406067,0.25521848,0.27606645,0.36205906,0.3018899,0.2240117,0.28338784,0.177292,0.2969066,0.23767506,0.19703159,0.28070956,0.192743,0.2718055,0.19975087,0.28990096,0.21752651,0.2608698,0.18976632,0.29360718,0.2963091,0.29253462,0.28712723,0.29869783,0.24133727,0.28683323,0.25740415,0.26170027,0.23062769,0.2516832,0.27803996,0.29298103,0.22971386,0.25715014,0.2837709,0.20973538,0.28790706,0.29273462,0.28171596,0.29716742,0.12073804,0.18099947,0.2596359,0.23806755,0.251773,0.18681659,0.289096,0.121934965,0.24377668,0.25849462,0.280387,0.23467503,0.2740119,0.2356329,0.29971945,0.2661728,0.15603212,0.24710417,0.2510772,0.26796526,0.30048138,0.2704057,0.2404853,0.25308818,0.24794514,0.28442577,0.25121245,0.28794512,0.22390382,0.2986143,0.26566136,0.19276986,0.26572153,0.24556163,0.2817679,0.26524773,0.29798743,0.27182007,0.2762527,0.29281262,0.26401085,0.1579292,0.25351635,0.28037053,0.23549645,0.18986909,0.116876915,0.27813938,0.2630106,0.2555705,0.22511174,0.278068,0.1722824,0.2921004,0.29288602,0.28604,0.25628215,0.20843771,0.2809044,0.24137707,0.22111091,0.21355388,0.17364909,0.25561523,0.27150795,0.29187146,0.28235158,0.2833184,0.1961452,0.22766975,0.22750811,0.28767064,0.2806879,0.28826678,0.36943194,0.31499985,0.22416764,0.2810288,0.18897347,0.28596848,0.20750536,0.17834854,0.22269154,0.28966337,0.21076456,0.37923717,0.2060229,0.28516516,0.23277386,0.29464978,0.086178094,0.15918964,0.2692523,0.2830108
BC2026_Train_0005_S08_20250607_070007_50,0.09004024,0.12564217,0.054571133,0.23379284,0.0022876645,0.19116716,0.058779024,0.08797918,0.058597468,0.07908672,0.20047858,0.04262126,0.061533283,0.0006759942,0.0021433579,0.26746544,0.023059182,0.021715764,0.39481702,0.12761897,0.1635595,0.08435022,0.17957024,0.08139184,0.20717335,0.00563838,0.16811228,0.14032327,0.10878815,0.24680386,0.115927815,0.06809022,0.21607402,0.0861464,0.042444475,0.1069448,0.15951717,0.112706766,0.068815306,0.14214858,0.18252249,0.06386278,0.14255138,0.077379145,0.15552574,0.18457565,0.30026573,0.15740837,0.0696274,0.07491276,0.122701705,0.104359806,0.096214436,0.12397939,0.34863394,0.0007405986,0.10165505,0.15213767,0.012720394,0.13768333,0.305306,0.017976701,0.14761189,0.26578695,0.080079414,0.030235386,0.16275948,0.0167691,0.0138317095,0.13318929,0.021705056,0.019559214,0.23912607,0.21452576,0.270503,0.26170346,0.22878172,0.29889444,0.24857153,0.2786096,0.2603975,0.16663402,0.2940021,0.15741274,0.28249982,0.29188973,0.27211347,0.28274605,0.2760984,0.26315135,0.2500016,0.27432173,0.122237936,0.30754426,0.13872845,0.26243386,0.2336934,0.5073128,0.24638154,0.22107667,0.26790318,0.21313024,0.29423088,0.3617707,0.30381793,0.24594803,0.22482769,0.10687248,0.2988143,0.28713542,0.25528267,0.29471785,0.20897828,0.28667033,0.18854158,0.29820147,0.18964912,0.26096407,0.2004939,0.2974715,0.29926154,0.29634902,0.2944133,0.29970154,0.20299971,0.28846097,0.2388597,0.29632044,0.25077742,0.29082835,0.22020875,0.2915153,0.1836388,0.29848063,0.2747594,0.17087571,0.29254743,0.2913111,0.2857276,0.307581,0.11849519,0.11004618,0.28210455,0.27570617,0.24179761,0.23965013,0.2954127,0.26900965,0.32590675,0.28184035,0.27992567,0.2373125,0.27417147,0.22113694,0.29469696,0.26670662,0.20631558,0.19651258,0.27070594,0.20576492,0.13404758,0.28008157,0.21345437,0.25423726,0.284463,0.30392873,0.27782598,0.28310034,0.28083256,0.29947653,0.2592843,0.13831231,0.2573164,0.24541122,0.2743263,0.2655373,0.23737678,0.28391343,0.28899375,0.29190186,0.29797688,0.16173707,0.2825134,0.25872695,0.15502691,0.12626617,0.17572738,0.29176542,0.25840062,0.28893855,0.25109127,0.2865626,0.25576955,0.2941084,0.29196456,0.29692173,0.29617366,0.24123797,0.27022797,0.19214559,0.27635768,0.20492914,0.21959877,0.29007304,0.29409447,0.28691244,0.2708217,0.30078888,0.18232358,0.26488522,0.27983207,0.2967222,0.24888566,0.2732219,0.36360893,0.34265208,0.26904073,0.29310134,0.25646394,0.13473012,0.17860815,0.22084524,0.24866854,0.27481592,0.20164058,0.41697842,0.19867723,0.2773941,0.21109374,0.29550734,0.18437728,0.2123415,0.27188414,0.28874537
BC2026_Train_0005_S08_20250607_070007_55,0.1333873,0.1110904,0.05601522,0.26978326,0.002357682,0.26529345,0.06174639,0.08591458,0.04857699,0.07769836,0.2404458,0.057007432,0.051927533,0.00070769887,0.001896802,0.25385758,0.020447973,0.024240652,0.3423946,0.18830286,0.13847348,0.087884344,0.12563257,0.1006236,0.21423878,0.005624052,0.13591662,0.1763127,0.100154966,0.22840147,0.11168103,0.06842486,0.22504525,0.08463822,0.03738894,0.0985756,0.16224532,0.13929865,0.054306187,0.15233266,0.2073297,0.05910393,0.13126495,0.0814686,0.1557304,0.16124025,0.32497847,0.16033651,0.07568784,0.10563187,0.113927044,0.103520334,0.10081346,0.10377516,0.36299747,0.0007852396,0.10456697,0.159608,0.011568781,0.13279271,0.2887442,0.019349676,0.13720015,0.27333996,0.11261421,0.027492585,0.2232208,0.026517741,0.015146238,0.15606645,0.02548734,0.025626162,0.24545994,0.21822086,0.29527515,0.17045833,0.26311365,0.29876354,0.20489608,0.29120228,0.28790915,0.1714165,0.28943834,0.11471799,0.2219418,0.25100264,0.22193748,0.2929631,0.25733718,0.25734165,0.24580859,0.26505232,0.11468087,0.31524464,0.20474379,0.194927,0.29695308,0.5664784,0.2935434,0.2731201,0.25998187,0.15385179,0.29043874,0.36839435,0.2964019,0.28976843,0.22915289,0.08976555,0.29261032,0.2804717,0.26852515,0.28357875,0.13659993,0.2675872,0.20767689,0.2983114,0.2636162,0.25956467,0.21100485,0.29995888,0.29918078,0.29660726,0.29394883,0.2850707,0.22976187,0.29575709,0.28986573,0.2994202,0.2568624,0.27712238,0.20595774,0.28570217,0.32349825,0.29524183,0.2818962,0.20718504,0.29438183,0.29601532,0.27797428,0.3254427,0.14974211,0.24489838,0.2495897,0.27743497,0.26683462,0.16582736,0.29075563,0.18637021,0.32796323,0.25847042,0.27021858,0.26522616,0.28826103,0.2149495,0.27731818,0.26633808,0.23087618,0.124757424,0.2533371,0.18799892,0.28338265,0.28299707,0.24389243,0.25122914,0.29324764,0.30496794,0.21954043,0.25875115,0.25588495,0.29856294,0.2981833,0.25652573,0.25992784,0.19594482,0.22142403,0.27612942,0.27331546,0.26484653,0.27481028,0.29014707,0.27611884,0.14029752,0.21718036,0.25297183,0.19183794,0.20547502,0.096807286,0.26063904,0.25463045,0.18073606,0.2731876,0.2845738,0.2243233,0.2987635,0.29180095,0.27970192,0.2881707,0.25040963,0.24506004,0.13333325,0.27313352,0.16616488,0.15339084,0.28539658,0.28469265,0.29203054,0.28746098,0.27828145,0.15428549,0.28840202,0.2903211,0.28004685,0.28528982,0.27007553,0.3500552,0.31520092,0.2761213,0.28833488,0.16409293,0.2239373,0.16561948,0.22296032,0.24927096,0.14881827,0.24601528,0.391856,0.19021195,0.24814531,0.245869,0.2860276,0.08739616,0.20387907,0.27681577,0.2828802
BC2026_Train_0005_S08_20250607_070007_60,0.074793905,0.122872636,0.07605867,0.24382819,0.003286887,0.1537974,0.07550773,0.09054002,0.054583773,0.07073301,0.20577116,0.073814474,0.05803412,0.00071606203,0.0022270908,0.31761122,0.035919055,0.026148403,0.32018596,0.24797831,0.1638254,0.11119981,0.15340868,0.15965234,0.29938054,0.0064374236,0.16162544,0.19883195,0.07803783,0.2696388,0.091856614,0.07286733,0.16146001,0.12786804,0.04987515,0.116212204,0.14746106,0.11530235,0.06661156,0.14213645,0.17785814,0.072881125,0.16983876,0.0856982,0.1590803,0.16693962,0.25096527,0.15189777,0.0701553,0.0813398,0.123049065,0.10493723,0.09675801,0.14034311,0.28837124,0.0008462198,0.10139203,0.16832474,0.01498111,0.26681754,0.34435213,0.018115066,0.17114872,0.32267842,0.1973638,0.037039433,0.2298208,0.023123505,0.021463972,0.118020564,0.02884169,0.031803887,0.2730934,0.26541552,0.2276216,0.27543315,0.2704886,0.29918483,0.27459434,0.24511522,0.25317428,0.14869651,0.2918221,0.102715455,0.26546928,0.23118961,0.29000676,0.2582587,0.2866164,0.25446406,0.27099618,0.26807666,0.16897601,0.31564173,0.27158374,0.18908393,0.22835399,0.39021087,0.26580215,0.2856031,0.30654788,0.2943757,0.26874086,0.34954855,0.30380574,0.23920451,0.23193416,0.08410419,0.27996042,0.23035039,0.24244827,0.2864974,0.19921139,0.27189803,0.27853274,0.29631674,0.23017241,0.23974997,0.19373281,0.2965673,0.2785388,0.2977496,0.26019642,0.27296922,0.26143974,0.2887036,0.2462864,0.29995167,0.25135016,0.28879812,0.26734206,0.2895555,0.2834897,0.26520607,0.20840329,0.16830018,0.29638124,0.28854135,0.28058895,0.24987029,0.12979813,0.279203,0.24278699,0.2644967,0.21644796,0.29517785,0.29937583,0.16743578,0.2884061,0.2778353,0.2780803,0.2362452,0.24956676,0.16970944,0.29595768,0.21894874,0.2726882,0.21377571,0.22013092,0.21777168,0.20086113,0.29671365,0.20214203,0.26953384,0.25804517,0.28099146,0.27936542,0.28210962,0.266627,0.295142,0.2682342,0.3060531,0.19804014,0.28815824,0.29288012,0.19461921,0.29602563,0.29529452,0.27338064,0.29897183,0.29298252,0.19549277,0.2888292,0.23199634,0.11931134,0.18162024,0.0776574,0.27618894,0.21379955,0.23246834,0.2141675,0.25806653,0.26418003,0.29291037,0.28964236,0.28153974,0.26080865,0.23949909,0.28683767,0.20700961,0.26553828,0.21933755,0.13145873,0.28688842,0.2957619,0.26990697,0.28611544,0.2825011,0.26723674,0.2685641,0.2482152,0.28719738,0.27715525,0.23915777,0.3473461,0.3253129,0.24432153,0.27490693,0.24645115,0.18795028,0.17554457,0.1900455,0.2641761,0.23176248,0.11523421,0.41011143,0.23827837,0.2563972,0.20932971,0.28557235,0.11805868,0.23477009,0.28217193,0.28031856
BC2026_Train_0006_S09_20250828_000000_5,0.044842795,0.07820861,0.054147854,0.36304116,0.0035607857,0.19868003,0.053551577,0.06955468,0.042061158,0.085286975,0.22364923,0.047606144,0.032164525,0.000571003,0.0029552013,0.15954098,0.022333652,0.024639746,0.20447859,0.17884304,0.12456757,0.07750058,0.1402763,0.10907759,0.24735194,0.005593819,0.06723648,0.18598644,0.092626825,0.20196697,0.10685213,0.06742153,0.12507756,0.08735718,0.04558956,0.11268582,0.18708798,0.0841408,0.06232547,0.14438376,0.13761786,0.042493485,0.12089481,0.0758618,0.077502534,0.068858266,0.13718289,0.08246102,0.039065443,0.05040136,0.09847439,0.12114982,0.10829578,0.12555674,0.2485983,0.0014768132,0.10496867,0.16939428,0.013640933,0.1423274,0.31118768,0.020028684,0.13557129,0.24573387,0.08074106,0.050950676,0.0996573,0.03505203,0.0132867815,0.14224261,0.020662537,0.03243049,0.21982023,0.27970478,0.26149085,0.25313842,0.23831812,0.29695484,0.15962532,0.1866779,0.17051674,0.14808048,0.28430492,0.07258834,0.2532309,0.22730896,0.21331476,0.26918584,0.26547623,0.14065546,0.2644414,0.26062387,0.11036263,0.21513736,0.18821254,0.2666283,0.17424096,0.31536385,0.20515291,0.1655133,0.26021805,0.11857168,0.29824024,0.34894451,0.30204552,0.20624925,0.20819066,0.12815657,0.25765914,0.24152799,0.22281665,0.299047,0.15665787,0.28515336,0.17170176,0.31944388,0.17255792,0.23958851,0.19103274,0.29788053,0.29680637,0.29919496,0.28085926,0.2924929,0.22786322,0.16725829,0.27933934,0.25094146,0.22313322,0.27894783,0.1667137,0.2908037,0.19762164,0.21813947,0.25705975,0.119867906,0.27615026,0.29393396,0.25364438,0.35996127,0.12964225,0.25300345,0.21228957,0.26659355,0.15688978,0.1558346,0.27279946,0.20753919,0.3159871,0.2666019,0.1706112,0.22490744,0.2646819,0.26001352,0.24580763,0.22190164,0.2877601,0.19125047,0.18594949,0.124365605,0.14670542,0.26167724,0.113800034,0.27595043,0.20437932,0.25796506,0.28899,0.15524821,0.19032285,0.29613024,0.28762946,0.11109638,0.15349787,0.26283556,0.22567359,0.21564548,0.13574056,0.26998195,0.28455615,0.2810683,0.26472673,0.19789103,0.2816758,0.2581671,0.18871424,0.1104007,0.20892678,0.23554553,0.22554144,0.2779695,0.2828284,0.27184558,0.28858653,0.26244843,0.26741347,0.29232243,0.29577664,0.2695504,0.25878406,0.10124377,0.2803636,0.21706362,0.19250518,0.26939347,0.27247033,0.28756282,0.24833134,0.2882151,0.17067356,0.22821246,0.28083467,0.26081392,0.1427117,0.26090154,0.32613048,0.32086766,0.27872294,0.21850029,0.25257686,0.13027208,0.24079436,0.1789296,0.16129617,0.21019043,0.14283705,0.46915698,0.17309044,0.22513199,0.21863519,0.2716319,0.09452584,0.19720772,0.23523399,0.28209296
BC2026_Train_0006_S09_20250828_000000_10,0.04019338,0.10345149,0.053848404,0.2983681,0.0030218975,0.23749803,0.05751329,0.053625416,0.04294473,0.09186798,0.25828925,0.051098138,0.04548784,0.00045340174,0.0027729326,0.19369584,0.022469267,0.024470296,0.20047349,0.14945072,0.08677293,0.091321036,0.19264367,0.15747751,0.22133918,0.007006762,0.08982794,0.20674446,0.090783,0.2933237,0.089605674,0.062707685,0.12240539,0.09037218,0.05071782,0.10661326,0.18519175,0.08891884,0.06338356,0.13010435,0.10812099,0.060231753,0.12564237,0.07186411,0.09030668,0.080130994,0.16403529,0.08489227,0.048720755,0.059741624,0.10811029,0.13946116,0.08736188,0.12845507,0.24354906,0.0013539474,0.14805874,0.19023222,0.011521325,0.086981356,0.28747556,0.023106065,0.17013085,0.24677074,0.081172764,0.041301113,0.124668874,0.023048563,0.017406568,0.16794902,0.024628688,0.026554843,0.22772874,0.19920951,0.32476425,0.28663838,0.23831174,0.28205848,0.28410748,0.2616752,0.19287728,0.15102863,0.26181757,0.104884885,0.21608898,0.26272452,0.25890008,0.21558128,0.26309624,0.17172183,0.27037373,0.27775005,0.14910857,0.25255096,0.22753893,0.29304612,0.17241721,0.3874585,0.24706246,0.20855428,0.21973114,0.28565475,0.29737076,0.33751732,0.2993815,0.28834987,0.21773025,0.15903644,0.208225,0.24045826,0.19959487,0.29473644,0.149694,0.26401985,0.2290195,0.21837959,0.20335284,0.28333816,0.20949802,0.28594512,0.27318996,0.28602332,0.26275244,0.27518627,0.2779708,0.1668841,0.19106963,0.17740923,0.18010394,0.29898787,0.26541546,0.2951304,0.22542347,0.22376995,0.16354482,0.13583268,0.2859348,0.29248866,0.29379222,0.26161996,0.17876913,0.2062585,0.17500198,0.18756007,0.30521452,0.1577027,0.2992915,0.28868923,0.2614382,0.26993552,0.19406791,0.16964799,0.20693162,0.24099895,0.22078347,0.14352123,0.2839397,0.22676963,0.2848908,0.29129642,0.23864068,0.20758298,0.24366602,0.26597804,0.17013012,0.2982938,0.28179622,0.2477299,0.25235522,0.27871144,0.2749894,0.05989076,0.16038421,0.26169994,0.28868848,0.28355673,0.21613638,0.20998117,0.22005025,0.2374612,0.26490098,0.1316206,0.27399963,0.20895012,0.27037954,0.18692692,0.2118801,0.22532983,0.22285518,0.29868692,0.20076506,0.2048893,0.22490361,0.29246992,0.25422814,0.2887846,0.27755955,0.23599099,0.2617146,0.25974885,0.24317504,0.18931843,0.21201552,0.29978696,0.24900141,0.27265492,0.2250294,0.28882942,0.17182125,0.26757947,0.2521135,0.27883086,0.15153134,0.2667007,0.32749066,0.33619,0.28154495,0.29177952,0.19528432,0.10397362,0.20245245,0.18716945,0.1731298,0.1433101,0.27787676,0.42780674,0.22563076,0.287456,0.1747942,0.20155488,0.15607035,0.17172097,0.2332172,0.2629685
BC2026_Train_0006_S09_20250828_000000_15,0.030640867,0.1085531,0.054128576,0.28138292,0.0028929284,0.27237067,0.05138412,0.057549138,0.044368483,0.08915043,0.2350893,0.044383544,0.035357825,0.00045704457,0.0025191586,0.193846,0.016295189,0.02166042,0.31060183,0.12761605,0.089487895,0.09041764,0.08899682,0.079360716,0.21032898,0.0057158587,0.10311477,0.24146436,0.090680815,0.28383607,0.099328086,0.052093647,0.13164502,0.08782087,0.04930844,0.08373063,0.20402941,0.09053309,0.05627496,0.14665112,0.111816324,0.058413267,0.1447041,0.059868347,0.075893864,0.06855936,0.17207724,0.08333556,0.04335783,0.05695968,0.12732455,0.14857797,0.09811612,0.11655293,0.25069746,0.0012909642,0.14305112,0.17318979,0.00828669,0.089356504,0.2643921,0.023604933,0.1504777,0.25556463,0.08070419,0.0354856,0.11882647,0.020686883,0.030639362,0.1417737,0.020675661,0.026284829,0.18582085,0.1764594,0.2639887,0.28666148,0.25908977,0.27798286,0.28460023,0.28563783,0.15361367,0.16614996,0.2330342,0.06769793,0.2339627,0.26502523,0.23447701,0.2631334,0.23728578,0.19652213,0.26720566,0.27486914,0.15020657,0.29164943,0.27465484,0.28804833,0.195772,0.47319943,0.28253394,0.26170665,0.20761181,0.18062039,0.29663777,0.33011335,0.29844764,0.25811222,0.20247377,0.06294013,0.2195508,0.24740705,0.21073274,0.29886857,0.14817405,0.27552533,0.12177781,0.27686852,0.20110987,0.2946316,0.20366685,0.29141432,0.23334138,0.2902628,0.27666017,0.28124672,0.27635515,0.17910163,0.19070964,0.19232666,0.18046382,0.29914838,0.23636228,0.29164854,0.32497084,0.22260745,0.21027344,0.16094154,0.27838087,0.29761142,0.20959792,0.23192057,0.1536956,0.22193407,0.15788394,0.21405002,0.22419214,0.12846339,0.28682497,0.15594327,0.3606158,0.27755624,0.15957779,0.17366973,0.2336054,0.20409817,0.2858464,0.27362427,0.24593566,0.25542542,0.29488817,0.26418078,0.22342739,0.22661643,0.2707903,0.27038893,0.2738266,0.30194944,0.25517192,0.2023405,0.24756749,0.29221874,0.28519708,0.05054041,0.22722782,0.2775562,0.17269878,0.21008453,0.11997394,0.22382468,0.22577973,0.30378574,0.26513332,0.13847418,0.27134612,0.21560693,0.21552119,0.2373124,0.19899057,0.22159617,0.26242578,0.2803916,0.21216303,0.25831282,0.21680243,0.26816505,0.23711072,0.27159315,0.28935218,0.27550003,0.26392934,0.26721126,0.26367232,0.19478399,0.20521887,0.27552736,0.26649246,0.27727306,0.29373136,0.29611233,0.1912308,0.2638892,0.2716475,0.24901482,0.24573734,0.27199996,0.31633413,0.27931184,0.20844549,0.2928433,0.2479292,0.12358292,0.19614202,0.16904795,0.15173914,0.10914177,0.29086363,0.4625218,0.20249325,0.2724719,0.16783537,0.24269462,0.15281245,0.096843876,0.22404417,0.27357244
BC2026_Train_0006_S09_20250828_000000_20,0.037995413,0.09203822,0.052239113,0.3501858,0.0034558708,0.21971509,0.0629119,0.070700295,0.04594998,0.08052316,0.24846417,0.04486723,0.037690572,0.0005541133,0.0024958253,0.18858102,0.018438065,0.02506516,0.30871123,0.09429301,0.10240715,0.08689126,0.18771373,0.13342251,0.21014248,0.0060420274,0.1076844,0.2676635,0.099003546,0.22818187,0.12941435,0.05813969,0.12441802,0.09520153,0.04499761,0.09409629,0.22520094,0.08749771,0.059399713,0.13945687,0.13519682,0.0487976,0.1430878,0.059701134,0.082987785,0.07013078,0.1714576,0.08147733,0.044462033,0.05281513,0.12839301,0.16375637,0.1287249,0.13264975,0.23480526,0.0013844046,0.12991373,0.16989021,0.012833597,0.11407371,0.27308604,0.028240364,0.14816776,0.25851035,0.0840416,0.03474577,0.18115054,0.01615691,0.013518362,0.12363031,0.024652656,0.02530343,0.21527842,0.19010562,0.24914569,0.26771215,0.25647575,0.28518534,0.22455484,0.29119977,0.16103357,0.15113848,0.26668513,0.19373555,0.1634037,0.27435714,0.27604106,0.27399877,0.27160686,0.18612851,0.2820156,0.2360546,0.15522537,0.32822168,0.2185665,0.26255468,0.2082882,0.43849587,0.25055352,0.1867575,0.23657349,0.17123204,0.28757858,0.33443516,0.3002286,0.21971247,0.2401709,0.08518664,0.24219224,0.2706329,0.17200145,0.2741567,0.124984995,0.2926017,0.16469797,0.28498113,0.24931243,0.24390109,0.22948596,0.2901547,0.23507407,0.2776122,0.290486,0.28215235,0.23082213,0.19133627,0.15965638,0.20080502,0.18874483,0.28174955,0.14311701,0.29177225,0.25777072,0.21784593,0.2825129,0.2047608,0.24633318,0.279397,0.2242087,0.2434262,0.20210686,0.27250874,0.2137365,0.21639419,0.21266644,0.21498165,0.286819,0.106604725,0.34234685,0.27878374,0.17658716,0.18121895,0.22778164,0.23079562,0.2599092,0.21362484,0.12800089,0.20635957,0.2690252,0.21737538,0.16467704,0.29601735,0.24070942,0.27549267,0.19944315,0.29244423,0.26942652,0.25041333,0.21104628,0.29791507,0.2784533,0.072287925,0.26018795,0.28620163,0.27036586,0.17040528,0.15127538,0.29489484,0.25650108,0.27443737,0.27216128,0.13223134,0.28811154,0.22374001,0.15574996,0.19707046,0.17372103,0.25947404,0.26007688,0.23292072,0.21737885,0.27655047,0.2484414,0.2700945,0.25763863,0.28751627,0.2975945,0.290824,0.19530067,0.26723504,0.28309327,0.20787767,0.23613778,0.29268447,0.24119449,0.27280608,0.221337,0.29715222,0.17605974,0.27490994,0.26117218,0.26111424,0.28426832,0.2652506,0.32344264,0.3117241,0.23264915,0.19124189,0.23783518,0.13324605,0.22192194,0.19110678,0.24799505,0.16618289,0.23145583,0.4732956,0.21675271,0.28469732,0.12438808,0.26647592,0.109296754,0.11883931,0.23469336,0.27876863
BC2026_Train_0006_S09_20250828_000000_25,0.0416109,0.09602458,0.06523833,0.23943572,0.0043263156,0.18877749,0.06352289,0.05624297,0.041055046,0.08178281,0.22971113,0.054806806,0.039259784,0.0005515786,0.002367734,0.19248718,0.019318746,0.026927883,0.2250966,0.0854113,0.12954324,0.08203018,0.19576234,0.14481133,0.24139602,0.0072048567,0.09518787,0.18446134,0.08067069,0.25547072,0.10718415,0.07959402,0.13921657,0.092993736,0.055170435,0.120729625,0.20774987,0.09739569,0.08600451,0.14893445,0.15154073,0.06356503,0.14142615,0.08652118,0.10090599,0.09118939,0.16145712,0.10492232,0.046338983,0.06476643,0.10462227,0.138449,0.11371948,0.14490765,0.25802597,0.0013983722,0.12779036,0.18880041,0.018032007,0.1172663,0.2885108,0.027750319,0.1520319,0.2883798,0.08379164,0.03421585,0.097530186,0.025295952,0.029365124,0.16912293,0.030538091,0.0284463,0.2769845,0.24269527,0.24285592,0.2157471,0.21802323,0.28802896,0.26939064,0.15270452,0.2461884,0.13327879,0.2757726,0.06961711,0.27620926,0.2576217,0.2626611,0.25141716,0.2779925,0.2595972,0.26918396,0.24997051,0.2218223,0.27334827,0.27202818,0.27587396,0.18366757,0.3446989,0.24686736,0.22423679,0.2756903,0.24717608,0.29726267,0.3526325,0.2970288,0.16033088,0.21156879,0.09436935,0.28051466,0.2682198,0.27165416,0.29642788,0.1921395,0.28529558,0.24616581,0.31318277,0.18807366,0.25219354,0.18121797,0.28206837,0.29187933,0.26993534,0.29040098,0.29381898,0.29132515,0.28349888,0.19402805,0.21008413,0.21536775,0.29732436,0.18111748,0.29615527,0.2056738,0.2394391,0.23597914,0.1831011,0.3042856,0.27344453,0.2583562,0.25075853,0.1814775,0.2570747,0.20419005,0.27435243,0.15569651,0.1514451,0.29535455,0.23285653,0.3356761,0.2738805,0.20554684,0.22604989,0.24501646,0.22246943,0.23877877,0.22283612,0.20264901,0.23496851,0.22325827,0.16945824,0.30370003,0.2634352,0.17128284,0.29218283,0.2162252,0.2904531,0.27456027,0.29201868,0.28953463,0.28777134,0.27480176,0.13039665,0.20657021,0.2979488,0.29984924,0.1839256,0.17501745,0.27352157,0.26207045,0.22886686,0.2861309,0.15944739,0.24851605,0.27532953,0.16795988,0.20224589,0.18287459,0.26423228,0.23005313,0.29911062,0.22082147,0.26789597,0.20392056,0.26973432,0.29705602,0.2940107,0.29048693,0.23590633,0.25916237,0.18954828,0.24664336,0.19557157,0.20985918,0.28835437,0.27545258,0.27115414,0.27714685,0.2857435,0.14938444,0.2551146,0.27170286,0.3084578,0.14565685,0.27428737,0.33607823,0.37138346,0.2791318,0.26794785,0.27137896,0.2592955,0.20269096,0.23301911,0.14182167,0.18229991,0.12666863,0.47734025,0.23076636,0.25182313,0.20820747,0.27898604,0.087723285,0.24176915,0.25017896,0.2796253
BC2026_Train_0006_S09_20250828_000000_30,0.040301774,0.10470848,0.057177562,0.27154094,0.0057400255,0.20149022,0.06707078,0.0698096,0.04083058,0.08824761,0.23262247,0.06126726,0.040563866,0.00056151516,0.0025652251,0.22418615,0.01961798,0.02145386,0.21235415,0.09273091,0.14601816,0.089436255,0.1657852,0.18811598,0.24862167,0.005173737,0.09862244,0.21323192,0.070479386,0.23993458,0.12711164,0.084933706,0.14230272,0.12165847,0.06227369,0.120113336,0.2289836,0.10880532,0.067450896,0.15231565,0.15042679,0.07153572,0.16670546,0.08275408,0.1171322,0.105944976,0.20920376,0.11208346,0.06910784,0.08001439,0.1465276,0.17133692,0.13956077,0.16179883,0.25677317,0.0012478712,0.1523284,0.18151565,0.011288647,0.1112451,0.22286132,0.020707102,0.1535798,0.27319512,0.09250998,0.031382825,0.11376306,0.023524264,0.01414469,0.14832856,0.0352991,0.02852822,0.23119174,0.18832201,0.24919173,0.2533098,0.2844275,0.29392278,0.24125671,0.21928315,0.2168905,0.27263218,0.2349577,0.078771986,0.23175076,0.22830337,0.23471819,0.26045215,0.27157345,0.22048816,0.29177672,0.23411173,0.14726993,0.27350408,0.19313605,0.1997207,0.1873901,0.40614825,0.2618346,0.22064596,0.25215957,0.2632241,0.27081344,0.3292466,0.29404467,0.22705625,0.20639837,0.16328344,0.24758105,0.20891224,0.16428685,0.2739242,0.23194695,0.23756887,0.29225805,0.24282762,0.21441007,0.18557021,0.2176727,0.283774,0.19735138,0.23816021,0.2789588,0.2856619,0.18468826,0.20826389,0.1998544,0.16392392,0.2237789,0.18471244,0.21699092,0.2982885,0.18978663,0.20230362,0.25309294,0.22311105,0.2027691,0.26724395,0.20291713,0.26765496,0.118559934,0.16469115,0.15188605,0.20687574,0.16478276,0.27334288,0.27512592,0.11720067,0.30381244,0.26884684,0.25885108,0.15152672,0.25974944,0.16923314,0.23688515,0.25444686,0.18684725,0.25366926,0.18195058,0.17795368,0.1592063,0.24151199,0.16754231,0.2452854,0.278698,0.28515378,0.19576682,0.20052747,0.19531746,0.2973456,0.26508906,0.094745144,0.23585095,0.2658108,0.29705307,0.20814148,0.24740948,0.20033443,0.25719815,0.22250716,0.22871265,0.16238594,0.27352047,0.23405853,0.15134595,0.16366456,0.17648341,0.26269493,0.26511872,0.2163501,0.22164568,0.25373214,0.18523043,0.24729013,0.27694625,0.2907805,0.26966715,0.2655828,0.20203342,0.14910588,0.2133721,0.19229391,0.24659446,0.24346049,0.21656704,0.27495328,0.22572887,0.29102364,0.2380052,0.18814239,0.25304925,0.21164764,0.16925304,0.2623822,0.32178643,0.2831719,0.2471941,0.20573007,0.19038473,0.20492855,0.20072217,0.17266627,0.19280754,0.16955286,0.16141185,0.45508704,0.1935773,0.23032479,0.22263062,0.27174237,0.10030985,0.17019236,0.27761146,0.2885734
BC2026_Train_0006_S09_20250828_000000_35,0.05768982,0.07139432,0.052814636,0.39638194,0.0038208333,0.21533278,0.09313371,0.087939546,0.04417552,0.095854476,0.26584008,0.05472904,0.031125005,0.00061449263,0.0027817385,0.19312426,0.02001413,0.018826123,0.20561835,0.10191938,0.12481744,0.06917938,0.16247424,0.12356802,0.25215024,0.0055109393,0.079579085,0.21768478,0.06916424,0.22759478,0.111718275,0.059260227,0.115411595,0.090932235,0.037468944,0.08876532,0.20698754,0.09005618,0.05814151,0.13388686,0.11468063,0.03911246,0.12432804,0.05138012,0.074990496,0.062485814,0.16814522,0.07153473,0.043050904,0.0474525,0.10962683,0.13865975,0.09835646,0.11619365,0.24260513,0.001324628,0.11557748,0.1634039,0.012238878,0.09235079,0.251402,0.025190983,0.12089194,0.25177178,0.08076426,0.035510898,0.08702181,0.02341247,0.014872693,0.11575805,0.01969846,0.025292065,0.19994071,0.1549151,0.31419256,0.24988566,0.20150213,0.28555873,0.16157019,0.291816,0.16077578,0.12866326,0.2831322,0.055905856,0.24329993,0.2837441,0.21941207,0.28185043,0.27438697,0.15448466,0.28088278,0.24743368,0.1158912,0.33374763,0.21153773,0.27350178,0.24679467,0.45578045,0.24754637,0.15477622,0.24728546,0.14021598,0.27866438,0.35279915,0.29983318,0.22032772,0.2053992,0.14311443,0.2493259,0.24865924,0.21882945,0.30003402,0.15330537,0.29500538,0.19057095,0.2737797,0.21130238,0.2549965,0.17152798,0.29683858,0.28245085,0.25991252,0.27124143,0.270912,0.2724044,0.20203853,0.19828989,0.1904071,0.17996635,0.2912663,0.2679281,0.28707,0.20683771,0.21927857,0.2566431,0.18057522,0.25546572,0.28960142,0.2689811,0.20945019,0.15635279,0.20157753,0.20641883,0.2604475,0.16138044,0.15129235,0.28155842,0.23118502,0.29701793,0.25406337,0.14549416,0.24911934,0.24532442,0.24048659,0.25207642,0.20187235,0.15235217,0.19365112,0.16790105,0.17543444,0.13251162,0.25674906,0.14805664,0.28948992,0.24475989,0.2424737,0.2979727,0.21323667,0.22541131,0.29157457,0.28919488,0.06831921,0.1925231,0.26510373,0.2138293,0.2552068,0.1224366,0.19279751,0.2743393,0.25003707,0.28260127,0.15392213,0.27616215,0.2416469,0.18151282,0.123280704,0.22069643,0.24916163,0.23013492,0.29625273,0.27290896,0.2671147,0.2599403,0.27168357,0.24801055,0.27616674,0.29444578,0.25841305,0.21083179,0.28810737,0.26180848,0.16073567,0.22153033,0.28757685,0.2640349,0.2703089,0.28563532,0.29362097,0.24797937,0.2545773,0.21156217,0.25191826,0.12878394,0.23717932,0.3363182,0.33291847,0.27977347,0.21463493,0.22258674,0.13797846,0.2641041,0.15583052,0.17964965,0.1056616,0.12782587,0.47016692,0.22531231,0.26676413,0.18990572,0.25905138,0.07956019,0.19011825,0.26952648,0.27142015
BC2026_Train_0006_S09_20250828_000000_40,0.038736872,0.0715001,0.05342834,0.36075696,0.0040525063,0.16515584,0.08092797,0.08448905,0.043211475,0.08486571,0.24375841,0.05545882,0.028541176,0.0005767695,0.0027925014,0.16192119,0.023724012,0.023562659,0.36746287,0.08062208,0.10130185,0.07180307,0.2325086,0.123634614,0.18259604,0.005315327,0.06783064,0.21659857,0.071282566,0.22432002,0.10875064,0.056123357,0.112821005,0.0870321,0.03860643,0.09675463,0.20548423,0.08054272,0.05208339,0.13983727,0.12925085,0.042035878,0.11989458,0.05836282,0.07736405,0.06911546,0.15496932,0.07675189,0.038876433,0.049004667,0.09789822,0.12909253,0.104018785,0.119259715,0.22991137,0.0014394596,0.11244585,0.15790807,0.013671872,0.083782345,0.24825436,0.021508832,0.117245615,0.2615825,0.07424707,0.0365649,0.08334205,0.016436335,0.01641109,0.12040894,0.018351067,0.026988424,0.27671012,0.1575005,0.28133807,0.23285107,0.25890824,0.2912923,0.20719504,0.16053201,0.251738,0.15922396,0.24611872,0.08142174,0.16914861,0.2526653,0.25898018,0.26461974,0.29110736,0.26678547,0.26738715,0.2777322,0.11022107,0.26204407,0.22109365,0.2520498,0.20421958,0.4372305,0.25655758,0.25889176,0.29742202,0.1758598,0.29485658,0.33146268,0.29966947,0.2169975,0.25565475,0.12900986,0.2589386,0.26596323,0.22840226,0.29053295,0.1797239,0.2972322,0.22047621,0.31726727,0.2261453,0.24263194,0.26382673,0.29748943,0.2286386,0.27970418,0.2907106,0.29460892,0.2590566,0.22925046,0.20781417,0.2003219,0.23670574,0.2764365,0.19113258,0.28610972,0.20062391,0.26856655,0.23912786,0.15114017,0.24326383,0.27557147,0.21600343,0.22869864,0.14098981,0.22192527,0.2737044,0.2626356,0.17819919,0.13145497,0.29542533,0.25644913,0.34026355,0.27339146,0.20500353,0.15484467,0.26036078,0.25790128,0.2581898,0.22666734,0.1660554,0.26283458,0.25512353,0.12856372,0.13514817,0.29378062,0.15006831,0.29017735,0.26308793,0.2842787,0.22211096,0.28954807,0.27460596,0.29218584,0.28398854,0.070312865,0.23637292,0.27667293,0.25550213,0.17819573,0.15516873,0.24072777,0.25109446,0.2668419,0.28565836,0.18333897,0.28732273,0.26005828,0.20394087,0.22283417,0.22391754,0.26820704,0.23878747,0.29590577,0.25187287,0.26673922,0.25888893,0.2957434,0.29068646,0.2919048,0.29499876,0.28273338,0.24738096,0.22959207,0.27774632,0.17033601,0.23738591,0.288013,0.26989815,0.25479916,0.2491367,0.29201964,0.17864689,0.2441096,0.27341676,0.27980864,0.1625219,0.2514117,0.33230972,0.3473519,0.24473177,0.22916618,0.2696296,0.16448967,0.18628004,0.22917728,0.13952255,0.19585545,0.13432701,0.484516,0.17690144,0.2548911,0.2084828,0.27374586,0.07554169,0.21662094,0.2643069,0.2922375
BC2026_Train_0006_S09_20250828_000000_45,0.0327212,0.07605372,0.04926005,0.38779873,0.004093068,0.20968732,0.077951014,0.078431666,0.044432953,0.086764865,0.22067174,0.050542038,0.03920604,0.00057249074,0.0027609686,0.16161226,0.020305485,0.021672675,0.19819182,0.104866944,0.12889318,0.08287858,0.13815515,0.098413594,0.2040978,0.005220967,0.06860159,0.22687814,0.07752242,0.2074255,0.11045654,0.06129825,0.11663536,0.08907608,0.043860186,0.092212,0.19681506,0.081677385,0.06424659,0.12963958,0.12163566,0.040488582,0.123257935,0.0663888,0.07408908,0.06430235,0.15641677,0.074507564,0.03828083,0.044903703,0.11192349,0.13706765,0.10225097,0.12067498,0.23053691,0.0013530143,0.1161708,0.16542813,0.013918526,0.096404895,0.24380118,0.022279227,0.110359326,0.26489052,0.07790432,0.039869383,0.068397015,0.020637473,0.016165817,0.11715667,0.019727113,0.035522792,0.1708819,0.14209577,0.2623634,0.2555546,0.23125291,0.29143977,0.19044648,0.16853109,0.20351398,0.119632356,0.2524552,0.06945224,0.18829806,0.26461235,0.23426084,0.2744507,0.27240366,0.13210809,0.28252384,0.26091278,0.14056993,0.18546088,0.10015185,0.28843185,0.17388034,0.39010143,0.23033972,0.16060887,0.2609676,0.06926271,0.2975784,0.347636,0.29296193,0.20718394,0.16953781,0.13531226,0.22221501,0.2717332,0.19878103,0.28726348,0.13646592,0.2898843,0.15238127,0.2672133,0.16676658,0.25927833,0.16476668,0.28678218,0.24515034,0.23795529,0.26839498,0.2801274,0.22204068,0.15690772,0.16940211,0.2004934,0.18991965,0.29239058,0.14972721,0.29457358,0.15810528,0.24502264,0.2651412,0.14766102,0.25401974,0.2762822,0.2008577,0.21757832,0.16477881,0.18799233,0.15791157,0.20660423,0.18490344,0.12767194,0.28151608,0.22826286,0.2418901,0.2700026,0.10813576,0.2138315,0.2374956,0.19226196,0.23796253,0.16795182,0.214831,0.19196746,0.21900852,0.17555088,0.18762831,0.2628907,0.13422842,0.2660705,0.20243844,0.2796909,0.2640973,0.2018566,0.23290491,0.2977647,0.2813262,0.05063816,0.16972472,0.28392237,0.23381111,0.23448296,0.121030755,0.19578312,0.23016526,0.2265247,0.27547038,0.16921273,0.28449693,0.21950565,0.1286446,0.19104633,0.20136045,0.23156545,0.2548664,0.2924936,0.21510737,0.2581937,0.27848306,0.28348204,0.2733625,0.27072892,0.281474,0.2937974,0.2559365,0.23967505,0.2740929,0.16749388,0.16578427,0.2946448,0.23149845,0.24190153,0.22712386,0.28889626,0.18515775,0.27817053,0.24249996,0.24726474,0.1621685,0.24831913,0.32709017,0.31119496,0.2627161,0.16889265,0.23100536,0.14518145,0.18618377,0.17430058,0.1707922,0.17655896,0.19332887,0.44521892,0.18995906,0.21397951,0.168587,0.25966072,0.084654644,0.17793079,0.21583791,0.2793852
BC2026_Train_0006_S09_20250828_000000_50,0.03255262,0.06899295,0.049697846,0.3657344,0.0033931716,0.17275573,0.084118076,0.1177965,0.045637675,0.085295156,0.23617524,0.05164126,0.07600484,0.00053330127,0.0027854452,0.17546332,0.024449507,0.025010532,0.1755343,0.14005691,0.10938241,0.07666357,0.16807567,0.14857325,0.2233139,0.0058018975,0.07820371,0.236736,0.08851624,0.3073722,0.10946207,0.053171076,0.11527737,0.09160425,0.031761333,0.11042241,0.1881478,0.0769158,0.059243303,0.13242225,0.13318983,0.043099128,0.1191587,0.057987172,0.072855495,0.064503334,0.1486763,0.080997944,0.03314357,0.04816288,0.09306424,0.13683827,0.096811965,0.12113424,0.24372406,0.0011867343,0.11281218,0.16272557,0.013362395,0.17381677,0.21700493,0.020397445,0.13750237,0.24318174,0.08590027,0.04742584,0.08869787,0.023047684,0.014349394,0.09617777,0.018219257,0.02346483,0.2694594,0.1291271,0.29241708,0.26801124,0.22535533,0.29508626,0.2030985,0.15894768,0.21104914,0.13144948,0.25574836,0.05435536,0.21373157,0.29434362,0.27274412,0.26278472,0.27586257,0.21196204,0.26135764,0.27400088,0.1216837,0.14367913,0.22255719,0.24762058,0.20247048,0.34201166,0.26041996,0.17915352,0.25315762,0.2559456,0.29560706,0.33784214,0.30111757,0.21496488,0.23574501,0.10773488,0.2695821,0.2835409,0.23647213,0.29882154,0.15611511,0.29555696,0.24559689,0.2950572,0.23228595,0.20162424,0.19117498,0.29550076,0.2516134,0.28285652,0.28928956,0.2767196,0.280113,0.21520144,0.19787675,0.2335511,0.22656988,0.2895508,0.20130153,0.29184785,0.17672482,0.22108111,0.23286277,0.11879266,0.20500232,0.2891634,0.24613945,0.2869309,0.09428114,0.24634305,0.21440297,0.25092727,0.1745995,0.18825832,0.2984314,0.24904819,0.29556212,0.26306072,0.2071794,0.20718396,0.22650294,0.28270006,0.27049524,0.21881275,0.2299375,0.17785196,0.19271392,0.20955631,0.12442957,0.23254104,0.12420106,0.29023343,0.24729623,0.26753792,0.2878779,0.19456309,0.2649533,0.29378033,0.28043616,0.08866891,0.2161168,0.28673163,0.29666904,0.1953831,0.19956478,0.2830422,0.21592653,0.24145956,0.2817214,0.22735178,0.2777759,0.22623034,0.19323091,0.124848306,0.1852094,0.2564906,0.20130649,0.2950527,0.24123259,0.26994333,0.2515262,0.28341728,0.28397804,0.2819226,0.29261172,0.29270756,0.22965623,0.11853354,0.28582752,0.18227912,0.23746604,0.29073676,0.2882316,0.2822261,0.2608539,0.29046953,0.20681992,0.2777664,0.2790302,0.2765636,0.12732631,0.25735697,0.31875455,0.3352999,0.28242192,0.22914815,0.28478742,0.12375519,0.2602648,0.21444796,0.21618679,0.16116253,0.15021174,0.4657141,0.2355487,0.24517332,0.19982629,0.27649063,0.09108578,0.2163936,0.2754568,0.28894296
BC2026_Train_0006_S09_20250828_000000_55,0.04015548,0.10848372,0.055781633,0.27115625,0.0029074317,0.27852273,0.057747394,0.11363736,0.044327375,0.0857754,0.28661084,0.0457415,0.0387749,0.0005518687,0.002251868,0.18201928,0.027504286,0.026127499,0.20152193,0.23068564,0.18348458,0.092432976,0.15507919,0.111603774,0.2578081,0.007006854,0.09237729,0.26447216,0.10006364,0.22141558,0.14071612,0.077405654,0.15258981,0.11016405,0.05859689,0.12606448,0.24135074,0.10985251,0.079167105,0.16335368,0.16241626,0.05428066,0.15932441,0.096323274,0.09333516,0.07960551,0.17971572,0.10201631,0.056319635,0.07133634,0.14305146,0.17568323,0.13136917,0.15418005,0.272765,0.0011985733,0.14228795,0.16937812,0.013697401,0.13382223,0.23837402,0.024877716,0.19762439,0.28912842,0.09695022,0.042079635,0.136832,0.02942752,0.018280866,0.1310515,0.031560306,0.027046215,0.17153728,0.25306827,0.31530777,0.26437244,0.21737535,0.28265178,0.21088785,0.27123827,0.14851429,0.11933716,0.28890854,0.08178788,0.21344125,0.26892647,0.23892441,0.28555498,0.27521434,0.1713314,0.2653504,0.263284,0.13403678,0.26770505,0.13709651,0.22414024,0.24117678,0.36773223,0.27613783,0.16393156,0.27038386,0.09986514,0.29888922,0.34433103,0.30145934,0.23858936,0.22775714,0.11346669,0.25163537,0.22762404,0.18246013,0.29933718,0.12726569,0.28462067,0.22895929,0.30472487,0.21600161,0.21133003,0.2468169,0.27631235,0.2977015,0.29120314,0.28357324,0.25806463,0.2787429,0.16596802,0.11898251,0.22076067,0.237921,0.2916431,0.1627776,0.2893836,0.24042457,0.2495777,0.24846905,0.15435487,0.2945229,0.29132777,0.21289933,0.2666241,0.1768349,0.2886926,0.22855884,0.27219108,0.18930058,0.13397086,0.28962666,0.22245577,0.31923956,0.26458615,0.22287466,0.20001797,0.24173142,0.21608292,0.25017807,0.22283378,0.19616035,0.2676968,0.23067698,0.17100483,0.15860105,0.2754627,0.2065063,0.2783405,0.21160084,0.3011662,0.291637,0.22305432,0.26389676,0.29725948,0.25496417,0.06908886,0.26221702,0.26538658,0.2407691,0.26326632,0.15941109,0.22622389,0.24366157,0.25359926,0.2594526,0.16751273,0.29094756,0.24630943,0.1572147,0.21967708,0.13666514,0.24843735,0.2654099,0.28812942,0.22176635,0.26557565,0.14941509,0.26333123,0.26953942,0.29346812,0.27290523,0.29597035,0.22541098,0.18242154,0.26633945,0.15142077,0.18833129,0.2959899,0.24464665,0.28146982,0.24400961,0.2984729,0.2134666,0.26724994,0.27254674,0.2841685,0.28213814,0.2849327,0.32834053,0.3079008,0.2465405,0.2007031,0.23800299,0.19508678,0.2342519,0.2566526,0.14631224,0.1396533,0.12181395,0.48665756,0.20824547,0.2477985,0.11541198,0.25960603,0.1402548,0.11998073,0.2529663,0.28792918
BC2026_Train_0006_S09_20250828_000000_60,0.056747776,0.09095987,0.05356814,0.29151064,0.0030052988,0.19604869,0.060146563,0.070963755,0.046279497,0.09242463,0.24081658,0.06716839,0.03259699,0.00056726084,0.0026100145,0.17553362,0.025584336,0.024866752,0.23185661,0.09676618,0.10428132,0.0777774,0.1382219,0.12489361,0.21666895,0.00628554,0.076585576,0.23662913,0.080677435,0.22081667,0.1170637,0.072142735,0.13667007,0.087997735,0.050758086,0.104399085,0.21384998,0.090878084,0.066382684,0.13849041,0.13979682,0.0494542,0.12797835,0.074049704,0.09064297,0.0735172,0.16234134,0.0889776,0.049239624,0.055847306,0.10748603,0.13630642,0.110849045,0.12550947,0.23455834,0.0013877382,0.1252605,0.17458083,0.013616912,0.09213572,0.3394172,0.020678008,0.119102314,0.26264033,0.08751026,0.035116162,0.117523946,0.023025949,0.013541005,0.12397023,0.023562675,0.027194265,0.18826391,0.2355742,0.24367715,0.2573962,0.21926019,0.26569498,0.26102516,0.17696673,0.20931298,0.1011917,0.1923406,0.08408747,0.19790119,0.26824576,0.2427505,0.26037404,0.2688316,0.18975207,0.28279787,0.24746639,0.15920445,0.19456095,0.21202683,0.28045514,0.19952193,0.39609727,0.26086923,0.1784644,0.21377157,0.14023279,0.2963955,0.33665484,0.29856706,0.24298891,0.21652335,0.09380589,0.24547932,0.24770848,0.20958868,0.2909056,0.14525263,0.26145664,0.1417512,0.23871407,0.20289823,0.25264007,0.20596942,0.28739884,0.24336876,0.2591677,0.27062783,0.25012448,0.24015585,0.1742317,0.16227089,0.17221874,0.2618113,0.29806608,0.17091641,0.29326382,0.14467615,0.22456315,0.22938763,0.21626487,0.2727551,0.27271035,0.22115979,0.27491572,0.18688746,0.21096253,0.14628637,0.2158472,0.17988804,0.112915866,0.2651581,0.21933152,0.29543877,0.26069847,0.18643637,0.167166,0.23420365,0.17812647,0.21655343,0.17682062,0.15400513,0.21899357,0.24864027,0.16231345,0.15387839,0.20424223,0.11617954,0.2514652,0.18460016,0.27985677,0.22273983,0.2664307,0.21458605,0.2896647,0.27881473,0.059728216,0.17307058,0.25194874,0.21054767,0.2094099,0.14527042,0.15367283,0.25647423,0.24734285,0.22632478,0.17528935,0.26607966,0.2333427,0.17429364,0.22394463,0.19404,0.26009667,0.24172103,0.29730415,0.19373247,0.2612394,0.21530601,0.23594356,0.2729585,0.29077917,0.28512484,0.2856622,0.21560161,0.21482763,0.23565015,0.29349127,0.25649562,0.2800335,0.23978768,0.24433005,0.23407498,0.28770986,0.20713313,0.24449773,0.22429372,0.22435139,0.17057315,0.26287523,0.3224161,0.32390314,0.25453976,0.21352991,0.21607906,0.10278246,0.19315812,0.16431671,0.14231166,0.19095285,0.15242024,0.44005227,0.17950477,0.24872118,0.17413732,0.19870234,0.12083781,0.19392788,0.24066596,0.2720091
BC2026_Train_0007_S09_20250829_000000_5,0.04744353,0.1269492,0.077815205,0.20299476,0.0031127748,0.16830076,0.06120954,0.14070377,0.045627914,0.07332298,0.2559524,0.042649157,0.046406135,0.0005421038,0.0027821623,0.28072065,0.04755787,0.026401116,0.28181407,0.17553577,0.11638661,0.11236593,0.25023693,0.091025904,0.28520295,0.0057604946,0.19309323,0.23626977,0.0992729,0.28592813,0.13049796,0.077251434,0.18866675,0.1127228,0.059243422,0.11241325,0.25929898,0.13598411,0.076825924,0.19764832,0.18477197,0.06799944,0.16950887,0.08956058,0.13510767,0.1346093,0.22424307,0.15327439,0.08312664,0.09173419,0.14398806,0.14847109,0.1357424,0.13556364,0.26593107,0.0015328864,0.12781064,0.16226175,0.015368408,0.12059584,0.36220694,0.018892925,0.18194574,0.2854342,0.11219003,0.05433419,0.19420987,0.02412246,0.018822376,0.17237696,0.038326126,0.025810407,0.24505399,0.14422508,0.2844466,0.2836947,0.23661989,0.2971352,0.23964898,0.26347706,0.295734,0.15219767,0.2802488,0.24628147,0.1945505,0.2808386,0.2636543,0.26562545,0.29816845,0.17920876,0.28458562,0.25492066,0.29597026,0.3168679,0.26556453,0.29469696,0.2269079,0.4678555,0.25937882,0.22679712,0.27917805,0.12956306,0.27310902,0.34705642,0.29881024,0.27319634,0.25521323,0.16368677,0.29751277,0.2992327,0.22503746,0.29369393,0.13625821,0.2857335,0.18984099,0.30138335,0.1965215,0.23362991,0.18956117,0.28964016,0.28959066,0.29471374,0.2969436,0.2999931,0.24077897,0.28575876,0.20676246,0.1905633,0.2515435,0.22564697,0.15781198,0.29904583,0.31460038,0.2942768,0.29825923,0.19735672,0.2663398,0.27222204,0.25340238,0.2865886,0.16058683,0.25290662,0.2647778,0.27659515,0.21614484,0.2540588,0.2828263,0.22614372,0.33438396,0.27033663,0.2935254,0.21956053,0.24479024,0.2591596,0.27119052,0.28149185,0.2721095,0.22330184,0.27877942,0.27015144,0.3093352,0.26161233,0.22765733,0.22574548,0.25645375,0.290968,0.096880734,0.26360184,0.20537764,0.2968078,0.2982878,0.107185416,0.23881993,0.27544037,0.24701622,0.24385782,0.27287155,0.21928003,0.2975992,0.2846334,0.28193617,0.17111704,0.24017441,0.26363182,0.24529657,0.2718701,0.10137312,0.2889911,0.23703359,0.24806918,0.28687552,0.29890007,0.22313225,0.27999455,0.29921693,0.2822489,0.29781702,0.27237904,0.21757904,0.16762672,0.25532708,0.25668117,0.16637054,0.28788516,0.23111941,0.29561126,0.28067183,0.2940756,0.18029092,0.2850507,0.27203718,0.27705872,0.28488815,0.29583156,0.3166037,0.34868324,0.27398273,0.19663924,0.27703482,0.24660432,0.23554944,0.21780637,0.2797393,0.2974311,0.1334729,0.48079225,0.2568882,0.28098747,0.20684856,0.2935326,0.19806796,0.1740584,0.29513875,0.29904032
BC2026_Train_0007_S09_20250829_000000_10,0.04620995,0.11097507,0.053929463,0.22647685,0.0028167255,0.20663244,0.08576584,0.09033858,0.053356115,0.074727744,0.27641305,0.03450909,0.043696295,0.0005218857,0.0027800454,0.23025356,0.02511648,0.025353076,0.23184553,0.120720856,0.13548681,0.08774276,0.098650955,0.105925046,0.26598996,0.0065590465,0.17306736,0.24600004,0.08702053,0.21540909,0.15115736,0.09548943,0.18189211,0.12836662,0.06016316,0.13413832,0.25148064,0.13624516,0.07153083,0.19457152,0.18534711,0.06820848,0.17306894,0.08595838,0.120573595,0.101783395,0.19869256,0.13116565,0.07392558,0.11235738,0.14306474,0.15014432,0.15179655,0.14622548,0.27922076,0.001491941,0.1353374,0.18165953,0.00952332,0.106907174,0.35711938,0.019950029,0.13238718,0.229437,0.09035225,0.058987077,0.15402742,0.020149242,0.022450324,0.13603601,0.03755328,0.02397436,0.19068912,0.20406999,0.30752128,0.26753077,0.2519424,0.27756158,0.1451246,0.17881285,0.29403275,0.15328859,0.23863564,0.1572235,0.2634499,0.25072038,0.29621306,0.27105978,0.28195512,0.21212296,0.27630305,0.25961995,0.20987068,0.24966757,0.14938441,0.23748305,0.17769429,0.41961622,0.22828731,0.25680268,0.28660282,0.0994112,0.27757713,0.34746757,0.30060422,0.23049887,0.119392954,0.17265658,0.29512116,0.26803422,0.14829615,0.29658502,0.12271574,0.2555325,0.18517499,0.2670326,0.18953879,0.25068706,0.19661252,0.2547039,0.2679234,0.29307434,0.28771013,0.29255578,0.27851567,0.2239119,0.2651493,0.18554881,0.22230336,0.184107,0.1804506,0.28794676,0.14705,0.2792398,0.26383004,0.15651329,0.23488154,0.28100744,0.24723561,0.31058645,0.2367021,0.29936746,0.22702345,0.27751204,0.23162839,0.16565219,0.2734811,0.10334432,0.29185036,0.26844335,0.27567428,0.13812502,0.20377535,0.22995642,0.2679566,0.2915057,0.24837661,0.15645348,0.28952557,0.1571301,0.26668078,0.23271185,0.11070972,0.26814568,0.22906883,0.19909953,0.1011747,0.19682972,0.21519603,0.29958597,0.2573083,0.067406915,0.24942507,0.24977842,0.25887522,0.29273114,0.125683,0.23161991,0.26112744,0.24658152,0.22482637,0.1562578,0.2178312,0.2457142,0.23859482,0.21330819,0.08193125,0.27297536,0.2530074,0.24934733,0.20210141,0.278382,0.18559045,0.27882305,0.27714744,0.27012888,0.26234955,0.28046864,0.281698,0.17721644,0.2458631,0.12238007,0.17908937,0.28215986,0.25336385,0.26999697,0.27696726,0.29630056,0.13080435,0.25309628,0.2663046,0.30025923,0.20492832,0.2663253,0.3129433,0.319677,0.1985804,0.23366815,0.26312977,0.2815839,0.1811522,0.12769634,0.2546735,0.21305303,0.21635363,0.45462537,0.1937907,0.26337376,0.23166373,0.27475557,0.11523298,0.1989213,0.295152,0.25775778
BC2026_Train_0007_S09_20250829_000000_15,0.04422444,0.099049225,0.069398604,0.32904863,0.0030106907,0.19144197,0.0677038,0.07900295,0.05393011,0.0790983,0.27727127,0.057005316,0.032949388,0.0005362835,0.003061875,0.22224057,0.021544976,0.024482531,0.2326253,0.07072071,0.10091053,0.09285486,0.09831194,0.09320654,0.22150329,0.00719251,0.15885988,0.23616312,0.08668293,0.20696935,0.106889725,0.079404905,0.14204776,0.08630283,0.05054418,0.1162651,0.21974316,0.109151915,0.07311703,0.14759848,0.14112917,0.05972436,0.13405961,0.08732203,0.09531292,0.07417588,0.15343188,0.10618577,0.052807074,0.07344043,0.1227712,0.1317738,0.10632334,0.117618844,0.26646724,0.001311729,0.14178328,0.19076276,0.011841819,0.11440476,0.34224004,0.026429716,0.13543816,0.24913773,0.082666755,0.067751005,0.1748676,0.019360047,0.04222691,0.13880071,0.03449717,0.023973085,0.22891803,0.22266331,0.31145623,0.29446986,0.22283462,0.29415175,0.24827498,0.18776026,0.27391404,0.16181788,0.2599336,0.10842431,0.16936009,0.23438008,0.24749592,0.20838721,0.27987313,0.19667932,0.2570495,0.2817755,0.06602083,0.3008516,0.1702444,0.26001343,0.1859145,0.3668915,0.23619092,0.26606375,0.309107,0.12589218,0.2954521,0.34792462,0.299703,0.21010491,0.2621086,0.13300882,0.27670532,0.22540858,0.25424203,0.29062784,0.21183123,0.28601167,0.15350534,0.29153845,0.17420457,0.29868588,0.25412545,0.272111,0.2775893,0.29066712,0.2800862,0.283438,0.27981403,0.20192406,0.2085121,0.20120358,0.23209372,0.29836544,0.2575429,0.2845175,0.16228886,0.21538013,0.15849313,0.15209174,0.26947144,0.28615013,0.29482538,0.36207154,0.21543892,0.2797997,0.2923666,0.27987465,0.2933043,0.1750495,0.28923628,0.29198968,0.3546028,0.29191768,0.14072601,0.20774831,0.20955504,0.15724652,0.2298437,0.2975485,0.22650373,0.27729353,0.29154682,0.2293382,0.17787784,0.24687363,0.16377331,0.23972349,0.2592376,0.2905384,0.22138898,0.13359396,0.2439036,0.295251,0.2595928,0.081893034,0.23377597,0.27950138,0.20440547,0.29552975,0.14179347,0.19841719,0.26092196,0.288745,0.2666492,0.12688082,0.21227075,0.2821161,0.19208197,0.123773776,0.114519544,0.21384911,0.2674524,0.2983304,0.10844172,0.2587837,0.19054037,0.2757894,0.2674328,0.29281968,0.28203544,0.2953489,0.29540047,0.27695048,0.23736095,0.092664726,0.20742264,0.28609025,0.21646754,0.27603897,0.25227818,0.29460284,0.18558076,0.26240778,0.289042,0.2988515,0.12869565,0.27601373,0.32924265,0.3997214,0.28015262,0.2998829,0.22558074,0.2970994,0.13817072,0.25578657,0.12190099,0.17621802,0.27529255,0.4800056,0.22373243,0.21010706,0.12309561,0.24869965,0.111439355,0.100722015,0.2390804,0.27830422
BC2026_Train_0007_S09_20250829_000000_20,0.029561842,0.10586492,0.060853988,0.22918859,0.0030269704,0.20398627,0.053801008,0.06817089,0.047757134,0.08283349,0.30652484,0.049649652,0.03308805,0.00043825968,0.0027273367,0.2530954,0.028947972,0.026324729,0.2982989,0.13581257,0.11755102,0.11746399,0.16731952,0.10101696,0.23806053,0.0064636255,0.14141636,0.17836265,0.084174596,0.3019218,0.07791478,0.05974062,0.12996139,0.07793727,0.045359153,0.09292735,0.1736971,0.09986736,0.050121207,0.12912609,0.10749495,0.056584306,0.13770153,0.052927844,0.08875732,0.072975345,0.15972619,0.102567434,0.04256471,0.06304572,0.12084854,0.124643706,0.08748757,0.11190949,0.22233859,0.0012760591,0.13048302,0.1807209,0.012425521,0.11054465,0.34247273,0.023691174,0.13523994,0.29292053,0.09255515,0.045692593,0.15817256,0.019752942,0.025626592,0.13253118,0.020821024,0.023572782,0.22687322,0.2568091,0.28264168,0.27534175,0.24436718,0.2880953,0.25723538,0.25845593,0.22542955,0.13086051,0.19419779,0.08850076,0.18441148,0.2344464,0.20754874,0.24062182,0.29003072,0.17849489,0.2698718,0.24050504,0.065325566,0.2816528,0.2145337,0.28549454,0.22263621,0.4015839,0.26721284,0.29393417,0.24341094,0.25535494,0.2833245,0.32516247,0.2893096,0.25371593,0.20355627,0.14414284,0.21833526,0.2542638,0.11518943,0.28289247,0.12442727,0.25478122,0.29195935,0.23238713,0.27294734,0.28127873,0.23333539,0.27913454,0.27226153,0.29885843,0.2557391,0.28162593,0.21013455,0.25645262,0.19321322,0.15554692,0.2543509,0.29962552,0.26957864,0.28637418,0.22132532,0.21894808,0.19395158,0.12807626,0.30698788,0.28601,0.28615785,0.3169495,0.21319084,0.1850796,0.1974312,0.24906145,0.2700103,0.2411761,0.29983008,0.14645313,0.30335253,0.24650763,0.25691777,0.13922337,0.2558265,0.17124245,0.2370522,0.17738166,0.29038182,0.20079738,0.27880087,0.28016603,0.20581588,0.29472545,0.23869555,0.2943738,0.18593338,0.31243494,0.22356781,0.27983534,0.24792619,0.2856563,0.28349486,0.1999947,0.1617292,0.29018596,0.30494606,0.21722747,0.28258994,0.27445468,0.23721486,0.25762433,0.26612175,0.14175822,0.1980124,0.24776167,0.18139866,0.13164541,0.19396394,0.18929112,0.25472713,0.21486902,0.18515216,0.22567247,0.24645866,0.23626967,0.2694211,0.29663113,0.28194264,0.28935134,0.28116733,0.13911475,0.2581928,0.23119403,0.10590404,0.28562406,0.29528758,0.23732722,0.25852197,0.2866613,0.21051167,0.2692789,0.28016415,0.2516948,0.2163572,0.2763823,0.29743242,0.27822065,0.2091225,0.28714654,0.26492262,0.19926319,0.24150887,0.22012515,0.11930671,0.12741289,0.27200663,0.45327806,0.19666244,0.28069437,0.12207795,0.210193,0.11305402,0.22020279,0.25866348,0.27482682
BC2026_Train_0007_S09_20250829_000000_25,0.03680571,0.10418625,0.05896587,0.23298426,0.0031370781,0.19908394,0.091054276,0.12015458,0.04034376,0.08160116,0.2968809,0.04748366,0.031367987,0.00054283347,0.0031737569,0.2943502,0.041367874,0.026366195,0.21185529,0.108404756,0.15296724,0.099472195,0.16853833,0.09310985,0.21470536,0.006865785,0.16878226,0.21732213,0.09111535,0.26790062,0.15032616,0.085154,0.15564387,0.104191005,0.057078134,0.13589089,0.256849,0.12302176,0.07972367,0.18941572,0.1467778,0.06658463,0.17835335,0.08749862,0.11818379,0.10750751,0.18355529,0.124967076,0.07818107,0.084395036,0.17908192,0.15699562,0.1568861,0.14195068,0.29822898,0.0014934723,0.14173147,0.17364934,0.014024792,0.10481235,0.28458184,0.022923708,0.13203025,0.2599209,0.08199526,0.051965363,0.15452619,0.029165681,0.023088697,0.18796144,0.045839578,0.027165005,0.24353506,0.23510186,0.323084,0.2658844,0.2577107,0.29467195,0.2289475,0.20995988,0.2910293,0.27225745,0.24691983,0.09164316,0.1441097,0.29182702,0.27238005,0.28694585,0.29763252,0.21952242,0.27670386,0.27527982,0.1584485,0.27642858,0.28918597,0.28790078,0.2593102,0.31037045,0.28296882,0.22142093,0.29309988,0.19131514,0.29030323,0.33805987,0.2938859,0.2788605,0.28695226,0.14435834,0.26324922,0.26081643,0.19769453,0.29937467,0.14623557,0.27946925,0.1771744,0.2909546,0.27079692,0.23465085,0.23652878,0.2888436,0.22213244,0.2957353,0.27993876,0.2924365,0.24188438,0.17048511,0.27003738,0.2293864,0.2928108,0.29292974,0.27715892,0.28916356,0.17544761,0.22479393,0.1974277,0.24297513,0.25276443,0.29493544,0.2650734,0.2123082,0.2359109,0.14541197,0.29424304,0.26433587,0.22773702,0.21237445,0.29087833,0.24645269,0.29545152,0.29562852,0.24885611,0.22399054,0.29626334,0.28155163,0.25117525,0.2803811,0.28580192,0.23021832,0.28854162,0.2968363,0.1789852,0.26993617,0.22562005,0.27068383,0.2336031,0.24663584,0.2908932,0.23558821,0.2690937,0.2945468,0.28945172,0.1581502,0.20654055,0.25024182,0.24299586,0.21265809,0.27677026,0.22964887,0.2908361,0.24511124,0.24742928,0.15442368,0.22768305,0.28614482,0.22175664,0.23781684,0.11756342,0.26643166,0.21785744,0.27604222,0.29158813,0.287063,0.26251405,0.30066967,0.29135287,0.29036888,0.24098802,0.21254344,0.24585511,0.2058633,0.2765621,0.2881938,0.18807091,0.27685034,0.2893484,0.2818994,0.24505623,0.28726113,0.24835716,0.26439247,0.27517867,0.28080904,0.18197984,0.28571144,0.3123155,0.37186626,0.27202812,0.18600503,0.263726,0.29069427,0.29667693,0.18792507,0.17079668,0.18087701,0.17355303,0.5164877,0.21637884,0.2167971,0.12595311,0.25832692,0.07046081,0.18551835,0.29581675,0.280538
BC2026_Train_0007_S09_20250829_000000_30,0.047258087,0.1133828,0.06223696,0.26076102,0.0028568148,0.28958884,0.12222852,0.092545666,0.041220006,0.08320159,0.27237034,0.038944863,0.04065261,0.0005791985,0.0025630859,0.2236147,0.018875904,0.04344274,0.25290418,0.29040563,0.20281684,0.089487,0.29426593,0.07305773,0.24916944,0.011879891,0.12363286,0.28003955,0.10816923,0.2663651,0.16745606,0.086516276,0.17642656,0.109970614,0.051414132,0.12632191,0.21845773,0.12643798,0.079843625,0.17716129,0.15613298,0.07574375,0.16769922,0.0905646,0.10826228,0.093366474,0.19231614,0.09694754,0.0742317,0.086422205,0.1518765,0.17692986,0.15265074,0.14902204,0.28969622,0.0015962983,0.16324222,0.20020849,0.014487073,0.11097774,0.35646242,0.02826701,0.18521526,0.27386415,0.09901602,0.036553685,0.2137185,0.028156113,0.01808355,0.23097616,0.045929123,0.024180904,0.17680883,0.22019109,0.3050018,0.276652,0.2491033,0.29856622,0.21058209,0.24405147,0.105231196,0.11699019,0.25524095,0.059156984,0.2917542,0.29521695,0.20436797,0.23687485,0.2236001,0.19599,0.2897456,0.27460504,0.06657473,0.23193112,0.29962805,0.2657575,0.26055476,0.35327363,0.28798434,0.16769135,0.22889814,0.064398244,0.28204083,0.34406352,0.30198523,0.21504606,0.15810667,0.1082862,0.26709723,0.21156284,0.20741917,0.29581243,0.15324602,0.22776642,0.14179355,0.27693647,0.19564901,0.26394683,0.20137735,0.24565685,0.29968384,0.26750162,0.23437886,0.24574895,0.29244143,0.13210699,0.18095666,0.16058059,0.21732742,0.26582763,0.18826088,0.28358594,0.29722664,0.17730923,0.2567076,0.12836938,0.2738709,0.27728868,0.2666264,0.30939674,0.17009638,0.17023322,0.17323092,0.24388038,0.18996342,0.16756113,0.2619709,0.25296918,0.35702622,0.2976655,0.13369419,0.18322167,0.21517639,0.2941055,0.252819,0.12399954,0.28355798,0.12260502,0.20054342,0.2991797,0.16793385,0.24889763,0.22877792,0.2707623,0.21689764,0.29430786,0.2921855,0.20260258,0.18583818,0.29258877,0.27836895,0.10582249,0.20302008,0.2769128,0.19957718,0.24572428,0.14338496,0.21389568,0.1974576,0.2916637,0.24292499,0.11967165,0.19881822,0.17974055,0.15571809,0.17463857,0.08804821,0.22457187,0.25516766,0.28031176,0.22861417,0.25529134,0.23900504,0.27644265,0.23762806,0.22338505,0.13855721,0.2679374,0.2511525,0.22103967,0.23196647,0.1265894,0.23321797,0.28052342,0.26134148,0.29067776,0.22966667,0.29766625,0.2201418,0.24647291,0.28886414,0.26653227,0.25797868,0.26233253,0.3226656,0.33676857,0.28298095,0.2343221,0.2513398,0.06064735,0.26062703,0.1794303,0.14187804,0.11922169,0.16515693,0.4406774,0.19696538,0.26331133,0.0781735,0.24078244,0.08846009,0.14508641,0.25486088,0.26082677
BC2026_Train_0007_S09_20250829_000000_35,0.048684277,0.1006432,0.054412898,0.25712126,0.0033302081,0.1825689,0.079614796,0.09810643,0.04483162,0.074214265,0.27585462,0.042713787,0.036698483,0.00057085254,0.0027466454,0.20119205,0.028288128,0.022932807,0.3182747,0.13376303,0.1786449,0.10689279,0.13476321,0.07682347,0.24931341,0.0068755066,0.10538664,0.23489685,0.112032145,0.28371397,0.11127643,0.070466205,0.13650534,0.11785419,0.05393684,0.11242075,0.20862313,0.111454606,0.06079682,0.17668538,0.16023168,0.0674391,0.16415837,0.07223673,0.124721214,0.108094454,0.20273547,0.13331096,0.061356854,0.07928371,0.1261667,0.13198867,0.1261278,0.14429551,0.24765162,0.0015146332,0.11300006,0.16831788,0.015167832,0.18276583,0.27340448,0.021592036,0.15987164,0.25874862,0.118677035,0.034634013,0.14267634,0.030282486,0.016259046,0.14375977,0.023452003,0.02710255,0.2882223,0.2511753,0.2722146,0.28873563,0.274144,0.29941416,0.14158778,0.20843282,0.27444598,0.105935805,0.2643708,0.09007651,0.24542268,0.27181202,0.21859439,0.27449533,0.29460818,0.23356006,0.28357732,0.23665997,0.1442474,0.30768767,0.20357032,0.22142397,0.15222552,0.36517382,0.24965285,0.28676355,0.26108494,0.27876928,0.2743619,0.34553623,0.2980566,0.2568108,0.2655851,0.1231498,0.27685657,0.24057639,0.17712708,0.2938507,0.15365292,0.2670616,0.27929085,0.30131534,0.225272,0.23037256,0.20555283,0.29297262,0.24971507,0.2963129,0.26757663,0.289989,0.24703775,0.22328907,0.26084426,0.15138185,0.22107206,0.2674617,0.20171499,0.2849638,0.25968367,0.29196063,0.23666884,0.18790537,0.30081105,0.29004866,0.26988184,0.23439068,0.12372823,0.27908215,0.22723556,0.2236679,0.16649601,0.26346213,0.2992237,0.15414228,0.24966425,0.28057405,0.28681988,0.2061573,0.25512278,0.2137621,0.21694726,0.19522013,0.29287755,0.20416124,0.2766736,0.18399301,0.21703273,0.2958666,0.13192958,0.28294086,0.21481593,0.23555009,0.10622795,0.2936284,0.15986326,0.29266375,0.2724222,0.24913315,0.22518052,0.28398284,0.29775056,0.28680786,0.29125455,0.28909722,0.22361673,0.27929512,0.29673502,0.15582742,0.26615292,0.28048185,0.11500229,0.2512939,0.08808208,0.2762484,0.26791748,0.23088393,0.23456933,0.24280983,0.248901,0.28479162,0.2950041,0.27611846,0.27894908,0.2676484,0.14035818,0.12141815,0.2786647,0.2842031,0.11303672,0.29274032,0.2976069,0.2769165,0.28778633,0.29283896,0.20728621,0.24441196,0.22377062,0.29358017,0.239937,0.26506025,0.30979714,0.35218775,0.27684337,0.2624289,0.2789214,0.14298849,0.24389872,0.2219668,0.24345233,0.19139607,0.18346326,0.4376067,0.2176974,0.28540662,0.13447712,0.24370536,0.1406204,0.2373304,0.26740423,0.28299755
BC2026_Train_0007_S09_20250829_000000_40,0.053742003,0.100934505,0.052409228,0.2580204,0.0024559349,0.22525285,0.07703968,0.13479066,0.043953232,0.075185254,0.25352922,0.04928032,0.049424466,0.0005737265,0.002243096,0.18614468,0.032279287,0.024493955,0.3914309,0.11458665,0.1253606,0.09651529,0.20124532,0.077758044,0.21080425,0.0070445305,0.10536069,0.24133472,0.08189793,0.21507056,0.1491047,0.065562114,0.17620067,0.09693505,0.044457667,0.10928699,0.2519615,0.109318756,0.05467527,0.17190698,0.17059943,0.05169673,0.16091996,0.07250013,0.093305245,0.08432847,0.19219176,0.10533364,0.057773046,0.076527044,0.13518174,0.15344122,0.13226904,0.12519123,0.26839697,0.0016381382,0.12673196,0.1576673,0.017517164,0.10379057,0.28225872,0.02309005,0.19208477,0.24132076,0.096421964,0.043591075,0.1344966,0.020171242,0.014669977,0.14084917,0.026947314,0.031374454,0.23212396,0.18833156,0.30954817,0.29724532,0.24535568,0.2961668,0.23836821,0.27578005,0.10993882,0.10139914,0.2629984,0.10991195,0.17375915,0.27560315,0.2633743,0.26048014,0.28239837,0.24409522,0.27954143,0.2807045,0.2905759,0.31096363,0.28331807,0.27390766,0.18139721,0.46280617,0.25966257,0.26057947,0.2946328,0.12022078,0.2783985,0.33621022,0.30153507,0.25228417,0.18385953,0.18896244,0.2949902,0.2802813,0.22123066,0.295765,0.1513719,0.26860338,0.21274965,0.28825226,0.24035838,0.22550718,0.22919732,0.28283584,0.29137775,0.29316399,0.29110402,0.29630223,0.26858968,0.24762277,0.20119926,0.20183477,0.19687027,0.27196872,0.14426169,0.2758182,0.3088069,0.27460033,0.27577987,0.21093944,0.25823686,0.28697273,0.24284667,0.24468791,0.13090697,0.24700888,0.19224931,0.24922621,0.224846,0.2182911,0.27894783,0.14892973,0.3288368,0.25373483,0.17395659,0.12261339,0.20011486,0.23644598,0.23377892,0.20649591,0.2683291,0.17128484,0.2637302,0.22408035,0.20588142,0.2618713,0.2629987,0.26516744,0.2426334,0.30565947,0.20824341,0.18704697,0.26054344,0.298648,0.28295943,0.08804333,0.2691067,0.27042446,0.22007802,0.2807435,0.18683824,0.23978756,0.22139633,0.285681,0.2570135,0.14973089,0.22607225,0.24285571,0.1802173,0.18321794,0.14133836,0.28610566,0.24087982,0.26208913,0.19983284,0.280128,0.18114813,0.2870898,0.29105946,0.2641905,0.23372225,0.29690528,0.19114643,0.16932821,0.2804755,0.17441922,0.12944838,0.29915398,0.23305625,0.28124988,0.2744276,0.29785445,0.18267968,0.27817038,0.2877668,0.26042765,0.2798778,0.2481404,0.31614742,0.3293377,0.28065687,0.26346952,0.26194674,0.15828922,0.22026005,0.21400586,0.21987407,0.22646382,0.093747884,0.48792538,0.24198169,0.27867302,0.1324825,0.27925134,0.28032628,0.09712441,0.29706353,0.28423047
BC2026_Train_0007_S09_20250829_000000_45,0.038315814,0.09371799,0.053989805,0.34558463,0.0027912194,0.23929395,0.08689922,0.08045473,0.04435666,0.07227762,0.28670526,0.07271387,0.031329975,0.00059774535,0.0024080388,0.234897,0.026035732,0.024224838,0.41479415,0.15216455,0.121543415,0.09248724,0.16428903,0.062753096,0.19807214,0.006855154,0.13263653,0.2636923,0.08482208,0.26655605,0.1277481,0.077981785,0.17024665,0.098598,0.04609499,0.1258986,0.2485152,0.10755662,0.06596091,0.17483331,0.17621502,0.05480842,0.13495472,0.08162659,0.09250168,0.082584925,0.17477274,0.11138524,0.060590364,0.08189019,0.116110444,0.13186646,0.12232308,0.13702689,0.2641791,0.0017730193,0.12067999,0.16281424,0.013372068,0.11392983,0.28890476,0.025983313,0.121044725,0.24433492,0.08308331,0.06600774,0.14475428,0.01824383,0.020789055,0.1849886,0.02811971,0.02575706,0.17237057,0.15692031,0.30231988,0.25280845,0.24811761,0.298624,0.18681212,0.27411833,0.11937004,0.11018944,0.21661471,0.09709895,0.2481487,0.24175143,0.28633648,0.28745458,0.25596,0.16941233,0.2651363,0.28210586,0.17694353,0.33310938,0.19884193,0.27934936,0.18282743,0.5309105,0.29402024,0.21836495,0.25682294,0.10994639,0.299718,0.34119788,0.29898396,0.2634127,0.23259607,0.12186149,0.28382164,0.22218044,0.22071472,0.29489002,0.13247901,0.28117755,0.15851334,0.28439024,0.20000726,0.2620479,0.20489255,0.29710996,0.2983576,0.29028943,0.2520968,0.2722989,0.26854947,0.21449918,0.19432488,0.17489913,0.20977364,0.29251924,0.16903415,0.28066838,0.28359944,0.24918403,0.22640803,0.16231982,0.28118613,0.2864018,0.25241277,0.28104377,0.14416416,0.3027853,0.25247476,0.22171278,0.19970945,0.21099363,0.2411578,0.28166577,0.32596895,0.24122435,0.15621267,0.15618685,0.25792864,0.22539559,0.20796975,0.21405393,0.2557601,0.14261602,0.2426711,0.15891723,0.20241266,0.24038775,0.1871896,0.25253877,0.20183223,0.29783884,0.17039913,0.23743047,0.22021756,0.291378,0.286866,0.19894587,0.18125626,0.26525056,0.21910782,0.27516276,0.20858788,0.25105557,0.19638143,0.27581173,0.2403786,0.18147013,0.24108502,0.24199302,0.19289316,0.1996445,0.16661625,0.21531889,0.25561452,0.29898477,0.26829183,0.24916987,0.20851755,0.2837015,0.28541127,0.2690399,0.28023008,0.27526304,0.18532008,0.22673306,0.260075,0.18048224,0.19248727,0.29585662,0.24298131,0.25618416,0.2752075,0.2963986,0.17875311,0.29178774,0.24221404,0.29206774,0.26416427,0.2600433,0.31388015,0.37997782,0.28426665,0.24465212,0.24358045,0.16269636,0.19088136,0.19582786,0.18583906,0.17715521,0.18177676,0.45429343,0.20832714,0.2509773,0.17326784,0.23527236,0.1838245,0.17344855,0.28266624,0.2780209
BC2026_Train_0007_S09_20250829_000000_50,0.03917822,0.11153506,0.05657787,0.23729628,0.0024173367,0.26280624,0.06895666,0.12116153,0.0403935,0.07736723,0.2363249,0.046615027,0.04501737,0.0005771548,0.0025821677,0.3962402,0.029447287,0.021099292,0.24056524,0.15539761,0.15946573,0.089548394,0.14321136,0.07109216,0.25384367,0.006597023,0.28776932,0.279257,0.109494045,0.25325614,0.14573324,0.06439886,0.17457037,0.10229088,0.048228845,0.12687114,0.2685663,0.11219744,0.061048407,0.18527728,0.17648706,0.054130107,0.16178438,0.08839802,0.10549102,0.09788083,0.20907342,0.12508127,0.057805438,0.072450735,0.14185318,0.14832631,0.14341186,0.13023752,0.28518623,0.0014525055,0.13012052,0.15083858,0.0107557485,0.15133396,0.28879982,0.026856031,0.23082699,0.22163269,0.087868184,0.05923844,0.14120595,0.030251367,0.01665182,0.24551344,0.02744205,0.024753049,0.1897185,0.18634301,0.2921291,0.2909659,0.2618172,0.29345995,0.27549344,0.2968981,0.1275106,0.10279034,0.29501736,0.18509567,0.23873068,0.27472767,0.22775294,0.24845015,0.28468594,0.160209,0.28491083,0.26445505,0.28520447,0.32604438,0.22038057,0.27582312,0.28256917,0.46591806,0.27000943,0.291835,0.21938965,0.13191694,0.28788877,0.35503116,0.30202374,0.27637264,0.19903596,0.17239,0.29580587,0.25900757,0.28558424,0.29914346,0.1775021,0.27843747,0.17050913,0.30014905,0.18493345,0.23718183,0.18467562,0.2961605,0.2404632,0.28994435,0.2809512,0.29923213,0.28454873,0.27684987,0.2211267,0.29386276,0.25208646,0.29614228,0.14278811,0.29202095,0.33002466,0.2343531,0.27204466,0.16081285,0.23777388,0.29678613,0.22914252,0.22063011,0.15354845,0.21250413,0.19559126,0.25204036,0.20148247,0.23585203,0.27647364,0.1906875,0.33064485,0.27354637,0.1632763,0.28480044,0.2249651,0.21019123,0.2890351,0.24719693,0.21561734,0.19475819,0.2672395,0.21304178,0.2671195,0.26019737,0.2951793,0.26329803,0.2620724,0.30445746,0.2912422,0.2931671,0.2569217,0.29987922,0.29085997,0.1765027,0.28142628,0.28182182,0.24839999,0.25092858,0.19383298,0.25145057,0.22616242,0.28468552,0.2579396,0.16042568,0.20840599,0.23255222,0.21770297,0.24421912,0.08851786,0.2798277,0.2686961,0.2739387,0.22119649,0.2869668,0.22039951,0.29598206,0.28506422,0.25306353,0.21545647,0.28965786,0.27437392,0.10597086,0.28372213,0.1283868,0.15849851,0.29863796,0.2893614,0.2794484,0.25930566,0.29765978,0.16424157,0.29104665,0.2769152,0.28230235,0.21099624,0.2502087,0.3155228,0.33210176,0.28918007,0.21010739,0.26458102,0.17831345,0.24309294,0.19946617,0.24886708,0.15050437,0.09076194,0.5143168,0.23512442,0.25251627,0.1662415,0.2977025,0.29917097,0.13382703,0.29545644,0.28183705
BC2026_Train_0007_S09_20250829_000000_55,0.06362718,0.108102106,0.060339987,0.24531022,0.0026258205,0.24609114,0.09471536,0.15610473,0.042350154,0.07479479,0.25170824,0.04225652,0.034354094,0.0005456757,0.0030269811,0.36663777,0.026353184,0.02349561,0.16853042,0.14913124,0.13770756,0.095249064,0.20123085,0.05784288,0.26768887,0.01103207,0.23216783,0.25232664,0.0922962,0.24478455,0.1477259,0.094074644,0.14335825,0.10726794,0.07223819,0.15292841,0.22491527,0.13389537,0.075432554,0.1823305,0.16058612,0.060703225,0.198235,0.10925095,0.12597328,0.104059376,0.18841782,0.12691146,0.08123664,0.09770779,0.1741586,0.16503496,0.17463228,0.14404435,0.29039043,0.0012825592,0.13873185,0.18274076,0.010692251,0.14323711,0.2669523,0.024915757,0.12937674,0.2567297,0.09428568,0.057895586,0.1286954,0.030024033,0.022052966,0.1663944,0.04311507,0.027706135,0.22989611,0.22997294,0.31547338,0.28158712,0.28655154,0.27983123,0.196541,0.21419382,0.27478427,0.12803155,0.22285137,0.17781126,0.1786293,0.22807328,0.20531604,0.26820382,0.2977806,0.19784921,0.26932162,0.23209074,0.16627422,0.2528902,0.10657792,0.2669692,0.17950533,0.33641082,0.22902033,0.15457031,0.27132028,0.13344356,0.29510677,0.33039966,0.296291,0.19656263,0.29422754,0.19411196,0.25813347,0.28734004,0.18748765,0.28954387,0.20796302,0.26490235,0.1410737,0.277071,0.18526456,0.228822,0.15701428,0.2648227,0.20496266,0.27660006,0.28180632,0.28861907,0.26566473,0.21231005,0.26713884,0.18858282,0.2779612,0.2718064,0.28298098,0.28211075,0.24714759,0.12982458,0.2520057,0.18232718,0.26713443,0.28906932,0.26917917,0.25262874,0.21881253,0.20245174,0.27583414,0.27283695,0.26938486,0.2005575,0.2753538,0.108390845,0.24017826,0.20436656,0.24463181,0.24503921,0.2795141,0.26140568,0.2285843,0.24261168,0.17850734,0.17407319,0.28859794,0.1956456,0.19466585,0.25465873,0.15294637,0.2653615,0.2209248,0.26350448,0.14667808,0.20083903,0.23226084,0.29674527,0.28136018,0.14490287,0.1329653,0.24585494,0.25494212,0.17564954,0.17474437,0.2644333,0.25630778,0.2256695,0.27610192,0.14405304,0.2257658,0.28651378,0.21693721,0.14733541,0.10858194,0.19072898,0.20582262,0.2715883,0.19051608,0.27610296,0.29228023,0.29985163,0.28789946,0.28919283,0.1833447,0.28144088,0.24668327,0.24020542,0.2848853,0.1516853,0.15189137,0.29214424,0.28752473,0.2784872,0.2759908,0.29911247,0.16941024,0.2303344,0.24361278,0.27622253,0.23342627,0.24913813,0.3202627,0.3555795,0.23894495,0.15933813,0.21937528,0.21935344,0.20339002,0.13710621,0.1705471,0.11705945,0.2686895,0.44019663,0.16585375,0.25178555,0.12323056,0.23345758,0.14714445,0.21890865,0.2987535,0.2717894
BC2026_Train_0007_S09_20250829_000000_60,0.056794003,0.124838725,0.06427656,0.22616059,0.0028573424,0.2137972,0.07680748,0.14927313,0.04100051,0.07356642,0.2558012,0.045392625,0.04947256,0.00054067984,0.0029122306,0.35234213,0.05017375,0.024963375,0.218764,0.11792786,0.19533475,0.099374,0.2793718,0.07405958,0.31912434,0.0068863165,0.2268801,0.22275904,0.11003112,0.28967947,0.128027,0.079882726,0.19251877,0.112277046,0.05636443,0.12723868,0.25538957,0.12659678,0.074128136,0.19281508,0.17100039,0.06275289,0.17292254,0.08168125,0.13505541,0.12718084,0.21616583,0.15288804,0.0738529,0.090440646,0.14700566,0.14581774,0.13937184,0.14917052,0.27525622,0.0014639634,0.13802235,0.16313261,0.014035467,0.0957472,0.3348797,0.025016326,0.15353285,0.2874108,0.11069274,0.04609579,0.16715759,0.020736191,0.024389675,0.21503332,0.033592694,0.02896106,0.26213786,0.13535625,0.27396297,0.28698084,0.2479027,0.29058078,0.18140352,0.2967371,0.28117523,0.12469515,0.26897287,0.15600505,0.2847527,0.24599062,0.2633509,0.27602664,0.29944855,0.15560372,0.29292452,0.28176978,0.27700925,0.3411242,0.24687375,0.28460708,0.2622397,0.40938216,0.26612458,0.28240642,0.31061786,0.15472688,0.2845841,0.34978858,0.29371226,0.28481463,0.20037676,0.20346951,0.2981914,0.2656875,0.26164943,0.2951684,0.16191217,0.2840855,0.19272804,0.29971635,0.2156739,0.27046788,0.27347472,0.28867573,0.2550882,0.28441468,0.29360723,0.30001035,0.21077728,0.29181525,0.194528,0.198782,0.266114,0.25598016,0.19190818,0.29924327,0.33099484,0.2889816,0.29017165,0.18195698,0.2712692,0.29024222,0.27303106,0.2680875,0.18136087,0.26459756,0.27552316,0.29170755,0.1961064,0.17070076,0.26867896,0.20354308,0.36466175,0.29723498,0.2942705,0.25588077,0.25344896,0.24339838,0.23640414,0.2513828,0.18493225,0.26481226,0.28712916,0.23448464,0.21450613,0.23787475,0.27911085,0.24745862,0.2632047,0.2906225,0.096876554,0.20332652,0.23825818,0.29805622,0.28847313,0.14371273,0.25123864,0.29520655,0.26310688,0.23017259,0.27609715,0.22088838,0.2970019,0.295728,0.28866652,0.17224334,0.24125572,0.27232403,0.26265612,0.28305808,0.17453371,0.29026726,0.26757827,0.1965478,0.28776804,0.2940035,0.25768077,0.2686903,0.28973708,0.28653648,0.29622254,0.27031478,0.20323779,0.25795585,0.27119726,0.2547737,0.13367331,0.2722876,0.24174379,0.29508913,0.29500774,0.2816745,0.17784499,0.28319868,0.28094834,0.2806537,0.26417938,0.28219807,0.3045018,0.3482988,0.25824174,0.24351636,0.26666996,0.26261997,0.23988149,0.2459129,0.19417468,0.29540586,0.19256923,0.48432297,0.2215201,0.29140028,0.27928418,0.29018426,0.27810022,0.24350174,0.29518843,0.2843967
BC2026_Train_0008_S09_20250831_000000_5,0.020391913,0.10807415,0.06777139,0.2742915,0.0027372013,0.19786508,0.04889492,0.096495315,0.05181533,0.07056712,0.32558692,0.04227809,0.03081692,0.0005537121,0.0026936596,0.20760792,0.024913693,0.018911242,0.22990376,0.1504318,0.1302722,0.09599013,0.1367878,0.08550331,0.22699246,0.0069448003,0.14041093,0.22952475,0.07633595,0.25990322,0.14266758,0.08546162,0.1505152,0.1155494,0.05647071,0.10977483,0.22637668,0.1026573,0.07472874,0.1586512,0.17077008,0.068480566,0.16917524,0.07380297,0.09684484,0.07727585,0.16041571,0.10942583,0.04951616,0.07755035,0.16381781,0.1530176,0.13429412,0.13609132,0.2639603,0.00089207233,0.14037676,0.19179344,0.009682818,0.08497598,0.22348955,0.018442923,0.12765914,0.25928408,0.088740796,0.03465238,0.09886835,0.012697965,0.017690236,0.14456706,0.029942002,0.045578,0.18741933,0.124304295,0.28282505,0.2568681,0.23052762,0.26698884,0.18898258,0.26289412,0.109694384,0.1576071,0.2685216,0.07118378,0.17993386,0.28933725,0.2342346,0.25377464,0.24810408,0.20738383,0.25982118,0.24575707,0.11114295,0.17873032,0.15699348,0.24312907,0.1940687,0.42390978,0.26744807,0.20408641,0.26681545,0.1303604,0.28332922,0.3549163,0.30410415,0.18820526,0.21057379,0.074571714,0.27420768,0.2830416,0.14810368,0.29185435,0.110383146,0.28155875,0.14581475,0.2879608,0.19693732,0.20947048,0.17006469,0.2877622,0.26623592,0.2518315,0.26004687,0.2734372,0.21273217,0.20183676,0.24532115,0.23378913,0.25272083,0.2673557,0.22082263,0.27799657,0.1922139,0.17904195,0.2159653,0.12865683,0.27819714,0.28876308,0.21027684,0.26480067,0.12505336,0.20741005,0.23687851,0.27071837,0.16873008,0.10533903,0.2887926,0.1732597,0.2949084,0.25334877,0.19858095,0.18950869,0.17778406,0.25179794,0.2525184,0.29445252,0.14763704,0.20584913,0.258583,0.21903099,0.20775637,0.24196759,0.2139717,0.2950197,0.25489098,0.2968707,0.17900917,0.19248815,0.2576916,0.29889417,0.2770003,0.052907255,0.29198223,0.2877044,0.20663705,0.20909406,0.16623604,0.2501122,0.24075921,0.25954556,0.26628324,0.14584991,0.16346514,0.18930534,0.16487241,0.16702297,0.08827399,0.24156164,0.28206763,0.22618105,0.16532627,0.2557626,0.1634707,0.26102456,0.29869416,0.2051067,0.22181496,0.29752088,0.17321691,0.20021826,0.29234746,0.21760552,0.11256749,0.29611838,0.2512474,0.25815082,0.1992493,0.2796763,0.1738865,0.27270815,0.28803664,0.26571223,0.19965048,0.27392468,0.328489,0.4193032,0.24817173,0.17730023,0.25204676,0.091359876,0.21973658,0.20251076,0.193007,0.20826708,0.14959805,0.47128,0.19834466,0.26858354,0.12554534,0.21215563,0.07718119,0.112936325,0.27765024,0.2878444
BC2026_Train_0008_S09_20250831_000000_10,0.019570734,0.09524116,0.09417771,0.21773317,0.00276008,0.23761047,0.059220724,0.15676558,0.050856516,0.071729794,0.29170007,0.08719024,0.03031745,0.0005676497,0.0030808435,0.22605313,0.026217986,0.01868232,0.24879272,0.091447964,0.10263868,0.105980866,0.15222722,0.08294091,0.25802475,0.0063237585,0.13071865,0.21096429,0.09682255,0.26029998,0.11408838,0.071898825,0.14488758,0.097641096,0.047253944,0.10006605,0.20339458,0.10460468,0.066555746,0.14067325,0.14051692,0.06416017,0.14860511,0.06362703,0.08729102,0.08084663,0.14059319,0.0941113,0.05089865,0.07491271,0.16671744,0.13654491,0.124699436,0.1202623,0.26387265,0.00096624007,0.13303992,0.1988511,0.010495387,0.06110865,0.24141434,0.018013805,0.1546362,0.27140597,0.08812894,0.036334187,0.09878134,0.01335398,0.032223966,0.15245551,0.025399193,0.044131506,0.18752,0.24858901,0.28081617,0.29817367,0.25111425,0.3001985,0.20034681,0.1473126,0.16719928,0.13688448,0.1419109,0.07589524,0.16007254,0.2862305,0.22955571,0.26991877,0.29058936,0.1788782,0.24584404,0.23311175,0.20553555,0.32541436,0.2126945,0.29533434,0.16137972,0.4227261,0.24076042,0.13359286,0.26877502,0.106184915,0.28526247,0.34836987,0.29881305,0.26996967,0.19723132,0.07908174,0.28175128,0.26616704,0.17213906,0.29103228,0.19947076,0.25973657,0.17414692,0.31396264,0.18310317,0.22041544,0.2026844,0.2656935,0.33939987,0.30054912,0.2945189,0.3026769,0.19993296,0.21878935,0.2919989,0.2157655,0.20938486,0.28016216,0.29058954,0.29078785,0.19973105,0.23867454,0.19733068,0.14290547,0.277038,0.29221237,0.24422388,0.25578877,0.09659822,0.15403554,0.22224012,0.25309396,0.19912502,0.1304504,0.2581802,0.17414767,0.35172117,0.2932665,0.16723797,0.24896032,0.24964528,0.2246078,0.29045948,0.29465234,0.2809225,0.28206694,0.25877252,0.19429703,0.27839154,0.2668784,0.23073961,0.22127056,0.18685944,0.28394747,0.27992177,0.18690844,0.23447427,0.29676282,0.2840236,0.075197175,0.26479515,0.21760829,0.18339774,0.2121877,0.23919527,0.1926431,0.29798996,0.21038502,0.2760307,0.16128728,0.18809353,0.22217683,0.24442463,0.09891626,0.12361236,0.27556282,0.2687334,0.29229304,0.21705674,0.28640553,0.2262606,0.23584084,0.29901636,0.2483557,0.2119616,0.2837494,0.29708087,0.20782307,0.27365893,0.17373735,0.10843708,0.27579445,0.2733515,0.25957534,0.17696093,0.29906997,0.19755296,0.24423519,0.19417824,0.31313252,0.16040646,0.2885444,0.32887182,0.41560835,0.2985723,0.23351853,0.2754714,0.22051543,0.29427612,0.22200273,0.17436531,0.148832,0.1563969,0.50072837,0.15783516,0.22624774,0.15273972,0.25778395,0.11375984,0.20613958,0.2767161,0.27349442
BC2026_Train_0008_S09_20250831_000000_15,0.035417713,0.12042217,0.06474661,0.24368265,0.0033476204,0.24922785,0.054599084,0.12930098,0.055178702,0.07580798,0.27647308,0.0782673,0.048710298,0.0005999967,0.003531367,0.28316456,0.025157394,0.01751821,0.2367709,0.11467071,0.10611425,0.12478647,0.19430798,0.08093582,0.24488725,0.006129981,0.19639851,0.24230805,0.1043251,0.2915855,0.088896275,0.07982959,0.13724098,0.119757615,0.05589982,0.11987076,0.17424129,0.10510011,0.059808135,0.16136417,0.111722514,0.07036443,0.15387501,0.07065628,0.09739534,0.06883619,0.16159518,0.123278975,0.048683267,0.08062519,0.14639781,0.116210654,0.11161748,0.110183254,0.24850853,0.0010065215,0.12911493,0.22875641,0.011359186,0.08526118,0.26502633,0.019498346,0.13365072,0.298046,0.096574694,0.03104156,0.08632677,0.01628562,0.040545784,0.23553815,0.024359792,0.034648094,0.15518594,0.24884397,0.29879177,0.20550115,0.2796878,0.26797822,0.1468802,0.2645375,0.22457586,0.1288695,0.29834992,0.11921723,0.3053854,0.20221914,0.2734558,0.18363865,0.28642088,0.26571313,0.2999168,0.21482444,0.261444,0.28557745,0.15861002,0.29655015,0.14277221,0.41529983,0.28951725,0.281579,0.28912938,0.125644,0.25592345,0.3364062,0.22937654,0.28498748,0.28570545,0.1453537,0.29350817,0.2459933,0.25862223,0.2711199,0.16790763,0.28544512,0.15053661,0.21328405,0.20754829,0.26377258,0.27706662,0.29234886,0.2605439,0.26891297,0.28857747,0.28143123,0.26263478,0.2708718,0.16259128,0.20673902,0.25286528,0.29822126,0.27515298,0.2987531,0.18761775,0.16653085,0.13693336,0.16860698,0.2639871,0.29213312,0.26552105,0.26200622,0.14760455,0.30802685,0.29049602,0.29786292,0.22864226,0.28096017,0.29548112,0.1944665,0.27940392,0.2527384,0.10680946,0.116367005,0.28859386,0.16463801,0.2323,0.22395469,0.25898108,0.2501626,0.22104791,0.20468129,0.25782785,0.21578224,0.26053023,0.2647718,0.23912004,0.32346848,0.2113035,0.18035477,0.23368333,0.2681902,0.27103907,0.0689729,0.22484674,0.29259256,0.20728786,0.28698656,0.13283415,0.1679177,0.28042173,0.35014588,0.19125651,0.18178461,0.28313538,0.29940715,0.22114673,0.11170334,0.26874673,0.1774639,0.22299203,0.1976333,0.28507888,0.28474376,0.1464695,0.30248213,0.2880707,0.29779577,0.2613517,0.25085893,0.2491044,0.25529972,0.27073842,0.11560333,0.2810432,0.28900996,0.16594525,0.24792449,0.30244252,0.28924584,0.28698325,0.2761447,0.20068403,0.21995181,0.14025666,0.26206267,0.34124255,0.36606193,0.24414104,0.28603637,0.12866516,0.2431964,0.17636567,0.29005668,0.22555533,0.12991758,0.12251562,0.43078664,0.13824888,0.22693555,0.22548193,0.24307632,0.2278332,0.123295754,0.29977337,0.26211056
BC2026_Train_0008_S09_20250831_000000_20,0.016634395,0.08984174,0.04572951,0.20869604,0.0031490736,0.17634316,0.059372623,0.16521445,0.05161874,0.0756472,0.27202642,0.040127344,0.038499366,0.000635103,0.0029176814,0.23493151,0.034236323,0.016318945,0.21690795,0.10682012,0.12618665,0.1286447,0.18634969,0.07866764,0.1879391,0.0054139677,0.13300428,0.21905085,0.08020739,0.23014437,0.0962887,0.076943755,0.11968696,0.106613144,0.044754267,0.10478817,0.18189487,0.08196201,0.07418733,0.14117843,0.12298322,0.04872649,0.13101964,0.06143564,0.085147515,0.06657921,0.12860493,0.093546495,0.03692744,0.0634289,0.14201236,0.112362064,0.11134906,0.104484156,0.2515171,0.0009065516,0.11774485,0.22063132,0.012550805,0.07617106,0.2274617,0.019630559,0.124274015,0.34345,0.08999042,0.030692846,0.08657412,0.020517321,0.036815684,0.1161555,0.024704421,0.035986602,0.29392824,0.13237014,0.31972575,0.23881404,0.21494585,0.27959695,0.17470002,0.13114494,0.29132372,0.124493994,0.23080915,0.07502327,0.12223376,0.242217,0.17067446,0.24240549,0.29275817,0.14222924,0.26721966,0.28368738,0.12797613,0.15063801,0.17081714,0.17136337,0.2798056,0.33189458,0.28953782,0.2969301,0.26623705,0.16853541,0.2599481,0.32368833,0.30413404,0.20372972,0.2843089,0.10050644,0.28135142,0.28710416,0.29045147,0.2867758,0.11692851,0.25783497,0.16451223,0.30596605,0.2393556,0.22103746,0.27506626,0.28847098,0.22468466,0.21334521,0.29622975,0.29924968,0.16328245,0.28455505,0.27368578,0.20412005,0.24155541,0.2334197,0.15964961,0.29317805,0.15313882,0.20098631,0.28039825,0.12779285,0.27652636,0.23979396,0.16959175,0.26674604,0.17131166,0.16538218,0.26391938,0.29877985,0.15325816,0.14922434,0.29787686,0.21361504,0.24268565,0.2972165,0.21873337,0.20594779,0.2454325,0.20583582,0.1248187,0.29890174,0.2251378,0.21841963,0.26128942,0.18672968,0.19003916,0.25846866,0.17355779,0.27564746,0.2285179,0.20922057,0.14981234,0.17558098,0.2968971,0.28036743,0.29777554,0.1455304,0.284222,0.2994157,0.26964974,0.20988743,0.12943132,0.16005366,0.29804316,0.18411133,0.29221064,0.22069588,0.21137272,0.2910361,0.15579382,0.29278398,0.20788339,0.26882154,0.28604212,0.27848953,0.18177299,0.20852767,0.2643839,0.23566267,0.29199913,0.29264122,0.28453133,0.2986977,0.14499283,0.14926071,0.24322324,0.10878802,0.25837353,0.2903458,0.18815012,0.26519814,0.16702232,0.26330787,0.19079389,0.19960468,0.22851387,0.23197702,0.1940474,0.29092818,0.33360445,0.37967178,0.23192519,0.14089788,0.19962569,0.2924189,0.19996311,0.19186208,0.17956482,0.22243139,0.12010963,0.45224947,0.18901299,0.19732043,0.16459994,0.2878146,0.087682635,0.17853877,0.25941294,0.29980478
BC2026_Train_0008_S09_20250831_000000_25,0.023873627,0.12194502,0.056550894,0.2574382,0.0033953656,0.21007422,0.05813825,0.10534493,0.052963298,0.07115647,0.29149002,0.04733097,0.03159926,0.00057252473,0.0027012008,0.23563355,0.02841363,0.021145489,0.29058662,0.13131754,0.17771421,0.113105305,0.22119333,0.093037635,0.1935512,0.005890401,0.15913844,0.18175858,0.08085448,0.2804249,0.13368584,0.11018648,0.15842584,0.14041495,0.06194543,0.123669684,0.23766442,0.11367031,0.07726171,0.16902064,0.15815201,0.077675514,0.15562537,0.08860544,0.11475842,0.09306823,0.16440876,0.116893426,0.059869386,0.09184724,0.18047324,0.14088295,0.13754798,0.14606291,0.2762559,0.001009701,0.14067969,0.1969332,0.009296673,0.09395667,0.2450985,0.01769579,0.15623304,0.31765157,0.12847787,0.028691672,0.12608102,0.017107561,0.068974346,0.12353214,0.045616105,0.02874808,0.25470158,0.24023758,0.30542302,0.24056345,0.20520607,0.29181725,0.17698334,0.26419136,0.22218385,0.17718798,0.27295998,0.07854935,0.18966927,0.23449725,0.23387909,0.28818655,0.2701885,0.2334661,0.2570847,0.25415924,0.10615726,0.31684464,0.1723946,0.26873797,0.22215527,0.402673,0.24676499,0.21006107,0.2898857,0.12571721,0.2949447,0.34043694,0.28690222,0.22368155,0.27284208,0.13958037,0.29449844,0.28416783,0.26114696,0.28750172,0.18301117,0.26203102,0.27937326,0.29295915,0.18321636,0.15515845,0.16864848,0.28994676,0.36339194,0.27672738,0.2972102,0.29277727,0.25681555,0.2009786,0.25953034,0.19372103,0.21274889,0.29479653,0.26419932,0.2840892,0.15453511,0.28620547,0.25214842,0.18320197,0.29794925,0.2869876,0.25744775,0.26189232,0.12744503,0.19966996,0.24038902,0.28369653,0.21581906,0.075373024,0.28152886,0.14317943,0.2936828,0.23391794,0.26134178,0.22178605,0.18683602,0.23351592,0.2570646,0.297821,0.20174158,0.25291848,0.25965327,0.18546766,0.19710146,0.27289182,0.13997939,0.22538114,0.23816049,0.25279507,0.23050264,0.21923432,0.2513914,0.29299405,0.28185028,0.20626663,0.29534426,0.1918369,0.21457505,0.17693835,0.22353613,0.21535723,0.23021352,0.2808165,0.23307748,0.16316763,0.20143312,0.21031947,0.28431273,0.27784085,0.082165904,0.26697156,0.2597202,0.21399057,0.21055111,0.2639249,0.14298102,0.27883688,0.2968423,0.28660175,0.2598248,0.28526837,0.20449236,0.19665012,0.25030303,0.16796264,0.17862287,0.28359756,0.24959892,0.29094172,0.22971036,0.28346902,0.13532884,0.25453126,0.22487564,0.27676022,0.14936152,0.29028133,0.3452753,0.43431377,0.26763287,0.25703135,0.21781898,0.28798467,0.13356973,0.2365257,0.20555882,0.22271006,0.13427475,0.46653128,0.17023855,0.16779158,0.1162625,0.28504792,0.082933255,0.15772934,0.1858349,0.2693956
BC2026_Train_0008_S09_20250831_000000_30,0.020088227,0.11693839,0.08805411,0.25001982,0.0028990477,0.19599858,0.056455154,0.10483315,0.06275945,0.06754932,0.2538968,0.04851643,0.030239299,0.0005646225,0.002290599,0.21231432,0.019043699,0.021023165,0.26786184,0.14635827,0.097428024,0.10257459,0.15360716,0.12546204,0.2665654,0.006641862,0.11419521,0.20569351,0.06908635,0.23748755,0.14029326,0.097775035,0.16258697,0.1402484,0.06265463,0.114534184,0.22426705,0.109318234,0.08065891,0.16425167,0.16726208,0.07438408,0.16707078,0.08103273,0.11498638,0.08329402,0.17171139,0.12597829,0.055776466,0.08203602,0.17183772,0.1647717,0.13299939,0.15121177,0.2554583,0.00095161324,0.15519775,0.2016081,0.00988367,0.1733154,0.25458956,0.02667631,0.12229636,0.27107877,0.2102474,0.030644108,0.13415541,0.018620951,0.017996036,0.13315432,0.037040677,0.045491107,0.18083027,0.17509975,0.24776971,0.25226292,0.24744183,0.28099543,0.21093173,0.23666051,0.14766659,0.28945136,0.25435594,0.098469935,0.15595831,0.27968052,0.27260733,0.27491722,0.24095957,0.22047226,0.28911778,0.22335806,0.08192868,0.23910771,0.21220052,0.2607402,0.189648,0.33587876,0.2385242,0.15871853,0.31574532,0.23043807,0.27818346,0.3474568,0.3048519,0.19921616,0.20042497,0.09970629,0.23910952,0.26528654,0.1571014,0.29410395,0.1108755,0.27935547,0.1438896,0.29567444,0.22616461,0.23580636,0.17717591,0.22932705,0.21410811,0.28365102,0.26410648,0.28089616,0.22595042,0.22088936,0.22805941,0.25868648,0.2939583,0.27284402,0.07158537,0.28917515,0.2692023,0.19734453,0.24357778,0.2769809,0.30039006,0.27887872,0.21501015,0.32957473,0.12833266,0.16210715,0.28350684,0.25337973,0.22215442,0.2720214,0.26061714,0.15641376,0.20923333,0.25346783,0.20842557,0.23606613,0.28018242,0.19130826,0.22892974,0.23124653,0.27535343,0.1525879,0.24611403,0.25908828,0.22586338,0.27869302,0.17312428,0.27074578,0.2467207,0.30347955,0.15813854,0.2817553,0.2587131,0.2972229,0.27680546,0.08708262,0.2454536,0.28666398,0.31037435,0.18336622,0.23456134,0.25508824,0.21260658,0.2582384,0.2846128,0.23386185,0.19627471,0.18749095,0.15457307,0.16817714,0.07879227,0.2288952,0.27608603,0.23302954,0.295594,0.2549064,0.1520298,0.25223643,0.29360315,0.27435538,0.15567374,0.29530326,0.23934302,0.16265835,0.2801397,0.25179952,0.06476566,0.2904363,0.27298492,0.25914082,0.23971237,0.27392265,0.21607772,0.26926827,0.27503633,0.2776484,0.20684494,0.2778667,0.32080546,0.41478646,0.25816035,0.12292233,0.2696755,0.120657824,0.18528752,0.19782925,0.24712273,0.2103832,0.20214912,0.47221434,0.25722325,0.30137402,0.0995493,0.2599944,0.08049363,0.12156411,0.22621441,0.28108525
BC2026_Train_0008_S09_20250831_000000_35,0.017021552,0.11892116,0.056421667,0.38374585,0.003184219,0.17190242,0.05792379,0.15994169,0.061235316,0.06928241,0.2731551,0.044942312,0.043884203,0.00060278265,0.0022164509,0.21028093,0.019280976,0.020167356,0.30049473,0.11147921,0.11126251,0.099861845,0.17269972,0.0970407,0.2154803,0.006074288,0.10312218,0.25167292,0.066984884,0.24270406,0.14319739,0.095537975,0.16060114,0.14515321,0.06798367,0.10994468,0.2101244,0.102785364,0.08406895,0.15621461,0.16857089,0.07922129,0.1740738,0.08380017,0.103751436,0.084075026,0.1719631,0.10888624,0.04813286,0.08108644,0.17583965,0.16321346,0.14051995,0.16270836,0.25788945,0.00086826185,0.15061179,0.21987256,0.009960411,0.09642969,0.24245882,0.034645602,0.24387431,0.30161867,0.17215782,0.03526141,0.11133538,0.020640671,0.0125654265,0.1583333,0.037761647,0.059881628,0.17212044,0.14605077,0.21936613,0.2286917,0.22285476,0.26865217,0.25201163,0.20401858,0.13984199,0.15191196,0.23134726,0.18060204,0.1887186,0.2845386,0.24922633,0.26029935,0.24471472,0.19826579,0.2956277,0.22136459,0.116490334,0.17353061,0.20419432,0.23328488,0.14595924,0.34507132,0.26091647,0.19450195,0.26222444,0.12346116,0.28953224,0.3721028,0.30648413,0.19217423,0.14981271,0.08226114,0.23991874,0.1990327,0.1717581,0.27544293,0.12516144,0.27881116,0.2819893,0.22042105,0.22462854,0.19720262,0.17682773,0.24545836,0.25164133,0.27498037,0.16913724,0.2797372,0.1806511,0.16766639,0.17409827,0.20671867,0.15272959,0.24546532,0.16719328,0.29021406,0.21904889,0.18186016,0.23438507,0.17011762,0.18779673,0.27855766,0.24850586,0.24928892,0.13132198,0.20468526,0.1661347,0.23883863,0.19771709,0.2094042,0.2795938,0.20088094,0.23446465,0.23656997,0.18002404,0.23200126,0.15877973,0.22767842,0.16508807,0.1470147,0.15572228,0.13774137,0.16824321,0.26800913,0.23092884,0.28599358,0.117291465,0.24309927,0.20002007,0.26228184,0.20676173,0.22362438,0.189121,0.29133376,0.28402972,0.059404224,0.22062804,0.2764427,0.24572547,0.14682423,0.19051526,0.2517526,0.24981157,0.27363393,0.27842715,0.17105189,0.17769393,0.13375212,0.15715976,0.16440023,0.09465832,0.23548856,0.2765829,0.25078288,0.1979923,0.266158,0.18681264,0.23503181,0.25661486,0.27509117,0.18301678,0.28637424,0.19146821,0.25166997,0.26572174,0.16176778,0.13094357,0.28406128,0.24401909,0.23274879,0.22325553,0.28589216,0.17386787,0.27043962,0.26902038,0.29227865,0.2733432,0.21837662,0.34927413,0.42824644,0.28134248,0.16471791,0.2439691,0.07902399,0.20008165,0.16717245,0.15701345,0.16396275,0.15155101,0.42295521,0.17459518,0.2422529,0.08366401,0.19012216,0.06543276,0.22643486,0.23110692,0.20423597
BC2026_Train_0008_S09_20250831_000000_40,0.018131923,0.12733284,0.04596704,0.22746545,0.0024876888,0.23352563,0.05046942,0.107152306,0.045940947,0.06861603,0.2727096,0.040375218,0.032022037,0.00060172204,0.0024179928,0.21253642,0.018786896,0.01861522,0.26112396,0.113470286,0.12426379,0.10913732,0.13018093,0.10148885,0.20435096,0.0054538734,0.12482567,0.23620886,0.05450897,0.2855873,0.14915355,0.11984149,0.16367039,0.150402,0.075877294,0.1252655,0.21150172,0.107340194,0.08443244,0.1769348,0.18419525,0.079046905,0.16723324,0.0993497,0.11229334,0.08490264,0.17639247,0.12218604,0.061638832,0.09371038,0.17215149,0.16192679,0.1460726,0.1542998,0.25490695,0.0008826812,0.15255113,0.21780413,0.009674696,0.11849891,0.216573,0.019520741,0.13636726,0.26832062,0.1087549,0.025742685,0.12914824,0.013726072,0.017167134,0.18668821,0.043611865,0.091648586,0.13597623,0.11538687,0.27719688,0.23741424,0.22014545,0.25498506,0.2857994,0.24979782,0.13140531,0.12186964,0.25438324,0.12421069,0.18808569,0.28279233,0.20201613,0.28329542,0.2496029,0.17029412,0.2814908,0.25667125,0.16142452,0.16349696,0.29375017,0.22129488,0.19509523,0.31418195,0.22686711,0.15985101,0.29257,0.15296495,0.29419947,0.32054695,0.30260208,0.19588026,0.12169601,0.084288314,0.20780557,0.1817686,0.14944783,0.2574432,0.1461433,0.25124085,0.09863519,0.26115534,0.16162562,0.18652385,0.20695768,0.19740455,0.3366949,0.2176095,0.21349822,0.26551792,0.30208713,0.17201696,0.1576713,0.22004478,0.13676511,0.23919168,0.25072533,0.28784043,0.24606854,0.15306902,0.2216782,0.1654742,0.27376443,0.25223345,0.21040487,0.24326448,0.13378431,0.17365816,0.13251518,0.25642705,0.16555163,0.15343072,0.22869569,0.18709268,0.21742484,0.26162353,0.16067606,0.19991049,0.1183956,0.22096574,0.18610622,0.17411917,0.1319741,0.09599033,0.2761222,0.19843942,0.17993999,0.24419622,0.15100972,0.25331095,0.16242376,0.27090093,0.1520101,0.26148528,0.1448054,0.29236317,0.22026938,0.040115435,0.24637781,0.23564892,0.23943539,0.17858684,0.15620339,0.177315,0.19789532,0.2711176,0.24998794,0.12786992,0.1792913,0.16094151,0.1606018,0.12170375,0.12984635,0.21706733,0.26408643,0.22108836,0.16466917,0.26907498,0.18381263,0.22560765,0.24114172,0.24181083,0.14701964,0.2943296,0.18821861,0.118840575,0.24054328,0.16212028,0.10849981,0.25671542,0.23592345,0.20878349,0.29990944,0.26501992,0.17568654,0.25838488,0.26396832,0.21488725,0.20632875,0.23278442,0.3190489,0.36502057,0.2051114,0.13906853,0.18766789,0.08461368,0.16663472,0.1899062,0.18943137,0.16987896,0.22667429,0.44254792,0.14473855,0.21504988,0.09650102,0.25352886,0.09048003,0.14410406,0.23079537,0.23891409
BC2026_Train_0008_S09_20250831_000000_45,0.021354105,0.1225914,0.05831693,0.32914904,0.002738843,0.17332192,0.055693287,0.075153425,0.042124506,0.07286441,0.27219638,0.04664478,0.036925487,0.00053598534,0.0030886382,0.22070031,0.021706698,0.01955291,0.25151926,0.09592144,0.12656036,0.11399295,0.14484805,0.09725955,0.21211967,0.0064981547,0.119557545,0.19181192,0.06638601,0.24040313,0.11722368,0.087080285,0.15189275,0.11001359,0.062026046,0.112084314,0.206248,0.09317629,0.077491745,0.13614613,0.14476644,0.06968613,0.1424506,0.07323327,0.10686525,0.08897404,0.15098897,0.118034184,0.05493026,0.08063378,0.1620479,0.13613044,0.11193454,0.12352435,0.25048435,0.00078567036,0.15595667,0.22094901,0.009728443,0.1011333,0.23607191,0.021990243,0.15776473,0.28684914,0.08986074,0.026581895,0.11836182,0.016366228,0.033075087,0.16883655,0.030672133,0.050643533,0.17056593,0.17076057,0.32031277,0.27318057,0.24109624,0.2721035,0.24084482,0.19894168,0.18114474,0.16481297,0.23295972,0.09859317,0.16244839,0.27218533,0.25996816,0.2268326,0.2670515,0.20172507,0.25461826,0.25772643,0.11043302,0.27027544,0.15615544,0.2609392,0.10956634,0.36758375,0.2694099,0.22372203,0.31607854,0.13744134,0.2572632,0.358507,0.27673832,0.2352012,0.2645597,0.23896487,0.25547743,0.19048336,0.1258809,0.28660327,0.18027402,0.25631744,0.17987323,0.28879207,0.14035536,0.28615397,0.1895155,0.2912964,0.2326859,0.2658102,0.28917947,0.26576555,0.2181865,0.17149031,0.2503319,0.17196217,0.19382524,0.2970834,0.23846829,0.2963002,0.2245988,0.18995698,0.15020123,0.120836675,0.30171135,0.29692644,0.2846825,0.19629273,0.17282727,0.28626224,0.14865689,0.26555926,0.16484895,0.10314382,0.23723605,0.18439955,0.23714991,0.2843121,0.23980655,0.17878643,0.21923852,0.21136902,0.25586283,0.29766786,0.12878351,0.27002546,0.22535472,0.21898612,0.1948548,0.24023989,0.16851984,0.22855005,0.21599568,0.3034034,0.24730547,0.17851081,0.2183563,0.28893265,0.25700262,0.0494719,0.2983454,0.21929945,0.16587192,0.26041913,0.20358855,0.22712013,0.27616504,0.29530022,0.24546559,0.13589898,0.23416696,0.22077037,0.24189413,0.090368725,0.16196026,0.1957701,0.25672176,0.28125107,0.18599033,0.25849196,0.1544395,0.2445179,0.299157,0.28300896,0.28327516,0.28204077,0.28559014,0.27396008,0.24627773,0.19867015,0.26628396,0.286062,0.20878135,0.2206227,0.21304898,0.21612701,0.21731699,0.24907154,0.24557579,0.283066,0.14785902,0.27702639,0.3356203,0.44332236,0.23147455,0.2989773,0.23492722,0.14754939,0.19458956,0.16083783,0.23046334,0.18203366,0.19842869,0.44461083,0.14932534,0.2522504,0.15117191,0.23212284,0.08833479,0.11822445,0.2535307,0.28632352
BC2026_Train_0008_S09_20250831_000000_50,0.021677127,0.12880774,0.07881741,0.23139554,0.0026958135,0.25466087,0.071719706,0.08879986,0.047932096,0.073015615,0.27141646,0.06975254,0.028394358,0.00048432237,0.00277766,0.2710826,0.023460288,0.019554207,0.2734019,0.11989436,0.15159883,0.12591363,0.1567234,0.092348225,0.19946624,0.0070727346,0.15301931,0.21357968,0.0864805,0.30262473,0.09554435,0.09548913,0.15572672,0.12870765,0.063325,0.10746012,0.16340931,0.09715544,0.07309004,0.14236958,0.12394893,0.081238195,0.15104704,0.08181883,0.10183265,0.08240391,0.16854373,0.10678111,0.060070463,0.08321256,0.14999601,0.14731397,0.11415281,0.12076304,0.2145338,0.0008058876,0.16439201,0.26909742,0.0072437925,0.14433025,0.31618094,0.018129194,0.1826477,0.27916268,0.09972341,0.035675474,0.117630586,0.019237911,0.02661727,0.2559693,0.0317455,0.05550377,0.17930916,0.29111695,0.24833438,0.28630155,0.21133284,0.2594108,0.19020498,0.2672218,0.19885823,0.15143752,0.24555975,0.10152245,0.24810198,0.1978161,0.22701912,0.25101987,0.19096892,0.18194012,0.2618701,0.22749004,0.19759528,0.22198984,0.15405032,0.27574018,0.1522031,0.30710283,0.25185883,0.18639235,0.23064184,0.12282385,0.27044454,0.32457966,0.24451654,0.21939006,0.11509448,0.12355523,0.23286985,0.22440535,0.13699214,0.28172833,0.10904947,0.19913432,0.1440119,0.2332752,0.178849,0.23997064,0.16914015,0.24959934,0.32347327,0.22824782,0.218155,0.26262814,0.20208594,0.11972298,0.2728202,0.20201635,0.17342107,0.29646963,0.22814684,0.29190278,0.18779293,0.1924651,0.21155807,0.09585974,0.2923038,0.25863925,0.2925159,0.260955,0.2501068,0.1681154,0.19966257,0.2221427,0.30924484,0.09791417,0.22150776,0.19717845,0.2145809,0.2890242,0.17187616,0.20344508,0.20213257,0.17585918,0.22801796,0.15839341,0.16793998,0.084474295,0.29566473,0.19898997,0.28842452,0.23378152,0.24870566,0.2219496,0.20779485,0.2860035,0.14482671,0.21962938,0.17181759,0.29226887,0.26214516,0.042138126,0.14562151,0.2413293,0.1401675,0.15021369,0.17146663,0.21429043,0.19917232,0.24964722,0.26504013,0.121414624,0.19033352,0.163615,0.28008524,0.20210592,0.10097283,0.1846441,0.2550099,0.23194352,0.22361581,0.23843294,0.26474681,0.26529756,0.27306184,0.22214758,0.23464826,0.24109384,0.29663488,0.19623797,0.16728342,0.21892354,0.057857104,0.29148796,0.28298846,0.22344923,0.2917326,0.26986945,0.15809916,0.27065414,0.21663274,0.28234908,0.16702206,0.23237588,0.3459719,0.3601104,0.17104267,0.29997393,0.17209074,0.1189321,0.13786902,0.15115939,0.17584716,0.12476479,0.2928863,0.40830356,0.14713952,0.2993496,0.117897384,0.17370492,0.16476443,0.20846573,0.24876659,0.20045798
BC2026_Train_0008_S09_20250831_000000_55,0.02191743,0.11478116,0.047051184,0.24029055,0.0023674467,0.17112045,0.1127269,0.11918025,0.058632538,0.07060235,0.32126057,0.04206834,0.03997053,0.0005920301,0.0022068918,0.23573217,0.020883938,0.019746855,0.38005704,0.08165245,0.11683835,0.10026405,0.13199028,0.092488855,0.195842,0.005703681,0.1656974,0.26225972,0.07518439,0.25929472,0.14792213,0.10328616,0.1669436,0.15514168,0.06818282,0.11500402,0.2079577,0.10755949,0.088719204,0.17459628,0.1825875,0.08208776,0.16638377,0.089571394,0.106318876,0.07874415,0.17401564,0.11751433,0.055677257,0.080235675,0.1611125,0.15808278,0.14784054,0.15714249,0.2522587,0.0009064401,0.14202632,0.22162792,0.00926007,0.0954656,0.2704463,0.022812493,0.15890482,0.2754714,0.09586072,0.03339999,0.10113566,0.014010171,0.01583931,0.16383757,0.03946076,0.04998929,0.13255042,0.13959011,0.3040429,0.23117006,0.20480648,0.2340294,0.26147956,0.23781443,0.14214572,0.13689893,0.20881905,0.08566452,0.1693726,0.27506503,0.28634006,0.2660392,0.22395214,0.18133867,0.2969145,0.21066496,0.19102514,0.14933114,0.19177935,0.24688026,0.14206114,0.41046655,0.23530869,0.118476085,0.23694578,0.11316704,0.28198403,0.3926584,0.31635395,0.18277358,0.1600029,0.07960651,0.20147224,0.22406556,0.14556699,0.29067546,0.14823265,0.2771849,0.12069084,0.28673723,0.17518711,0.15180476,0.16017808,0.22382535,0.27298537,0.25436604,0.1907127,0.24435997,0.2276893,0.22521222,0.23570985,0.2350921,0.18745495,0.23717539,0.07497812,0.28781912,0.30780286,0.15735374,0.2242179,0.1556137,0.23596568,0.26269957,0.14511001,0.30513608,0.16803782,0.20676263,0.13027628,0.25366277,0.13856997,0.22024632,0.2666542,0.15953591,0.19337553,0.26150733,0.14603116,0.2153953,0.15293029,0.21703154,0.18752843,0.22128241,0.17209089,0.13233732,0.2530353,0.18487585,0.2694557,0.25638124,0.12519652,0.25879562,0.17949659,0.22641248,0.13905372,0.17808534,0.2099478,0.2959178,0.23052065,0.03670506,0.21283996,0.25110734,0.26389712,0.3010251,0.15002833,0.22136869,0.2173517,0.25787848,0.258912,0.12742038,0.17168057,0.17952055,0.1503399,0.13042507,0.09406749,0.22880714,0.27116594,0.30092302,0.17853773,0.23004133,0.14864793,0.21539903,0.2338458,0.2280613,0.09545188,0.2981389,0.1729574,0.15459181,0.2798814,0.1429828,0.054689102,0.28674397,0.1961182,0.2420034,0.22427624,0.28353214,0.21113333,0.238349,0.27393654,0.23137984,0.20798114,0.22841455,0.32738775,0.40860492,0.20750976,0.18670318,0.21455537,0.08769115,0.1620663,0.18465383,0.1609908,0.16814774,0.14819328,0.42367396,0.17657289,0.20455433,0.095043786,0.22087505,0.1419224,0.10816583,0.24337426,0.21542047
BC2026_Train_0008_S09_20250831_000000_60,0.022741728,0.12720332,0.056947708,0.2594628,0.0029304686,0.2191017,0.05569026,0.10369075,0.06499618,0.069894105,0.29902345,0.034550354,0.03402499,0.00054778333,0.0022713668,0.23347239,0.023251895,0.021106953,0.27844355,0.08790776,0.18942127,0.104616456,0.16754033,0.0955617,0.2511556,0.0067998837,0.22181405,0.19375247,0.074272305,0.30271474,0.14287415,0.11823181,0.16963272,0.16648458,0.07822178,0.1271444,0.19837472,0.111840546,0.08763448,0.17076984,0.17048487,0.09364702,0.18288597,0.10019485,0.115434244,0.09804362,0.17843775,0.119441226,0.06482057,0.10278046,0.17294654,0.1490118,0.14891334,0.16463275,0.25344077,0.00094675703,0.14986296,0.22791621,0.011560156,0.09867063,0.21253394,0.022400701,0.1656273,0.31758446,0.10095599,0.031202763,0.11601646,0.018285153,0.022574816,0.1696489,0.041599415,0.043946896,0.15770036,0.14020821,0.25787726,0.27140254,0.23074175,0.26940662,0.22327422,0.2151761,0.16240777,0.1222901,0.20883201,0.11901562,0.16856307,0.2708661,0.23942643,0.28514093,0.25723773,0.18040553,0.29130185,0.21367152,0.1442465,0.14621228,0.1394658,0.2697141,0.19350758,0.3508404,0.241341,0.197374,0.22651406,0.19915952,0.28937435,0.33050415,0.30253905,0.20617715,0.12055268,0.09771181,0.24083884,0.22686921,0.19763558,0.26913795,0.12625799,0.2570979,0.18028075,0.26843837,0.14701435,0.16196872,0.1844621,0.22872727,0.2182269,0.2519856,0.19684356,0.26899964,0.19978052,0.1507713,0.24572942,0.18648417,0.16541252,0.20177391,0.22894101,0.29897395,0.21519768,0.18835847,0.26314023,0.17904675,0.20035653,0.26398793,0.21583869,0.2709352,0.16180083,0.17553593,0.17165755,0.23860094,0.22785963,0.1709148,0.22009069,0.17184696,0.18824199,0.27970043,0.19082138,0.20041838,0.20326409,0.20244078,0.22120778,0.17444716,0.12763265,0.08341822,0.242719,0.23186906,0.18744975,0.2756694,0.1876633,0.24713662,0.17719938,0.2966638,0.13015665,0.1842025,0.15373679,0.27873304,0.27975458,0.043347385,0.19914214,0.2458301,0.24175653,0.12703122,0.14049384,0.28654346,0.2192693,0.21407032,0.26555297,0.1247393,0.18203619,0.24139066,0.21380381,0.1905936,0.1586813,0.2245442,0.26929355,0.21658027,0.1997984,0.25640124,0.17705381,0.23946476,0.27224573,0.26990926,0.23611726,0.2623766,0.22234416,0.20776762,0.22645043,0.16107291,0.083902575,0.25410047,0.21006775,0.23975405,0.26295546,0.2755356,0.1343202,0.26373708,0.23469362,0.24836831,0.23070753,0.2265871,0.34137842,0.38870522,0.22234282,0.16229102,0.22240178,0.11654894,0.14048384,0.15095283,0.18638654,0.16817899,0.15184276,0.42823565,0.1518429,0.19584446,0.15026748,0.2286372,0.07722921,0.15497965,0.21941926,0.2284588
BC2026_Train_0009_S09_20250828_000000_5,0.07991275,0.11325939,0.06608292,0.30244753,0.0040953094,0.24269582,0.104320236,0.08677675,0.060030334,0.10277894,0.4369862,0.06464268,0.0621381,0.00045520975,0.0024986356,0.2671217,0.032048136,0.021909075,0.24515845,0.16579235,0.24018762,0.10743915,0.16764463,0.16714336,0.23285523,0.00702432,0.19081667,0.21822801,0.07450101,0.2968964,0.095951185,0.06355286,0.15064609,0.0801269,0.053111546,0.096729815,0.18787894,0.110379234,0.061687417,0.14789996,0.11734873,0.06463634,0.16300505,0.06633196,0.10963158,0.09394778,0.17576143,0.11585994,0.060702343,0.06880959,0.13508892,0.15249386,0.093814716,0.1184067,0.26526242,0.0012298923,0.16034916,0.18846369,0.010656295,0.12702337,0.3502056,0.027348805,0.22399294,0.34628904,0.09626854,0.04098448,0.1808889,0.025534619,0.07804705,0.17001031,0.027370695,0.02878458,0.22351995,0.27312836,0.24323907,0.28096825,0.22921279,0.2909294,0.2927477,0.27276924,0.20014834,0.18369879,0.23624508,0.1344454,0.23517057,0.25888377,0.2443391,0.20626536,0.2736122,0.1317519,0.2684278,0.26970178,0.27645722,0.37464884,0.27708608,0.29520908,0.12808636,0.42002904,0.28986356,0.22665308,0.26003614,0.25019997,0.27643323,0.34915075,0.300166,0.2850232,0.1700212,0.12603252,0.26749212,0.22373219,0.15865788,0.29349825,0.13474725,0.23839092,0.1519196,0.2677736,0.1440347,0.29671684,0.22091034,0.28355166,0.26443806,0.28973204,0.25567377,0.29959166,0.2037228,0.22554977,0.18777493,0.19356105,0.16356495,0.29965368,0.26144773,0.2887035,0.32156238,0.26461053,0.19598061,0.18269886,0.30141568,0.28491056,0.29302615,0.24905667,0.23103778,0.29312587,0.21620633,0.24511743,0.3062345,0.14545034,0.2925024,0.26289907,0.2739305,0.2591828,0.23812787,0.15455033,0.21856399,0.1436074,0.23875782,0.16627206,0.27344662,0.1616526,0.28588298,0.29556295,0.19448811,0.19128558,0.2663354,0.21269773,0.18122172,0.31365383,0.27681947,0.24020559,0.23251767,0.2994565,0.29410958,0.14170104,0.1637179,0.26684391,0.29062837,0.23360188,0.25760967,0.21960618,0.20771523,0.24854957,0.2937701,0.1655286,0.24351619,0.24119657,0.25772038,0.23276067,0.11794691,0.22284816,0.2550986,0.26265484,0.16354972,0.26070645,0.19756956,0.27042562,0.27808928,0.24204633,0.23636368,0.25428686,0.2868746,0.25653687,0.22258857,0.17314088,0.10239862,0.2935972,0.24049994,0.25876406,0.28558537,0.2864594,0.113290794,0.29124013,0.19676444,0.28853104,0.26165283,0.2619844,0.33745882,0.30066943,0.2359658,0.299124,0.20869587,0.21151172,0.19025728,0.17254339,0.20638253,0.1271322,0.2928271,0.44034615,0.19284333,0.29609168,0.09185484,0.2354065,0.17098723,0.2490082,0.24365708,0.27610222
BC2026_Train_0009_S09_20250828_000000_10,0.08165454,0.10771687,0.057696104,0.25602362,0.0027651242,0.22829235,0.07274062,0.24855708,0.059332833,0.10854282,0.5021045,0.037657436,0.086010866,0.0005910781,0.002547809,0.24749124,0.017455745,0.022024833,0.33732796,0.1385646,0.08988633,0.09011461,0.24204513,0.074319765,0.2379654,0.006156749,0.17161426,0.2601308,0.092395425,0.2994312,0.14555626,0.054483615,0.16122265,0.0869237,0.042046584,0.115593925,0.21016626,0.1001483,0.058876432,0.16260426,0.14319296,0.05084757,0.15829104,0.06885578,0.09784876,0.07929903,0.18409003,0.1060359,0.05246715,0.06417678,0.16123423,0.14630076,0.120507285,0.12461586,0.28812394,0.0013683906,0.11627243,0.15678726,0.012212453,0.10095842,0.26571548,0.022387933,0.21280867,0.22363362,0.08679642,0.043663487,0.10954553,0.021347715,0.027882988,0.14927652,0.02675495,0.026577104,0.18688488,0.22831246,0.29630178,0.26035866,0.22521472,0.2973531,0.21891454,0.21701615,0.22990891,0.15035032,0.28254738,0.04926837,0.24246421,0.28754532,0.23411599,0.28522155,0.248639,0.17852317,0.2680779,0.23461126,0.10616982,0.32516864,0.1800977,0.2288504,0.26315075,0.41934097,0.23153532,0.29169947,0.28139222,0.09694035,0.29171926,0.34578764,0.29790282,0.20290516,0.19619085,0.09612544,0.2984479,0.28467253,0.19363087,0.29814395,0.11703351,0.25668448,0.17342539,0.29805604,0.22034094,0.22759745,0.20539448,0.2937474,0.29148886,0.29357037,0.29389846,0.29950547,0.24599475,0.2751104,0.24326696,0.2224606,0.22719496,0.2739124,0.240816,0.28145796,0.22234876,0.28849638,0.2505096,0.15776736,0.27983084,0.28691825,0.25213176,0.2679396,0.15424974,0.23569342,0.2831988,0.2779075,0.15580809,0.12732111,0.29196802,0.24125038,0.23466663,0.26481777,0.21428625,0.16099718,0.2670443,0.27408844,0.24281026,0.29933888,0.22564982,0.24317545,0.24882895,0.17870517,0.18022543,0.2631947,0.15914774,0.27628037,0.21788093,0.26868773,0.25045076,0.24025474,0.2569442,0.29879883,0.29673737,0.1605795,0.2691876,0.26242527,0.24685766,0.2683557,0.21766886,0.24362954,0.28528994,0.24651879,0.2904443,0.10475514,0.22848624,0.27162486,0.21300797,0.20720793,0.09989777,0.2707941,0.22423744,0.2806626,0.18736176,0.29616183,0.2860892,0.29627872,0.29924658,0.26812416,0.26865846,0.29673928,0.19842722,0.18870485,0.26798064,0.20695095,0.10600099,0.28600878,0.24769753,0.29396337,0.21747702,0.29105693,0.1316155,0.23285525,0.26046756,0.29590693,0.1913142,0.26007777,0.32428807,0.3462106,0.26526913,0.20987783,0.24343541,0.23468001,0.21974939,0.16621658,0.23277567,0.22153842,0.19680794,0.4359194,0.17791443,0.25985023,0.09545695,0.28648502,0.09776826,0.15742259,0.28175545,0.26734984
BC2026_Train_0009_S09_20250828_000000_15,0.06345436,0.09308916,0.057905734,0.2627306,0.0026487322,0.17073634,0.09526555,0.12924209,0.052419506,0.11035051,0.49612784,0.044786707,0.06589207,0.0005651666,0.0030322233,0.20786303,0.019719584,0.021857152,0.2942775,0.1124713,0.08604078,0.07550092,0.08941891,0.06800774,0.25998357,0.0058145635,0.14297532,0.2048273,0.08992282,0.2133794,0.13390169,0.053497724,0.15103237,0.08164661,0.045976512,0.09948415,0.20023742,0.10251699,0.06303438,0.14765511,0.14436632,0.053331025,0.14984886,0.055005122,0.088649176,0.089399606,0.18141608,0.097333826,0.053616147,0.055051237,0.15051563,0.12621285,0.11038053,0.13032128,0.274323,0.0012989407,0.11814954,0.16006829,0.020840904,0.088796824,0.29409793,0.02242225,0.12882257,0.23370184,0.08317733,0.0715773,0.14152174,0.019437518,0.022978604,0.13670775,0.020195033,0.024050323,0.21619968,0.18397433,0.24080558,0.23566142,0.26654628,0.29421258,0.2568935,0.22752827,0.14974129,0.18128705,0.26923284,0.05896662,0.24368627,0.29086256,0.2744613,0.29092678,0.27167547,0.19755638,0.2631824,0.27452683,0.08552259,0.31149524,0.2618985,0.20672221,0.23016985,0.39103016,0.23807357,0.11313246,0.3500061,0.17240925,0.29729795,0.3584262,0.29781365,0.2230179,0.22119239,0.0792433,0.2831952,0.27621844,0.22893442,0.29667318,0.15698215,0.2967766,0.20077547,0.28997022,0.22866398,0.25341034,0.1845786,0.29473725,0.2946821,0.27831382,0.28374502,0.2963718,0.2789325,0.1703165,0.18373163,0.22701645,0.2546217,0.29294708,0.23717703,0.28490305,0.1361789,0.27949697,0.24290279,0.20922345,0.2943672,0.2925628,0.29741862,0.33235234,0.15173891,0.18022656,0.222163,0.27256638,0.24962817,0.14622577,0.2876279,0.28810748,0.24413332,0.2654736,0.21889015,0.19347936,0.27253962,0.21079145,0.2653514,0.23489213,0.16766511,0.23483421,0.28964728,0.27377945,0.14597553,0.25674453,0.23106423,0.26548666,0.28319588,0.30119285,0.25660613,0.2688814,0.24858628,0.2983888,0.2987881,0.06293286,0.22222434,0.2763568,0.22777212,0.1995791,0.18644062,0.26630136,0.23837188,0.30944905,0.2933431,0.2801307,0.2894827,0.28975114,0.18204693,0.12365646,0.21818332,0.23777924,0.20694432,0.2986132,0.24250495,0.2996813,0.13879642,0.28589323,0.27430964,0.27300325,0.2963538,0.28968272,0.23795888,0.26592594,0.2826838,0.21096109,0.22119983,0.28882357,0.24061897,0.29028028,0.29973513,0.28434625,0.22738965,0.25489506,0.24707425,0.2667301,0.21782939,0.23546393,0.3277165,0.36685517,0.27040032,0.28438994,0.27671385,0.11940364,0.23499942,0.23004465,0.14726022,0.2101996,0.28268397,0.45493698,0.2218706,0.26085362,0.21871345,0.28136694,0.09231392,0.10727747,0.2651114,0.2832801
BC2026_Train_0009_S09_20250828_000000_20,0.054253377,0.09878893,0.04907781,0.23151736,0.0029328216,0.17769657,0.06270104,0.07758789,0.04809055,0.08587899,0.4353572,0.04611644,0.04330386,0.00054017745,0.0028904018,0.20206566,0.019195471,0.017774027,0.19267333,0.11225489,0.17118217,0.08755854,0.0975517,0.07508872,0.21717152,0.007238421,0.124333926,0.2219323,0.0717705,0.24564528,0.12549296,0.06321551,0.14117822,0.09089849,0.05118401,0.1073094,0.24064,0.1000009,0.06588973,0.15161037,0.13358404,0.045121804,0.15080251,0.06835025,0.10191854,0.08646331,0.17734133,0.102409825,0.053845894,0.059824895,0.13114028,0.15204935,0.11328988,0.12743184,0.25181946,0.0013314062,0.12855639,0.15447722,0.013330533,0.109274626,0.27832842,0.021789402,0.1491166,0.2357142,0.08443351,0.052706882,0.10112697,0.018961713,0.0217312,0.15278631,0.02364335,0.025341924,0.20467676,0.28458256,0.27725446,0.25941348,0.26381373,0.29580274,0.21807988,0.14411104,0.18931723,0.12731268,0.2571906,0.049252123,0.21024004,0.28269655,0.21284124,0.25752327,0.2781061,0.18528801,0.2830442,0.24425928,0.11188122,0.2024967,0.111667834,0.27516156,0.22405863,0.34614342,0.26480702,0.1936779,0.34145463,0.108443454,0.29834747,0.3410339,0.30232763,0.24490057,0.22529371,0.111582994,0.272936,0.24934618,0.21607745,0.2727094,0.15480712,0.28777814,0.2065369,0.28802556,0.16336316,0.23404096,0.2223869,0.29866874,0.2631889,0.28163823,0.29652017,0.29208782,0.25749353,0.20019037,0.2088041,0.18674731,0.21310002,0.2576841,0.16127905,0.29603407,0.16220959,0.25689295,0.2420674,0.12799433,0.30033556,0.28986013,0.28390893,0.3103139,0.16495575,0.19248882,0.27586174,0.2362043,0.2022255,0.15055573,0.27706245,0.22709255,0.23161973,0.246323,0.25780872,0.21479689,0.2857432,0.20714194,0.21429996,0.20339856,0.20424013,0.19756237,0.22267564,0.17336212,0.20567559,0.24399468,0.09289437,0.26999107,0.23448862,0.26506373,0.13195321,0.268395,0.22811937,0.29519606,0.2836048,0.062798545,0.18461101,0.2907547,0.266586,0.2879115,0.15118244,0.22201857,0.26103032,0.27066278,0.26822758,0.1977497,0.21752837,0.2791341,0.2517187,0.20510507,0.1934863,0.25921127,0.2352412,0.2899257,0.29447797,0.25816903,0.17601252,0.28246924,0.28249547,0.29540852,0.29329002,0.28795183,0.16443886,0.19079095,0.25704,0.17188978,0.2729259,0.2945501,0.2431824,0.28404912,0.22955143,0.29694137,0.26387125,0.2490479,0.26227587,0.28087664,0.17893118,0.26725924,0.31700107,0.33319536,0.2870516,0.1638353,0.22670794,0.13382238,0.24804227,0.2495552,0.15820178,0.20265107,0.17519411,0.46064827,0.21736887,0.25754914,0.24424876,0.27753448,0.08275765,0.20132723,0.23905005,0.27136353
BC2026_Train_0009_S09_20250828_000000_25,0.05971113,0.10208577,0.062213108,0.2741755,0.0028542355,0.2205139,0.0665172,0.087410346,0.04874693,0.09339666,0.4892129,0.060872592,0.0403565,0.000504217,0.0028837034,0.21792564,0.02095176,0.022037404,0.19937754,0.09606591,0.20126368,0.091593474,0.13172191,0.06935263,0.2841287,0.0067520957,0.13505991,0.23663983,0.09491402,0.20789275,0.12365489,0.053161222,0.16445549,0.08459026,0.04891795,0.10762539,0.1809023,0.10749276,0.065248504,0.1492346,0.13194923,0.05189096,0.1600242,0.066730246,0.0919219,0.09562312,0.1798877,0.11373423,0.05665599,0.0656253,0.15505031,0.14894114,0.105188295,0.13135228,0.28194728,0.0012694327,0.12887314,0.18790594,0.014188924,0.10703395,0.34310728,0.021874834,0.14076523,0.2752225,0.07970393,0.041016005,0.11573953,0.020735778,0.025657568,0.16892107,0.026871165,0.023481958,0.20100461,0.22397918,0.27847108,0.25973916,0.2501542,0.284036,0.28939316,0.28278452,0.19187795,0.23097216,0.29439747,0.17038539,0.1986133,0.2394382,0.20130831,0.2974144,0.29322955,0.1565018,0.2761709,0.26613578,0.24624977,0.2809527,0.2702797,0.23557152,0.24611694,0.3888146,0.22484978,0.13280344,0.31315264,0.2645505,0.29536122,0.3560271,0.3015695,0.25252086,0.20684154,0.09395885,0.28235936,0.22699665,0.2049413,0.29869494,0.15635619,0.26148385,0.17240547,0.28157076,0.22566496,0.2778797,0.18205571,0.2936983,0.26871753,0.26558995,0.2759049,0.28648645,0.28427446,0.18648732,0.20028573,0.18473873,0.27010065,0.29834986,0.1855272,0.29287362,0.26852494,0.26178265,0.29301456,0.18558027,0.272067,0.29344538,0.2971872,0.2588159,0.24035174,0.2636124,0.24965255,0.22123003,0.25129223,0.11127017,0.28461865,0.27396256,0.305765,0.27585518,0.21721692,0.13804455,0.26895374,0.22866797,0.25355473,0.15752839,0.24894264,0.18053585,0.29326883,0.2816603,0.2220903,0.2422657,0.28065154,0.29065108,0.2509425,0.2982722,0.2180749,0.28069907,0.21316722,0.29837242,0.2967498,0.12548682,0.20502575,0.27517912,0.23755993,0.2332513,0.15782131,0.24975674,0.27885216,0.29107833,0.29213917,0.18882358,0.21309371,0.23937108,0.16391088,0.28706986,0.21313743,0.22294787,0.22688079,0.2914055,0.25116706,0.2999964,0.23094907,0.28691295,0.24921095,0.25414002,0.2950811,0.28120124,0.2943803,0.20353967,0.26701832,0.25566608,0.14685312,0.2928758,0.24091467,0.2855465,0.2851076,0.29476196,0.25374645,0.28605437,0.22308597,0.30576548,0.24218643,0.2670552,0.3167358,0.35512638,0.27576435,0.29419842,0.27776968,0.17025422,0.14779942,0.20753928,0.16819268,0.27702293,0.27877817,0.44242692,0.23706892,0.2966221,0.16709188,0.25982064,0.24152707,0.14749639,0.25382447,0.28273246
BC2026_Train_0009_S09_20250828_000000_30,0.07414173,0.09353352,0.054970153,0.230032,0.0028352116,0.2871365,0.08521598,0.117968164,0.04858406,0.10511617,0.48519206,0.06220298,0.04064123,0.00047989,0.0026425656,0.23095123,0.022325939,0.022122882,0.32066143,0.10095018,0.106295206,0.09004473,0.1516349,0.052546605,0.20580307,0.007326833,0.15642112,0.27074936,0.08329217,0.3150849,0.094438866,0.048892662,0.14853507,0.064338304,0.045175366,0.08403583,0.18229678,0.091658995,0.060560483,0.13410737,0.12073674,0.054845564,0.14003167,0.063434616,0.08137987,0.07988781,0.16409639,0.086018465,0.044679612,0.05086563,0.12744367,0.12545961,0.08242355,0.1135003,0.28102514,0.0014927129,0.14674036,0.18169914,0.01302814,0.08433159,0.26963726,0.02563742,0.14640003,0.22852907,0.084613256,0.056740038,0.14946173,0.025679193,0.03964185,0.18389758,0.024465172,0.02435134,0.18957904,0.23862527,0.2531698,0.2824551,0.24871907,0.29771578,0.28526023,0.29606014,0.1686528,0.13017064,0.22756891,0.19149514,0.20420645,0.2563966,0.26159382,0.22343484,0.28335142,0.1613546,0.26583064,0.27963948,0.2661319,0.28955424,0.21528853,0.2603364,0.16290899,0.43984944,0.2878797,0.17452301,0.3128605,0.17430834,0.2832261,0.33127105,0.30068696,0.29126057,0.21457595,0.12129523,0.2674945,0.24952582,0.19350472,0.2964664,0.147821,0.25966987,0.1785332,0.30382982,0.2263116,0.29523242,0.219474,0.28088364,0.27642977,0.29250416,0.27683923,0.2947499,0.2822252,0.14471969,0.25981563,0.24668105,0.20522697,0.29903376,0.27147618,0.28662297,0.30811626,0.20547335,0.22706394,0.14028677,0.2888955,0.29075462,0.2955871,0.27131784,0.24288838,0.25758108,0.19961187,0.20485458,0.25499645,0.24065496,0.2597622,0.29022467,0.22494808,0.25814414,0.1784031,0.1881947,0.22703888,0.2016867,0.27455515,0.26170415,0.25947502,0.1860751,0.29497027,0.29286504,0.16863073,0.24757034,0.2824516,0.26575798,0.2793296,0.30690765,0.24721639,0.20986074,0.23990418,0.29599413,0.2980412,0.13797267,0.2026928,0.27650136,0.20325996,0.20385027,0.10972924,0.22760853,0.17913505,0.27071726,0.27477106,0.100157976,0.22690277,0.2214198,0.27574986,0.2570264,0.1420749,0.28001118,0.23666415,0.29269695,0.18984976,0.26998156,0.20246871,0.28771633,0.27246737,0.22507925,0.23421162,0.29035696,0.2871049,0.2838109,0.27785686,0.16502914,0.116996646,0.29235274,0.25845253,0.29561958,0.26139718,0.2800149,0.13580126,0.2844822,0.27570558,0.267328,0.24719426,0.27011496,0.324794,0.3360175,0.24868329,0.2994442,0.2226736,0.23209828,0.17423177,0.20051354,0.15957168,0.113210544,0.2828438,0.45052218,0.27437901,0.28170878,0.1578153,0.25992474,0.19295132,0.14379822,0.24655412,0.28075683
BC2026_Train_0009_S09_20250828_000000_35,0.0633885,0.11675048,0.06392537,0.2515527,0.0038068038,0.17498812,0.10685419,0.2192595,0.049259428,0.08340126,0.46151036,0.069594786,0.045663342,0.00057220197,0.002290978,0.3006996,0.035170738,0.02122679,0.26727727,0.14583768,0.12010399,0.095215455,0.20706633,0.06306592,0.31587976,0.009519064,0.3049205,0.23187461,0.08799051,0.27363354,0.16390537,0.0802181,0.18302897,0.10112858,0.05291591,0.12346616,0.24724683,0.11773634,0.07125112,0.16532895,0.16442725,0.06058814,0.18243267,0.08447894,0.12089831,0.101205446,0.1977945,0.12373664,0.061540373,0.08557608,0.15673336,0.16974083,0.13701683,0.13710284,0.27086264,0.0014856559,0.13898543,0.16722411,0.011521496,0.17633185,0.3237878,0.019891143,0.17286952,0.25909203,0.09826878,0.0647281,0.13317594,0.026049417,0.028017988,0.15769865,0.03801087,0.031374462,0.283069,0.17546578,0.22905661,0.22678041,0.24818659,0.29580647,0.2214363,0.21462965,0.272777,0.19844589,0.2597759,0.1386634,0.184134,0.28949964,0.28270766,0.22673215,0.29252124,0.28549537,0.27951345,0.2612677,0.15672736,0.19731487,0.22742124,0.23564066,0.17153713,0.40600193,0.2720152,0.27974015,0.35658497,0.17440623,0.28515527,0.33789125,0.30080816,0.22508311,0.2751654,0.18922466,0.2899194,0.28754336,0.288606,0.2973711,0.110783696,0.28724068,0.27246007,0.2957595,0.24017122,0.21517031,0.25510263,0.2893829,0.24319899,0.2915525,0.29097912,0.3002959,0.2373434,0.29128644,0.16945502,0.26021275,0.2499901,0.27510393,0.16759731,0.28998592,0.15988782,0.2752028,0.2798438,0.21363151,0.2965214,0.28760204,0.2264318,0.3395425,0.19515133,0.25629264,0.23571716,0.28356797,0.14314881,0.17995195,0.29488835,0.16117916,0.24522036,0.21733792,0.27340755,0.20480308,0.21786107,0.22477126,0.24796104,0.23960859,0.19264182,0.155996,0.2559645,0.231096,0.166447,0.26548317,0.11126267,0.27196455,0.28087083,0.26374862,0.20531383,0.21611261,0.27897325,0.29803574,0.2826892,0.14198968,0.26692542,0.29126012,0.29859474,0.22558747,0.29161105,0.24535166,0.27591494,0.24950744,0.28680733,0.120351054,0.19576949,0.26358092,0.24140315,0.24885337,0.13959664,0.2815703,0.24388273,0.24720375,0.23944922,0.25093523,0.23477803,0.289909,0.29076302,0.29109535,0.28441805,0.29452738,0.21510412,0.18973267,0.26881152,0.17686218,0.13327521,0.28172177,0.2703871,0.28903487,0.2282759,0.29697236,0.12570445,0.24965362,0.28227448,0.28795037,0.2459532,0.2750947,0.30592692,0.31380266,0.26843268,0.17108142,0.25626054,0.26259565,0.21318428,0.20930892,0.19190386,0.16407184,0.21721175,0.47255865,0.21846506,0.2597738,0.14527382,0.29634655,0.08752402,0.18412066,0.2506945,0.29063857
BC2026_Train_0009_S09_20250828_000000_40,0.0773383,0.108829096,0.06552762,0.27913207,0.002920794,0.18876953,0.13918331,0.22492377,0.053693525,0.0953794,0.31636804,0.045904458,0.051822804,0.0005795681,0.0024228506,0.31237644,0.016451268,0.022287367,0.2516909,0.10150494,0.16298863,0.08451875,0.15919775,0.08731883,0.23466316,0.006379203,0.27353576,0.2292081,0.091781676,0.29165703,0.15697016,0.08901837,0.17222616,0.09496992,0.052709926,0.11928503,0.20034659,0.1069142,0.077527516,0.14952388,0.14227669,0.059818335,0.17050701,0.08533774,0.12248192,0.09537731,0.17539464,0.10091542,0.0787642,0.07997365,0.17691119,0.15287289,0.14337125,0.1530976,0.2837841,0.0012230244,0.1450919,0.19835535,0.01025641,0.1249387,0.40919065,0.020524047,0.15216085,0.2587927,0.10195908,0.045384593,0.13418147,0.021269731,0.02090791,0.15689503,0.044451542,0.030936107,0.22490059,0.260914,0.2557943,0.27150288,0.24474497,0.27371928,0.1442782,0.15123478,0.26237196,0.15188248,0.2558571,0.07722083,0.28017125,0.27413723,0.26855773,0.27018756,0.27478546,0.117924586,0.29256427,0.2605798,0.12749055,0.24704051,0.24148731,0.2716159,0.24045208,0.32306933,0.24752766,0.27396637,0.2811452,0.23339973,0.28764462,0.3562562,0.303989,0.27033743,0.18107179,0.09388537,0.2536372,0.296991,0.22226524,0.29446882,0.26756573,0.20410001,0.15080146,0.28996885,0.13574415,0.22658028,0.22155264,0.26849806,0.20593238,0.27074003,0.2581554,0.24557573,0.26598704,0.2823666,0.29269278,0.21743554,0.21724612,0.27070278,0.1493231,0.2863288,0.13408276,0.27427864,0.24984768,0.17827204,0.22424628,0.29606146,0.24942309,0.29838574,0.21081528,0.19150454,0.19719198,0.26630843,0.23480903,0.19280238,0.26887125,0.15127468,0.30689886,0.29847685,0.19096245,0.29983404,0.24145776,0.19382516,0.23682456,0.2683997,0.19479644,0.14254121,0.22464488,0.20439081,0.21117496,0.2525122,0.13852699,0.27790746,0.19751462,0.26946047,0.15927526,0.25438413,0.210021,0.29962417,0.2537433,0.13243558,0.19682516,0.27659974,0.29970267,0.2667888,0.10453387,0.24920584,0.2852749,0.2943679,0.29873413,0.1349652,0.21649063,0.18729213,0.1624558,0.26553264,0.06835276,0.2989188,0.2551378,0.2882591,0.23720464,0.25462383,0.14638227,0.27558625,0.29642773,0.28866607,0.24117994,0.29226458,0.29604378,0.1450639,0.27735117,0.1513694,0.16520442,0.29703254,0.29584897,0.25385588,0.21665816,0.29349503,0.23653509,0.27984157,0.24938752,0.29224613,0.20236295,0.25418028,0.33983487,0.34853446,0.20783776,0.22567253,0.2998366,0.113944985,0.2009644,0.22112484,0.25157952,0.20188166,0.15352853,0.4116727,0.21025819,0.25500455,0.12289105,0.23666586,0.103842616,0.28957355,0.27970594,0.28285205
BC2026_Train_0009_S09_20250828_000000_45,0.041435078,0.08184062,0.069328114,0.22932251,0.0030241627,0.17739154,0.07405284,0.24647447,0.052717388,0.09769705,0.26950678,0.06917188,0.050349936,0.00062179146,0.0023210945,0.23702201,0.018633159,0.022745362,0.21751522,0.108524136,0.10405003,0.09168438,0.1766426,0.07611454,0.17718507,0.0058566034,0.18150643,0.15777598,0.07033969,0.2373524,0.10382811,0.06998511,0.13285103,0.07353701,0.040585063,0.088658534,0.14483336,0.08296953,0.057942044,0.12251501,0.099790156,0.04989579,0.13102181,0.07436893,0.082322046,0.0792434,0.12755184,0.06639223,0.0551831,0.05649724,0.14039591,0.12183082,0.10400565,0.11498674,0.26511222,0.0010683191,0.10950965,0.22263446,0.013013348,0.08375516,0.36427075,0.025417313,0.15336087,0.2469481,0.10174539,0.05011668,0.13414708,0.014808347,0.017615564,0.14123157,0.03024461,0.02940514,0.27415282,0.1796116,0.29070902,0.20783733,0.19759068,0.28158405,0.15002517,0.15127745,0.23277463,0.1498174,0.254684,0.20328113,0.24905717,0.26369706,0.19815548,0.29779726,0.29860651,0.12865548,0.2829705,0.25744382,0.243044,0.31599236,0.18520929,0.29129484,0.27746907,0.29465914,0.27938142,0.21049558,0.26902756,0.16222183,0.29755977,0.2913374,0.23257804,0.19871037,0.124825045,0.064745955,0.23306842,0.28057268,0.23093164,0.2864279,0.14228097,0.25874147,0.1624406,0.28379562,0.15344806,0.25433,0.23171914,0.22079033,0.21154806,0.27483624,0.2526195,0.28762245,0.13776955,0.29321346,0.29934353,0.19644128,0.18046647,0.28455427,0.22190684,0.29209444,0.12149106,0.27203402,0.21555904,0.13444018,0.29964423,0.27539924,0.21063842,0.21377099,0.2735356,0.14027755,0.17874244,0.22762597,0.19533125,0.28406668,0.29526857,0.22179015,0.30426428,0.29461035,0.21034925,0.29998648,0.2230137,0.22899085,0.25435087,0.26281002,0.1674276,0.15336025,0.26093352,0.2145307,0.27368346,0.2762952,0.15375859,0.23046947,0.2077757,0.2815602,0.27769527,0.28573543,0.16928376,0.29587263,0.2874127,0.27690604,0.12723102,0.2588844,0.2991321,0.12783891,0.13032466,0.23799518,0.24095407,0.19967863,0.28922862,0.13175413,0.24105638,0.15916726,0.2092614,0.23831718,0.06284422,0.29332852,0.2739439,0.2884101,0.16049863,0.24034385,0.2313204,0.27882677,0.2785591,0.28117287,0.1742121,0.2593666,0.29876265,0.27526015,0.27991056,0.16696338,0.0934275,0.29539585,0.29673308,0.25515744,0.19629546,0.22889142,0.19099176,0.26067215,0.21959415,0.22672524,0.16952215,0.26160464,0.27275562,0.37087908,0.28685215,0.1456855,0.2942757,0.22153191,0.1357524,0.16462961,0.2808138,0.18299745,0.22183685,0.41981766,0.1638049,0.25773227,0.117286965,0.29405063,0.15653788,0.25057334,0.24884742,0.25133142
BC2026_Train_0009_S09_20250828_000000_50,0.06901728,0.09175519,0.08649237,0.30660135,0.0030369668,0.16484928,0.07598645,0.08562325,0.05341935,0.0955846,0.29444975,0.076746345,0.047007363,0.00057807355,0.0024047873,0.20755896,0.02680924,0.019249965,0.21433885,0.094899885,0.2373299,0.09685012,0.13051987,0.1336714,0.249055,0.0057286466,0.15312983,0.25489566,0.059764236,0.24335831,0.11804845,0.053602844,0.14457038,0.08337231,0.038195007,0.089878365,0.16332987,0.081605256,0.050798804,0.1307811,0.114276364,0.04612388,0.14185461,0.06279029,0.09870351,0.08096683,0.14979075,0.08622779,0.060346723,0.06438589,0.14134817,0.120597444,0.10476061,0.10737091,0.26329285,0.0011711009,0.1076594,0.18998922,0.010873702,0.12510356,0.32012153,0.017867427,0.16270469,0.22852896,0.11304064,0.03570532,0.09520858,0.02460187,0.016205506,0.1558049,0.02750815,0.064914055,0.19782177,0.2046847,0.27683395,0.25826487,0.19422343,0.28085014,0.17553541,0.15070586,0.21476327,0.20092008,0.2770166,0.24446115,0.21866341,0.27238673,0.20470493,0.2979448,0.27900293,0.12679099,0.28491446,0.29473326,0.24960324,0.34268424,0.25959942,0.25120908,0.25053152,0.30265036,0.2902298,0.16550286,0.29946703,0.09747982,0.2828128,0.34033313,0.30031604,0.22644717,0.25549698,0.09341757,0.2241246,0.25557846,0.13445093,0.29366657,0.16758536,0.26113307,0.13515703,0.2882496,0.20255663,0.23662034,0.21391691,0.24469714,0.19847691,0.2979924,0.25981766,0.27117217,0.2757677,0.27704042,0.29957435,0.20352814,0.26091695,0.27182096,0.19427164,0.29092538,0.20120397,0.21155253,0.2220923,0.16731635,0.27589208,0.27594265,0.228416,0.24803175,0.25186327,0.26007453,0.25842014,0.20117241,0.21051224,0.23579991,0.28425953,0.15698871,0.3138337,0.2945675,0.20372845,0.2996322,0.24338733,0.19545148,0.2464719,0.23857069,0.2374537,0.1501863,0.23118559,0.16142535,0.30209523,0.28827688,0.1989572,0.257577,0.18901737,0.21517695,0.25136885,0.24806611,0.21289617,0.29873955,0.26197824,0.28400615,0.23439957,0.27472657,0.29614195,0.22091655,0.22696951,0.2832251,0.28721988,0.23867153,0.28035566,0.11509675,0.23857063,0.25618416,0.18845603,0.2632001,0.11956836,0.28340352,0.25950506,0.2534238,0.2024108,0.22972001,0.27272353,0.2572519,0.25304887,0.29821506,0.25556293,0.2988639,0.29984394,0.12103441,0.26250395,0.17343271,0.20850994,0.27838296,0.29871088,0.25468394,0.28761014,0.29248402,0.2335881,0.28351802,0.29290596,0.25639114,0.26187167,0.24193425,0.32294235,0.32267824,0.24315807,0.15524971,0.29251918,0.23232836,0.24647939,0.15640032,0.17473334,0.12030436,0.2594303,0.4218133,0.18926783,0.26805606,0.16424653,0.2885718,0.1460199,0.2051207,0.2790614,0.27550215
BC2026_Train_0009_S09_20250828_000000_55,0.047448486,0.09824935,0.060381494,0.24876255,0.0031652579,0.20242193,0.06809718,0.0558302,0.0526037,0.08116871,0.29089418,0.07167739,0.032934442,0.0005789908,0.002444443,0.21591467,0.020663217,0.022387786,0.18821096,0.09524636,0.088701904,0.08240177,0.11005644,0.09515953,0.22840178,0.007975943,0.23975053,0.24029675,0.08322071,0.24372992,0.1356984,0.06980893,0.1410273,0.09143013,0.054334264,0.13415405,0.23981997,0.08484177,0.07856099,0.1596531,0.14673246,0.045294963,0.15758726,0.09040828,0.087559626,0.07946136,0.16861872,0.114555165,0.04872345,0.06583084,0.1423151,0.14793935,0.124009654,0.12836526,0.25885195,0.0013098349,0.13193831,0.1663641,0.016012186,0.08635007,0.30747008,0.020816209,0.13792506,0.23438945,0.087201536,0.05614566,0.10383851,0.02745956,0.018684978,0.11906529,0.031071508,0.047868982,0.24025492,0.21423927,0.26765823,0.24552596,0.25033167,0.28962758,0.2824921,0.2267171,0.27622598,0.17833543,0.25404426,0.053426012,0.23081839,0.25250673,0.2848023,0.241816,0.2808561,0.15289807,0.2722261,0.25724143,0.1306561,0.20645255,0.15641516,0.2435649,0.2177144,0.29019225,0.26374474,0.1895512,0.28601497,0.09635635,0.29570898,0.34888136,0.30207527,0.21141341,0.23952992,0.12899241,0.23601928,0.27026817,0.22632216,0.2992517,0.27892753,0.2894906,0.166223,0.26940364,0.23286244,0.19153343,0.23660319,0.28623974,0.28368267,0.28655154,0.28176343,0.2600045,0.28973103,0.15218224,0.16404071,0.22905122,0.27775976,0.29899886,0.22733764,0.29802328,0.19520186,0.22066787,0.24529195,0.16301638,0.24724108,0.29393655,0.24074805,0.25711733,0.13820353,0.24701487,0.26878718,0.2892134,0.17866343,0.13712804,0.2740679,0.19635072,0.16554597,0.20659809,0.16283077,0.17302474,0.24829566,0.27235392,0.27789813,0.2961316,0.1783463,0.21858437,0.22659504,0.1004056,0.17436498,0.24744132,0.16516177,0.25753486,0.25659743,0.289912,0.28855392,0.22243536,0.27900776,0.28990766,0.26821885,0.09469354,0.26029366,0.28622928,0.22519898,0.21814768,0.179095,0.2228937,0.29805493,0.26933423,0.24176876,0.2264204,0.21674715,0.267192,0.18878204,0.10907888,0.08728107,0.26060227,0.25732994,0.29833856,0.22278285,0.2886811,0.12577964,0.29243115,0.29091015,0.28999248,0.25671828,0.29747042,0.25410178,0.21003893,0.2732253,0.16661197,0.12460019,0.29401618,0.25443876,0.28638086,0.22809622,0.2981773,0.2473603,0.23412329,0.25379974,0.2667085,0.20004442,0.29484767,0.34239608,0.34818688,0.25836042,0.1632319,0.2369418,0.26277167,0.21994501,0.21844278,0.11211455,0.13653257,0.14265183,0.46889067,0.19899131,0.250543,0.105421476,0.26423678,0.10410647,0.146404,0.26911494,0.29445943
BC2026_Train_0009_S09_20250828_000000_60,0.034879036,0.08874144,0.06503267,0.22390477,0.0040354338,0.2016402,0.14621542,0.099385224,0.06339442,0.08647918,0.36748347,0.06641643,0.06765649,0.0006003282,0.0027128982,0.20627631,0.027352447,0.02481962,0.2356424,0.1598128,0.1545128,0.08917002,0.21719785,0.10142525,0.23588869,0.0061297985,0.18394616,0.19112825,0.091683194,0.2331763,0.12736204,0.05821383,0.149768,0.07633612,0.04639686,0.11564863,0.21976428,0.09332181,0.059493154,0.14776771,0.14193156,0.03823001,0.1474441,0.071201645,0.08732311,0.082379624,0.14637914,0.119405486,0.053231694,0.056264203,0.12421819,0.12566054,0.1139665,0.13854858,0.26442194,0.0015185515,0.09906167,0.15721484,0.013624039,0.07664296,0.3693735,0.027991766,0.14986625,0.28326777,0.09054291,0.06175654,0.14713459,0.018413905,0.021168467,0.1050187,0.025115093,0.046510912,0.28087705,0.17069097,0.32014796,0.24903513,0.25554457,0.29003415,0.11874194,0.24140508,0.16252084,0.12608893,0.291503,0.23180997,0.235622,0.28991115,0.29088613,0.29310012,0.29587165,0.16663848,0.2350833,0.26066908,0.2869316,0.32333505,0.21909541,0.2774039,0.26685408,0.37723312,0.24897963,0.16533102,0.27979714,0.2635945,0.29861158,0.35131842,0.3006366,0.2739315,0.23181204,0.20446175,0.28858727,0.22453935,0.15370478,0.29479548,0.15630251,0.26099366,0.17587548,0.30561486,0.27369103,0.26703638,0.24813783,0.29625553,0.25595903,0.28188297,0.26372835,0.29700792,0.25455716,0.19203945,0.17059906,0.2001788,0.25682482,0.27893773,0.11911842,0.28762347,0.2737171,0.2564463,0.2783181,0.13163151,0.28707013,0.29084858,0.23095216,0.32631457,0.22439793,0.26464617,0.18454735,0.22570045,0.21954675,0.18014492,0.2760175,0.2584303,0.31102026,0.23930025,0.25652933,0.18100493,0.22594252,0.21980523,0.23653044,0.20806381,0.20494801,0.16954495,0.21300381,0.21674073,0.19159147,0.26749837,0.2728684,0.29168573,0.15286988,0.24074122,0.13518277,0.22607565,0.23242724,0.29825556,0.297679,0.11016052,0.22745036,0.277329,0.22759634,0.2864862,0.18912368,0.24680582,0.24511166,0.28585154,0.2870831,0.14427367,0.17147583,0.2396996,0.14721255,0.22060272,0.101342656,0.29265925,0.264881,0.29645047,0.20567864,0.29982206,0.17256507,0.2652454,0.28103888,0.25898278,0.19455215,0.2961522,0.22009489,0.23138243,0.2723331,0.21277322,0.10577257,0.28616524,0.24207747,0.25453508,0.25097758,0.2706778,0.21571085,0.25890687,0.25568008,0.27336612,0.24273506,0.25613996,0.30749667,0.34533542,0.2706161,0.17231384,0.27204934,0.14164265,0.22668599,0.20790632,0.25963852,0.28889453,0.14685276,0.45737606,0.25178328,0.2886824,0.15827598,0.2686159,0.2726551,0.229822,0.25531867,0.28330228
BC2026_Train_0010_S09_20250828_000000_5,0.051592946,0.082894966,0.06129901,0.19716975,0.002985599,0.25400093,0.086807266,0.0721732,0.044005547,0.1324699,0.25542498,0.055555336,0.033545822,0.0006709975,0.00300523,0.20378745,0.019137716,0.03098367,0.23376976,0.084719,0.12521696,0.08208242,0.10646238,0.07323064,0.16964944,0.008908587,0.09982051,0.25322485,0.10648744,0.31497636,0.09431701,0.055422388,0.13187723,0.07700431,0.04306245,0.089049645,0.16819787,0.08702442,0.061531298,0.13839802,0.11081294,0.053516667,0.12704858,0.07550221,0.08598684,0.07655947,0.12998824,0.0656544,0.051066004,0.061295986,0.13957043,0.12493439,0.107378826,0.11918582,0.26880166,0.0013109786,0.118689135,0.22606066,0.012800259,0.07269253,0.24290635,0.020788608,0.14961112,0.24561904,0.08263291,0.038972985,0.13358906,0.026985852,0.042376596,0.22676986,0.034339163,0.024451336,0.20880502,0.17654593,0.27133846,0.290595,0.2647652,0.29854545,0.22037229,0.22659913,0.16990821,0.12934455,0.23038903,0.111954406,0.20307317,0.26319158,0.28306773,0.29683068,0.26532912,0.16230306,0.28020036,0.26780474,0.15106621,0.32463875,0.25610968,0.2942053,0.17301838,0.4338508,0.29723117,0.16938199,0.18908402,0.14957708,0.29265326,0.33331728,0.28697422,0.24762861,0.1700602,0.072203554,0.2118028,0.27989414,0.15204397,0.29423857,0.22737026,0.27100724,0.14729334,0.29807085,0.22097434,0.25769863,0.19363286,0.25563136,0.2609685,0.29483017,0.22454146,0.2605401,0.23052374,0.22363757,0.24642554,0.26431668,0.20390984,0.29716656,0.17046961,0.28192845,0.20271534,0.22420771,0.20785302,0.1142869,0.28631133,0.2906641,0.29765967,0.32224882,0.14144944,0.2844329,0.16135427,0.22856864,0.16166191,0.18752514,0.28666165,0.2359158,0.293796,0.27481568,0.11688359,0.2992951,0.24911465,0.28124776,0.27239662,0.26991862,0.27950647,0.11844076,0.24757147,0.27904892,0.14875971,0.2797681,0.2835014,0.26597846,0.18221195,0.30131784,0.2983312,0.1511011,0.19996086,0.28908297,0.29276347,0.14329286,0.23290382,0.27178928,0.29147786,0.28752643,0.21809097,0.24112548,0.24787949,0.22208847,0.28672165,0.18138498,0.19551556,0.17368108,0.20948319,0.12722455,0.075397775,0.27086714,0.22364055,0.28647843,0.19748443,0.26504764,0.28297406,0.26817656,0.258677,0.27369264,0.17501959,0.23237146,0.27330837,0.2905215,0.29402915,0.15016645,0.12270832,0.29909042,0.29594365,0.2856569,0.1914791,0.24686027,0.19806764,0.29098943,0.29561204,0.26358604,0.18617988,0.26522914,0.32936776,0.32417077,0.27437386,0.2736355,0.27426866,0.12239238,0.23180546,0.18671583,0.15978077,0.16675484,0.13240133,0.45069468,0.14870228,0.22312999,0.12698366,0.2912924,0.11467737,0.12172407,0.23396192,0.26304963
BC2026_Train_0010_S09_20250828_000000_10,0.040127203,0.08641281,0.07704965,0.26037273,0.0036186664,0.2416489,0.062135138,0.076574415,0.04307259,0.11418637,0.2253094,0.05750813,0.034065697,0.00062251766,0.0027951135,0.18483692,0.02339559,0.024854397,0.28265297,0.21907273,0.094372705,0.09654083,0.12208851,0.06971458,0.24700794,0.009675827,0.100195654,0.23249722,0.094043426,0.27079567,0.11492419,0.062237658,0.13993105,0.092494465,0.050082695,0.11490817,0.19115669,0.116306946,0.077929616,0.14593059,0.12690425,0.06005303,0.12949352,0.07451243,0.09339506,0.07619815,0.13286631,0.085378155,0.0500681,0.08847271,0.14120671,0.14288099,0.10690902,0.13108806,0.29243556,0.0011205971,0.11552237,0.20315321,0.011133863,0.18441074,0.23249656,0.027263083,0.15086904,0.2991168,0.07913734,0.046868775,0.12668379,0.026627231,0.048953142,0.18872094,0.023184517,0.023132494,0.240719,0.20541167,0.33499765,0.26741245,0.26195034,0.2971722,0.2307807,0.23576055,0.28912953,0.11308258,0.21080704,0.07778315,0.22398022,0.27096638,0.19028631,0.22046827,0.26465312,0.17558369,0.2543438,0.25809118,0.1919476,0.33762133,0.20529214,0.22287597,0.14566723,0.46559435,0.25202575,0.22419944,0.23927625,0.092813335,0.29693714,0.3483787,0.30215126,0.1858729,0.29686064,0.0703728,0.23550043,0.21112224,0.15283836,0.29891807,0.12390628,0.24504223,0.18519314,0.28040048,0.15721163,0.27870208,0.25681823,0.28551176,0.2834818,0.29286784,0.2918972,0.3006745,0.22064398,0.14967036,0.21258493,0.21623571,0.24026604,0.29960576,0.2573135,0.28617352,0.32199195,0.2073447,0.18190616,0.14616577,0.28930303,0.29413652,0.2951797,0.27915543,0.19364667,0.22450966,0.2841793,0.28004697,0.1335959,0.15294993,0.2895524,0.22497666,0.356148,0.27787912,0.1590048,0.12767048,0.2977418,0.22517115,0.2685272,0.29159403,0.28407556,0.28641772,0.2737051,0.23561215,0.11868997,0.26505303,0.2017735,0.29113594,0.21769208,0.30203298,0.29781976,0.27442813,0.16145116,0.29440835,0.2752675,0.12309098,0.17887759,0.24349812,0.19671866,0.29162598,0.21000054,0.22400513,0.29891676,0.28652266,0.26323506,0.09929816,0.22008269,0.29439107,0.24785072,0.12880227,0.13232857,0.2018099,0.25794628,0.25876945,0.24282625,0.26619294,0.22602092,0.24163172,0.2938486,0.28102034,0.28347826,0.2574616,0.29208052,0.26711974,0.2502438,0.10255846,0.25625065,0.29379702,0.20280917,0.28838354,0.2572995,0.29998207,0.17200793,0.24990313,0.24192595,0.2849334,0.13573182,0.29702255,0.31544438,0.31234223,0.28838342,0.29433373,0.21083811,0.29988682,0.2884485,0.1587842,0.1479567,0.0887108,0.24709874,0.4949668,0.23297787,0.23384044,0.1724693,0.20371707,0.111251004,0.18053216,0.29891047,0.29482472
BC2026_Train_0010_S09_20250828_000000_15,0.060079236,0.09029885,0.075039834,0.26203513,0.0032569668,0.22980092,0.05845472,0.06571309,0.033658024,0.098971575,0.27338085,0.046753865,0.034496155,0.00062460545,0.0027718754,0.17206377,0.028990477,0.036723383,0.2450318,0.117767036,0.10901395,0.09307771,0.13330343,0.06291318,0.3292606,0.008411405,0.10551718,0.20961756,0.082675844,0.24703662,0.14200155,0.09686454,0.15933332,0.1189995,0.06339234,0.12828085,0.19735281,0.10389279,0.082633406,0.1877366,0.15264025,0.06558547,0.15096395,0.10436267,0.10024315,0.09885581,0.15945701,0.09252111,0.057327013,0.08898367,0.12085841,0.13375154,0.14215593,0.16182923,0.27045476,0.0014086694,0.110165834,0.19461982,0.014957483,0.1323336,0.31687,0.02449581,0.1807603,0.30050856,0.07611051,0.0476742,0.12136276,0.031718183,0.025507402,0.21776998,0.029305134,0.027495362,0.19838817,0.1467837,0.24394806,0.2228974,0.21555042,0.28293353,0.1443074,0.18191475,0.2461312,0.24188037,0.29674694,0.070497,0.25495827,0.2491464,0.19250563,0.23598841,0.22660041,0.22521228,0.27642697,0.21402042,0.16362025,0.22543766,0.19884852,0.29493403,0.16473368,0.37526536,0.19560817,0.26116818,0.27660495,0.089891,0.29834104,0.3567505,0.30165508,0.16920799,0.16293544,0.10150005,0.27025238,0.18976377,0.16432083,0.29551283,0.12812932,0.22904293,0.28438786,0.26117095,0.18537013,0.24523,0.18017398,0.2882096,0.26848269,0.25920624,0.2732681,0.27321962,0.2722265,0.21393019,0.2642703,0.18052632,0.18144935,0.26398772,0.25260973,0.29814783,0.17785612,0.1576632,0.2533276,0.19235338,0.28135273,0.2736999,0.27998605,0.24538073,0.127236,0.22074017,0.27340156,0.26573423,0.21424228,0.08796053,0.2599316,0.2493672,0.24338716,0.25042304,0.2952282,0.18357424,0.1925851,0.26877126,0.2542385,0.17016745,0.21155824,0.14971074,0.19737014,0.14144252,0.10932481,0.21695423,0.1271146,0.26325345,0.20607996,0.27671534,0.2653485,0.11875003,0.2127938,0.2847749,0.2871406,0.07833013,0.18071342,0.2184729,0.24136375,0.224952,0.20044619,0.18822357,0.23073445,0.298781,0.26775423,0.1114254,0.20814568,0.23212661,0.15446964,0.12321771,0.111519136,0.17411107,0.22197121,0.29962885,0.29797637,0.28695464,0.14095595,0.27699563,0.25880888,0.24063024,0.25119367,0.25593564,0.2518176,0.2170994,0.18453799,0.24207778,0.15090492,0.242431,0.22077775,0.2943839,0.27569005,0.2861419,0.15347788,0.26283777,0.19969611,0.26411566,0.16769741,0.25347647,0.33405942,0.32306096,0.26509884,0.21089585,0.22188288,0.1714261,0.27659315,0.14474739,0.115725875,0.23055644,0.19660938,0.43897387,0.14237101,0.28313783,0.17464651,0.24095565,0.07441369,0.27441588,0.21690993,0.25870973
BC2026_Train_0010_S09_20250828_000000_20,0.056805156,0.082545556,0.062333588,0.38018006,0.0036486937,0.17403673,0.0696427,0.09277309,0.03651075,0.115823396,0.30263543,0.06706012,0.029900687,0.00070595066,0.0025302372,0.18131022,0.026842576,0.025943756,0.17827845,0.068453185,0.09322742,0.08180398,0.17318755,0.06640755,0.17076826,0.0067844773,0.08367972,0.22687721,0.07754399,0.27510837,0.13506138,0.06681095,0.13695182,0.09063668,0.048897866,0.0995488,0.18609667,0.08469522,0.055474747,0.1576965,0.12516479,0.040828988,0.14024466,0.09517206,0.07848897,0.08096729,0.13454162,0.06764207,0.06255929,0.07013295,0.1315884,0.11799914,0.12123011,0.13017759,0.24452679,0.0014704784,0.09886716,0.21134016,0.015401166,0.12384785,0.3300015,0.018822402,0.20424698,0.27216196,0.07513912,0.03728992,0.09317137,0.021078466,0.016973203,0.0957636,0.03826744,0.026787868,0.17928109,0.26492807,0.27356014,0.21628076,0.19754802,0.2912149,0.21788965,0.20080054,0.15146285,0.19181411,0.26039073,0.07045812,0.22510608,0.23311964,0.24886362,0.29457372,0.23895268,0.1749924,0.2748961,0.2445699,0.13922817,0.19893828,0.16872075,0.23718302,0.21333374,0.36152926,0.29764828,0.13525698,0.24468729,0.1049701,0.2931627,0.3413405,0.29918775,0.22652638,0.20158954,0.10919705,0.23991589,0.2582186,0.18736248,0.29703552,0.14607106,0.29676104,0.15999964,0.29929408,0.14438877,0.24640974,0.21962214,0.2768759,0.228782,0.26957366,0.2199166,0.26015827,0.26758334,0.2462675,0.28440756,0.19275399,0.21133302,0.2844977,0.15698488,0.27751467,0.19907275,0.26706788,0.24940556,0.14286314,0.23740874,0.27047363,0.23370004,0.28639084,0.12955004,0.2281902,0.13209863,0.19919336,0.13566986,0.15654045,0.26528287,0.28795046,0.28169444,0.29369754,0.17996489,0.29821783,0.21687481,0.2644413,0.20894314,0.2061943,0.21878769,0.17999002,0.22463773,0.2593774,0.2723693,0.2403788,0.12788334,0.22427174,0.23477773,0.26471853,0.21433677,0.27870265,0.20864078,0.29660255,0.28456318,0.11493117,0.18878652,0.24680348,0.2857072,0.1437928,0.09535916,0.26496017,0.2045568,0.2071181,0.20897366,0.16355504,0.19834417,0.21968988,0.1464035,0.14939454,0.071599565,0.27587605,0.19062802,0.29957303,0.17771807,0.22785576,0.24109766,0.30021873,0.26280108,0.24644138,0.15214232,0.263648,0.2655232,0.17133859,0.2699892,0.19402339,0.121646605,0.2516235,0.2898442,0.24692392,0.20558193,0.27145487,0.17494892,0.2865628,0.27257076,0.24102746,0.13967788,0.2703295,0.3195466,0.3139684,0.26522386,0.24474686,0.28417334,0.13710365,0.19021732,0.28361654,0.10474821,0.17079128,0.15583807,0.43197843,0.2507701,0.21766576,0.14006515,0.24807282,0.09994645,0.14557777,0.2585309,0.25371772
BC2026_Train_0010_S09_20250828_000000_25,0.06909514,0.11114327,0.076214224,0.3646425,0.0032337282,0.20595716,0.060890153,0.07643262,0.039303727,0.11167627,0.2940458,0.060951225,0.043187343,0.0006549379,0.0025676624,0.19350283,0.09576656,0.024041,0.22059622,0.09496338,0.21142127,0.09316863,0.11620617,0.08353098,0.286421,0.0071474765,0.104126215,0.17511591,0.08624372,0.24254805,0.129648,0.119204745,0.15195629,0.11196188,0.079786435,0.1348848,0.21738228,0.119301364,0.07955713,0.18384627,0.16205852,0.07592797,0.17031959,0.11752541,0.12359731,0.10085629,0.16641316,0.1285464,0.066717654,0.09788418,0.15813805,0.1504761,0.14303085,0.16139248,0.25892907,0.0013029836,0.13574758,0.19513553,0.014825784,0.14557178,0.30665207,0.03289876,0.16318364,0.36193323,0.0859337,0.03618485,0.10831998,0.029487373,0.030830283,0.114877686,0.039603055,0.034403518,0.22381751,0.20038244,0.25564516,0.23212212,0.2631678,0.29038295,0.22459781,0.15424371,0.19367905,0.17838313,0.25004098,0.24539983,0.26083285,0.2405853,0.17256421,0.2679071,0.29838353,0.20385838,0.29168397,0.28788367,0.19956674,0.15010765,0.21387175,0.29941508,0.20555235,0.35896653,0.22195156,0.21636051,0.2629997,0.15743384,0.29809177,0.35658723,0.30108726,0.25122187,0.19495402,0.17929973,0.259549,0.2604831,0.24720454,0.28809676,0.22670202,0.2667969,0.2741423,0.28952655,0.23183358,0.27582246,0.20635253,0.26598027,0.27365232,0.21219145,0.2745959,0.30510035,0.26203054,0.27249685,0.19948216,0.18386564,0.26586708,0.29484385,0.20408075,0.29812723,0.15597263,0.24961193,0.24401897,0.15422626,0.28686053,0.2620627,0.20671237,0.21084197,0.25919932,0.22411615,0.28850338,0.2403766,0.18483528,0.27923536,0.2589082,0.18326828,0.2196542,0.27480617,0.25078863,0.22059548,0.26669532,0.15892808,0.2768441,0.21250549,0.19124913,0.22408684,0.2235016,0.20744498,0.18609157,0.29562962,0.124791995,0.23425841,0.24046059,0.28855276,0.2467343,0.18500313,0.23063828,0.28121734,0.28589126,0.13681684,0.19660899,0.28369433,0.28023514,0.20811352,0.24859521,0.2415714,0.27736285,0.28618705,0.22854164,0.19902559,0.26667508,0.25797775,0.1779827,0.22030497,0.0932941,0.18136506,0.22200988,0.29981384,0.19618288,0.27218994,0.1705424,0.27060387,0.28043285,0.290303,0.2583763,0.28793213,0.27114284,0.25040233,0.2500441,0.26574242,0.10802661,0.27536634,0.24816118,0.2622017,0.23881665,0.2982716,0.15941854,0.22392926,0.19922201,0.2635703,0.17782556,0.2781416,0.3380376,0.31009167,0.24499679,0.25321406,0.2390568,0.18056343,0.17339455,0.21659587,0.24827904,0.19470268,0.2482483,0.44618893,0.17505804,0.2651965,0.14696714,0.25341913,0.13583675,0.24886595,0.26816642,0.28130886
BC2026_Train_0010_S09_20250828_000000_30,0.051181324,0.08921249,0.060498282,0.19949153,0.0033085495,0.22581646,0.062416144,0.06989734,0.035560258,0.10015692,0.31708646,0.06691445,0.047365755,0.0006155699,0.0022986894,0.17653982,0.02332165,0.025136147,0.26380098,0.09051959,0.15423328,0.09002732,0.13537383,0.16420127,0.2508975,0.0071832924,0.11379916,0.23726027,0.08863502,0.25830367,0.14497343,0.07751892,0.15335493,0.10929873,0.059320144,0.12549472,0.22268681,0.09768917,0.081813514,0.17287691,0.14889668,0.05402825,0.15586737,0.0883718,0.0876627,0.092432484,0.15409064,0.09534611,0.048984896,0.072495736,0.13806815,0.15108803,0.1392818,0.14284572,0.26359826,0.0013473572,0.12066305,0.18812935,0.013916008,0.14669545,0.2944585,0.025471613,0.14946358,0.26300853,0.08419451,0.04222431,0.107202545,0.041800637,0.01846987,0.13135001,0.027809773,0.027563527,0.20212519,0.27778542,0.30996186,0.252997,0.22670652,0.2889024,0.2097939,0.18806481,0.1478139,0.19681154,0.23819523,0.043127578,0.1992248,0.29037362,0.28239462,0.26238406,0.24786128,0.23277105,0.26257017,0.26628745,0.17230885,0.23548749,0.12972097,0.26325947,0.19407177,0.43038183,0.20734237,0.17410287,0.2382248,0.16436395,0.29883277,0.34489363,0.2986182,0.18087561,0.21777593,0.106513575,0.24873248,0.23958027,0.17773068,0.29947194,0.18015273,0.2694775,0.15712537,0.27262753,0.19125938,0.28729165,0.25470838,0.26858044,0.19348232,0.27127638,0.2683774,0.25049028,0.25793922,0.15409353,0.19577593,0.20222853,0.20322488,0.2862529,0.12855929,0.29098397,0.2192173,0.16743925,0.24298136,0.17782807,0.2658947,0.29958805,0.21551773,0.24776036,0.13234738,0.27561343,0.15400352,0.23283876,0.1491575,0.16142397,0.26492304,0.24839287,0.23467949,0.24257839,0.19816288,0.18590862,0.16923293,0.27164707,0.22222199,0.19300622,0.22010928,0.15105139,0.24575928,0.1292577,0.12069703,0.22158904,0.1511568,0.28500563,0.21978734,0.29076558,0.2821166,0.24602093,0.26034924,0.29195577,0.27137145,0.11996,0.22218587,0.26645312,0.24189839,0.17513476,0.13953245,0.26726308,0.25564906,0.28430647,0.25618106,0.115104064,0.19951594,0.21138412,0.15060891,0.15555558,0.13680997,0.26666206,0.24147822,0.29894316,0.18492714,0.23019181,0.19105887,0.2746856,0.2809075,0.27402142,0.17026049,0.29543117,0.20138411,0.21403451,0.2729922,0.15874228,0.12461294,0.2921591,0.25660005,0.28491616,0.19757465,0.29076847,0.11497936,0.26253995,0.2516686,0.29315516,0.1579204,0.24142097,0.3163328,0.31775498,0.2905124,0.19975166,0.25212702,0.15211095,0.26202196,0.22489642,0.16857691,0.19627689,0.18775019,0.44611114,0.20628195,0.23170032,0.14242968,0.22177137,0.072097994,0.17180271,0.23543325,0.29385588
BC2026_Train_0010_S09_20250828_000000_35,0.0328272,0.078257956,0.062037252,0.21591142,0.003368135,0.22093624,0.12693459,0.1318084,0.03539715,0.10987274,0.36232,0.049784496,0.06697231,0.00067286915,0.0023963866,0.19116727,0.034584194,0.028727992,0.32016128,0.22658335,0.13916926,0.08784486,0.21500064,0.076186806,0.2612906,0.0069681588,0.1315236,0.2356509,0.09259226,0.23385651,0.1400423,0.06962484,0.15410599,0.09154645,0.05122914,0.10080669,0.16793533,0.094677284,0.06496455,0.17360859,0.14462535,0.04735408,0.15153559,0.11703652,0.08700883,0.09041295,0.15189919,0.06645497,0.06100946,0.07439125,0.1642887,0.13708694,0.14164713,0.12056208,0.2850047,0.0014505228,0.10671307,0.21475993,0.015483683,0.21706432,0.37494802,0.02469662,0.14437863,0.24252889,0.09847763,0.048960395,0.21003659,0.04789427,0.014757918,0.13617083,0.042877913,0.027785612,0.16734974,0.11971256,0.3028452,0.23093338,0.21567212,0.262973,0.27215105,0.280945,0.17624205,0.13786863,0.2519165,0.1065779,0.27263936,0.2756072,0.21921529,0.29496637,0.24319252,0.15201233,0.29154387,0.26896787,0.15011778,0.17474853,0.25404444,0.24506213,0.24749754,0.41792256,0.277757,0.16196449,0.22315705,0.107962504,0.29402992,0.3331573,0.30177072,0.2775852,0.16882968,0.121108666,0.21412334,0.23622045,0.14637455,0.29956627,0.116405115,0.2633351,0.12165285,0.29180798,0.2183402,0.20354035,0.19884856,0.266557,0.29846302,0.26391307,0.25356779,0.2675515,0.2914968,0.25271308,0.2922883,0.2092168,0.19024478,0.29745954,0.12157435,0.2796367,0.26050347,0.16410798,0.26306453,0.1090163,0.28520584,0.2850119,0.22186267,0.23823223,0.20060734,0.2028257,0.14007051,0.21944785,0.19844256,0.22926846,0.24628212,0.19656181,0.27658486,0.2881378,0.21821642,0.2992425,0.1767779,0.23343116,0.23231274,0.21445784,0.15226778,0.16207348,0.22876534,0.25596267,0.28964594,0.24620931,0.21038854,0.24614276,0.20262393,0.28176203,0.2888524,0.16778894,0.16151941,0.2939015,0.28909802,0.20895968,0.22412188,0.21820047,0.25496525,0.19359496,0.12317164,0.28201726,0.22102804,0.24856536,0.1932664,0.12364118,0.1493488,0.1854405,0.15519542,0.15989722,0.084294364,0.22951679,0.18276612,0.29595774,0.16822486,0.26201424,0.29220954,0.25178695,0.24659002,0.22609234,0.19348629,0.2434391,0.2915378,0.2088163,0.25423056,0.20472462,0.15887079,0.28071526,0.2952859,0.27321154,0.2341214,0.2917525,0.1398585,0.25356194,0.26818582,0.24802966,0.2735046,0.23145531,0.32025155,0.31567216,0.24608052,0.17959969,0.25873515,0.15256765,0.20084329,0.17185692,0.1958586,0.16835125,0.1559354,0.43804875,0.24113528,0.28820458,0.11604356,0.25793952,0.08616206,0.18548308,0.23909073,0.25242984
BC2026_Train_0010_S09_20250828_000000_40,0.052850075,0.0948445,0.062730156,0.20617491,0.0030933965,0.19076487,0.09042572,0.15387543,0.03607063,0.113230176,0.27004755,0.051736582,0.041956913,0.000640181,0.0024762824,0.21383321,0.022947676,0.022729233,0.20808968,0.09144119,0.14745161,0.085910395,0.14314431,0.09190281,0.21189737,0.007143744,0.1425361,0.20183703,0.1237981,0.29697016,0.13418421,0.09626484,0.15473111,0.09262736,0.05500583,0.109884575,0.18962958,0.111745045,0.06665605,0.16847931,0.14333734,0.054834336,0.15359493,0.11534338,0.107103154,0.08932217,0.1576892,0.09600872,0.07109493,0.084199235,0.16027686,0.14994119,0.13667563,0.12987885,0.27227306,0.0013478645,0.11670904,0.2103941,0.019639822,0.1022805,0.33790648,0.021617392,0.1580718,0.24095301,0.096193016,0.035153173,0.18942189,0.024373233,0.01839104,0.15569858,0.041492317,0.02470287,0.13138291,0.28464195,0.33150363,0.2902363,0.25514966,0.27754268,0.28182137,0.15445429,0.14262684,0.13968338,0.21621677,0.13061792,0.20796126,0.27726963,0.22585496,0.2807366,0.19620886,0.16422936,0.2826526,0.26106867,0.17775038,0.22892193,0.2840262,0.2943086,0.22229527,0.35938942,0.28509825,0.23776238,0.24555151,0.12162562,0.28638792,0.35998017,0.3003613,0.29595828,0.16164649,0.108354524,0.25424716,0.28131968,0.26245788,0.2926039,0.15589403,0.2859683,0.1256865,0.2917151,0.19849378,0.2953007,0.21689145,0.23136355,0.29506263,0.30088302,0.2453049,0.26801327,0.24701285,0.22122826,0.27384827,0.2130424,0.19877765,0.28802803,0.24651803,0.28902435,0.17758001,0.194402,0.2791545,0.11512541,0.30007106,0.29803386,0.25910747,0.23633772,0.12227342,0.21031386,0.19530883,0.2098414,0.3068098,0.20783587,0.26623213,0.28751922,0.315687,0.29515514,0.1784811,0.29604578,0.25833642,0.27123412,0.22785376,0.24765252,0.24415985,0.16352071,0.29142284,0.2255277,0.25082582,0.26562366,0.14738014,0.26233298,0.23256317,0.285709,0.26313823,0.2372522,0.19927174,0.2908484,0.29039252,0.09323603,0.19891877,0.28272033,0.27206895,0.28971535,0.20732668,0.23555501,0.21551424,0.27731797,0.22910896,0.12968008,0.21107092,0.19944735,0.29397112,0.17703359,0.11778847,0.26710317,0.26449886,0.29728895,0.2353865,0.26470718,0.2761336,0.29730988,0.2366272,0.23913053,0.18747191,0.26134592,0.27828816,0.2342888,0.26245382,0.15225361,0.18214037,0.2402792,0.27571774,0.26895735,0.29639885,0.29609284,0.18140191,0.2524026,0.27653834,0.30362716,0.14240351,0.2011166,0.32375035,0.3108653,0.24760477,0.18183649,0.2845245,0.10541733,0.21471003,0.19428451,0.21119694,0.18737717,0.27066177,0.41526586,0.17557196,0.24922206,0.12667325,0.26603994,0.2067206,0.12961154,0.23738858,0.27647418
BC2026_Train_0010_S09_20250828_000000_45,0.045798577,0.096041575,0.053387545,0.16414809,0.0030664802,0.20147392,0.055285253,0.080638975,0.032383513,0.09608024,0.29110748,0.048602942,0.02885112,0.0006043258,0.002242887,0.1868417,0.026690366,0.024995835,0.20102647,0.10667419,0.12560375,0.08994759,0.23118491,0.08956251,0.220054,0.0075231954,0.13233101,0.2305123,0.14942217,0.28036144,0.1350939,0.08732378,0.14967494,0.10747397,0.06394146,0.1291047,0.2037625,0.09933718,0.07842474,0.1733803,0.15044554,0.056442916,0.15783395,0.10804961,0.094792075,0.0954334,0.16646583,0.0953356,0.046016008,0.08196264,0.12736747,0.15474781,0.14347136,0.15223859,0.26480174,0.0013387182,0.11239072,0.1850676,0.013397604,0.14437664,0.26131958,0.021334276,0.16298243,0.2528298,0.0854467,0.038754575,0.13011819,0.036502175,0.018465923,0.15907784,0.028738935,0.028595341,0.21308807,0.15557584,0.27477401,0.2733226,0.23369493,0.2579092,0.21110618,0.26360914,0.14246924,0.09660528,0.26360548,0.11543903,0.20339249,0.25657392,0.1728079,0.25592315,0.23356849,0.16886154,0.26736453,0.20464915,0.17448112,0.27971807,0.19555722,0.17678513,0.19540308,0.38650608,0.2214536,0.22623111,0.24962735,0.101155564,0.28390408,0.33409974,0.30012307,0.21047668,0.19829388,0.120088466,0.26931766,0.21661356,0.16692099,0.29988813,0.10786797,0.22947693,0.18152635,0.25249967,0.19902457,0.20108496,0.18924466,0.24637893,0.27817094,0.24836825,0.22870097,0.2515776,0.2766222,0.16556062,0.21432123,0.2670065,0.19522457,0.29027665,0.1784327,0.27991945,0.20771661,0.21653771,0.23028965,0.14644566,0.29644892,0.2819272,0.17841507,0.22724399,0.1481002,0.19048141,0.14030148,0.2728928,0.22526939,0.19972716,0.25705245,0.22077797,0.29375327,0.23640276,0.22980508,0.101277836,0.1485024,0.25824475,0.2684,0.205254,0.13207139,0.22119288,0.2523519,0.16200796,0.08282184,0.20768416,0.18896432,0.23139957,0.1962425,0.29067016,0.28504235,0.26274496,0.20145796,0.29525298,0.25499094,0.066339985,0.22747582,0.23228174,0.23084036,0.18133649,0.13732262,0.24942939,0.20047534,0.25663385,0.20578475,0.1475153,0.16978523,0.18900232,0.20712271,0.12303905,0.07846337,0.25113192,0.2114781,0.2785851,0.1567342,0.27906868,0.120186046,0.27037558,0.25099325,0.21322764,0.18891332,0.24369344,0.22674054,0.22729243,0.2331715,0.14099078,0.119534954,0.27484557,0.24581988,0.25840637,0.25039166,0.29432467,0.17146347,0.23939946,0.21761619,0.26369086,0.12673339,0.24603198,0.32821846,0.3193737,0.20811462,0.27393824,0.21243855,0.112759635,0.17053896,0.14858519,0.19924165,0.14200824,0.14132702,0.46690917,0.19627468,0.25687408,0.13092041,0.24488766,0.07789876,0.22684543,0.24421681,0.22310348
BC2026_Train_0010_S09_20250828_000000_50,0.044109445,0.078562275,0.06821523,0.18400952,0.0033812793,0.18197672,0.055003896,0.07467144,0.03667203,0.09665062,0.29659957,0.06893866,0.02774075,0.0005797553,0.00242285,0.16066895,0.022267675,0.024832731,0.23491517,0.09803268,0.17751378,0.0876884,0.16664672,0.061534055,0.20165613,0.006349534,0.099771924,0.23511326,0.091511324,0.24518834,0.12676963,0.078378975,0.1478568,0.10922531,0.054224156,0.13209404,0.20110388,0.0894962,0.08328182,0.16859022,0.14226332,0.05410657,0.13939106,0.09175249,0.08255521,0.07933513,0.14611098,0.090956554,0.041442897,0.07413478,0.1198748,0.14017427,0.12843117,0.14356163,0.26162127,0.0013631863,0.114691116,0.19483134,0.016699528,0.16975036,0.2704122,0.022782393,0.1438114,0.24805307,0.08199637,0.046793096,0.10788041,0.024984634,0.018958205,0.12328524,0.028509278,0.026610777,0.20909686,0.15724266,0.2510115,0.2620043,0.23980585,0.29034168,0.19610704,0.18005061,0.11674027,0.16615576,0.26908615,0.03727965,0.20464124,0.25692296,0.21135348,0.21861072,0.18549217,0.1680856,0.272374,0.2704583,0.15448658,0.24121155,0.22845781,0.20892869,0.1754657,0.40731388,0.21482539,0.24023388,0.23517533,0.11330366,0.2996987,0.35346505,0.30039948,0.1698288,0.19645955,0.10005584,0.20220536,0.24991426,0.17654036,0.29580995,0.19062503,0.24421163,0.1292613,0.24208666,0.18456899,0.22667329,0.15563089,0.2529073,0.2098897,0.25964117,0.2375904,0.23039493,0.25609538,0.12863831,0.23841819,0.16789323,0.23289661,0.2704682,0.13030717,0.28299642,0.18671793,0.1658078,0.21677712,0.121931866,0.240915,0.2929736,0.2563409,0.1963663,0.1642676,0.21900672,0.13703373,0.2591764,0.15708828,0.09425777,0.27849546,0.25654218,0.24571821,0.23155141,0.15979251,0.14695072,0.16782004,0.25603324,0.20067042,0.14425993,0.21563785,0.1481664,0.23294154,0.21240973,0.08663121,0.19181591,0.17343253,0.28174588,0.24267423,0.2713263,0.28362834,0.17239034,0.22803354,0.28762326,0.27853122,0.08657775,0.19537681,0.24275197,0.17654778,0.20551531,0.11305316,0.23961487,0.16700318,0.28032118,0.29976362,0.10827973,0.1861715,0.19801679,0.13936463,0.12009786,0.08130718,0.21607263,0.23918194,0.29365167,0.19465594,0.24579464,0.16126847,0.27285463,0.25455904,0.22157691,0.17613833,0.28561914,0.2269853,0.18780363,0.25625125,0.1350112,0.13826734,0.2800827,0.24476449,0.27031475,0.27624562,0.29050395,0.16416329,0.2596972,0.24693947,0.28873932,0.20222272,0.23495047,0.3257232,0.3136979,0.28192022,0.19622496,0.24287967,0.116172776,0.26754144,0.14446042,0.10659528,0.15098497,0.21920013,0.44162458,0.22431688,0.2382978,0.14862864,0.19802237,0.05927401,0.20442599,0.22117542,0.27614376
BC2026_Train_0010_S09_20250828_000000_55,0.056222476,0.083795115,0.062008236,0.18215115,0.0036752254,0.202495,0.07387423,0.10773935,0.03558465,0.116823204,0.2895035,0.0757949,0.030264966,0.0007288174,0.0028226394,0.17691903,0.026401022,0.024653189,0.29234505,0.06821653,0.15761054,0.075415924,0.1527368,0.05926133,0.24694866,0.0065539484,0.1026936,0.2464288,0.080656454,0.25775588,0.1457351,0.07766365,0.14207976,0.087546356,0.047319856,0.09615329,0.19032715,0.099938415,0.058116417,0.16855098,0.13143256,0.041846327,0.13799986,0.09775816,0.081440896,0.078217685,0.14656538,0.0708132,0.061022304,0.07363688,0.15402943,0.13066632,0.12421815,0.12160536,0.25508112,0.0015616572,0.10236943,0.2119021,0.013775148,0.0914651,0.3337047,0.022905141,0.13566047,0.2407378,0.09124187,0.04372659,0.12068764,0.021544445,0.019727457,0.122778796,0.041581154,0.03057302,0.16784638,0.13281548,0.2424274,0.2257373,0.21699624,0.2706681,0.2705404,0.22738722,0.15717553,0.13949686,0.20144328,0.08002686,0.26880798,0.27411148,0.26982388,0.29796264,0.20434847,0.15575229,0.29787686,0.27588356,0.1873748,0.1788055,0.17676173,0.26124948,0.2754152,0.39994583,0.29134965,0.17350826,0.21039721,0.10485421,0.2980453,0.34203342,0.29924846,0.21419531,0.17736672,0.09819539,0.23369694,0.27379856,0.15970837,0.29534808,0.13697562,0.26290432,0.13143694,0.30146632,0.17620079,0.28648743,0.19458191,0.28514653,0.19762813,0.28353497,0.22668901,0.27290916,0.28779697,0.25579652,0.2911741,0.19657274,0.16046637,0.29758227,0.21708544,0.2832561,0.16011044,0.2713466,0.22514006,0.17212449,0.27940276,0.27071705,0.18772657,0.2709328,0.12305509,0.26450914,0.14912133,0.2165832,0.16369255,0.20647208,0.29606235,0.1964739,0.3374135,0.2866163,0.17187081,0.29964754,0.16881582,0.20643972,0.21485274,0.22342533,0.15803346,0.14405946,0.23039594,0.18454042,0.30059364,0.26219717,0.11372793,0.25709355,0.18015884,0.28814676,0.27512443,0.19781123,0.22468567,0.29851764,0.2872739,0.15330252,0.21454285,0.25172773,0.3018674,0.20117992,0.16277388,0.21952458,0.24647333,0.2634362,0.24196865,0.14883038,0.16120562,0.1695307,0.096985,0.19405179,0.0997722,0.2238554,0.22684613,0.2997041,0.1828075,0.25767395,0.24829447,0.26106787,0.2500173,0.22972614,0.14888273,0.25292385,0.29264456,0.28239498,0.26356494,0.21728504,0.107984014,0.2811253,0.29747212,0.2587101,0.21014011,0.2931648,0.15488654,0.28664145,0.28903067,0.275905,0.20607567,0.2627352,0.32368603,0.31388718,0.29341578,0.27599448,0.29348946,0.1259322,0.25195813,0.1670912,0.19510019,0.1989856,0.22824062,0.4364609,0.1654804,0.25397027,0.15599841,0.26420984,0.0673062,0.161908,0.25034449,0.29042643
BC2026_Train_0010_S09_20250828_000000_60,0.058336195,0.08585965,0.06792024,0.18459931,0.0032962437,0.21077509,0.12111184,0.08081973,0.039139636,0.11202767,0.27187234,0.09528771,0.032025967,0.00078350876,0.0028840115,0.1977202,0.021563,0.029679084,0.27566594,0.07854424,0.11871951,0.07563486,0.20292619,0.065332614,0.18493253,0.0072800177,0.14322843,0.21309507,0.14852647,0.2467703,0.13623188,0.075187795,0.1388507,0.077502824,0.052033912,0.10092144,0.18831971,0.097632505,0.066902,0.15336168,0.13736825,0.041215904,0.12234298,0.09915416,0.08911988,0.07476454,0.13522582,0.0759644,0.06651173,0.06706728,0.13021037,0.12099768,0.11312525,0.12627715,0.25485268,0.0015853809,0.09296556,0.22235319,0.019238455,0.11024241,0.2777623,0.01970969,0.17066085,0.24207859,0.085200354,0.0505246,0.17382196,0.027148964,0.028943244,0.159903,0.037738614,0.0315349,0.16512051,0.26986465,0.27355334,0.22688724,0.21446082,0.27532175,0.17709185,0.15441953,0.18977492,0.1823357,0.20496745,0.08029272,0.19923922,0.26096064,0.25359583,0.29789478,0.25787064,0.22128151,0.25399908,0.2680397,0.1254185,0.18546556,0.26534572,0.27137005,0.17667696,0.37928456,0.29920763,0.20565704,0.21322873,0.09025126,0.2862415,0.36328694,0.30126056,0.263616,0.23089242,0.17495897,0.26334804,0.2673437,0.23461531,0.2771131,0.08479181,0.2568952,0.14058371,0.29787123,0.17364714,0.21989092,0.20639436,0.29551792,0.29603505,0.26915836,0.24612592,0.26263383,0.24872659,0.24522145,0.24679379,0.19261909,0.18558943,0.29516116,0.26580065,0.2833276,0.15594411,0.25946492,0.22784099,0.11871117,0.29984015,0.26932716,0.23523945,0.23338404,0.10880964,0.23305258,0.15510502,0.24114549,0.23490632,0.20522626,0.24534674,0.24623027,0.27150577,0.29018292,0.15685779,0.2970516,0.2562289,0.19281831,0.23563631,0.23598771,0.15435907,0.13451867,0.207048,0.21975015,0.21289816,0.22518833,0.11506509,0.1974602,0.22275802,0.29454714,0.266264,0.2325614,0.22590545,0.2880578,0.2899729,0.09263555,0.2084482,0.24020909,0.24266317,0.15048145,0.10803534,0.2017831,0.23847032,0.25785035,0.19903976,0.14164795,0.20079911,0.16754141,0.15087286,0.19510636,0.13580106,0.26741695,0.2114895,0.29703408,0.19226384,0.25504398,0.23445286,0.2824781,0.26122788,0.2569732,0.22198512,0.27667972,0.25178808,0.2366475,0.24645798,0.1778916,0.20526168,0.27113795,0.2828286,0.2422285,0.2681387,0.28795123,0.24949174,0.29349858,0.26677075,0.28541267,0.2083332,0.23490615,0.3202319,0.32107925,0.23349693,0.22540179,0.2896745,0.14091066,0.20249325,0.1671288,0.19151205,0.17402014,0.13133208,0.4477185,0.20505966,0.26514772,0.18255953,0.26465458,0.099207915,0.11747034,0.22868685,0.26949808
BC2026_Train_0011_S03_20211114_200000_5,0.08536842,0.07140148,0.067733124,0.40106565,0.0033833613,0.22224784,0.18957037,0.2513604,0.21438038,0.37583086,0.79379714,0.11298594,0.087821715,0.00080632104,0.0018698147,0.21373272,0.11318496,0.023431316,0.43220896,0.22454464,0.22628607,0.08327769,0.2196419,0.27849016,0.30585092,0.009694558,0.16889574,0.24584664,0.09247995,0.32223943,0.10228121,0.06185155,0.10974864,0.1155775,0.04558813,0.11060151,0.14289197,0.08330226,0.07776605,0.15558974,0.14041154,0.06042034,0.1369779,0.081404045,0.09927819,0.07015783,0.15737972,0.08471643,0.047480814,0.08352576,0.14571166,0.103226826,0.114123166,0.14708981,0.20765743,0.0010181838,0.06220745,0.26388443,0.012307876,0.16123651,0.32294738,0.04043754,0.28625494,0.48205495,0.11856876,0.042124648,0.19616447,0.050287057,0.021645693,0.15499195,0.022000507,0.02338853,0.18197618,0.22115211,0.31262004,0.22633131,0.20500201,0.285673,0.2190026,0.27725112,0.25953376,0.1882592,0.2981144,0.13772127,0.2599822,0.26709884,0.26823863,0.1997108,0.24758324,0.22187832,0.29254737,0.24670254,0.17558761,0.29455855,0.20836027,0.28540146,0.29044205,0.41780117,0.22148496,0.22017913,0.23415183,0.27762088,0.28155765,0.37636143,0.3035921,0.23491204,0.1306225,0.12855765,0.27871287,0.27310598,0.18845636,0.29852518,0.10534657,0.23303843,0.27180913,0.2572384,0.20739107,0.27559587,0.20424008,0.29648462,0.29326352,0.25943083,0.2329275,0.27442923,0.28247935,0.2431777,0.24332447,0.22644062,0.1830967,0.2955749,0.2281019,0.29238978,0.20071696,0.23119305,0.26518357,0.13078603,0.25637335,0.2985573,0.2511643,0.40933633,0.23344004,0.097558334,0.219098,0.21362278,0.28689614,0.2373052,0.22380397,0.20595817,0.31037018,0.24211453,0.24827354,0.15159714,0.27197188,0.24414873,0.2180602,0.25742483,0.160327,0.21363635,0.27372947,0.2610487,0.15951121,0.25852343,0.2855538,0.28306842,0.25256982,0.31219363,0.29035547,0.27986836,0.18723494,0.29477167,0.28177306,0.052787267,0.23061407,0.23661649,0.24472454,0.26548654,0.1606218,0.26513618,0.22806804,0.28439093,0.2730895,0.08999364,0.16521235,0.24208146,0.19277515,0.18108574,0.055756975,0.27013722,0.21384011,0.29085788,0.22337498,0.29545966,0.17922662,0.29536697,0.26950008,0.27806124,0.16798559,0.22826669,0.18047686,0.17404225,0.25435424,0.24294397,0.17009099,0.26923922,0.23595707,0.29064095,0.2669951,0.29415333,0.14794008,0.22415155,0.22241037,0.28028536,0.25578088,0.2697236,0.3467435,0.3379088,0.2683382,0.25493315,0.20965746,0.1963183,0.11867877,0.19036536,0.22797115,0.22164479,0.19686815,0.40186626,0.19304833,0.28968436,0.11417413,0.29450512,0.17396268,0.21912836,0.23240064,0.26565507
BC2026_Train_0011_S03_20211114_200000_10,0.089388445,0.06484969,0.08546229,0.4405535,0.0039489698,0.19426535,0.18741514,0.22371483,0.1869746,0.38507277,0.821033,0.082207814,0.10521947,0.0008607125,0.0017591508,0.18783963,0.06363678,0.0227188,0.3327989,0.1673805,0.23770902,0.07508207,0.16850914,0.2454156,0.27608776,0.009330826,0.12884021,0.23302959,0.08538065,0.24564187,0.09114804,0.052042216,0.095530234,0.106523015,0.03612594,0.104690194,0.1267322,0.073637314,0.06672293,0.1455118,0.11599038,0.04743027,0.120423816,0.07161411,0.09170457,0.05974052,0.14496024,0.07498063,0.035084996,0.0725411,0.14339718,0.1002055,0.10126214,0.13080667,0.21490891,0.0010397678,0.057743084,0.2547532,0.01176551,0.1689868,0.29808193,0.040384,0.26594648,0.41324303,0.1267798,0.034042496,0.17033161,0.051277414,0.033313025,0.13676152,0.016972056,0.024600476,0.25825283,0.18836929,0.2808735,0.23289882,0.22111121,0.28746778,0.15543213,0.18495288,0.2680635,0.14368448,0.29696497,0.12957354,0.25409198,0.27575544,0.18964961,0.2186614,0.2915597,0.20966688,0.2958222,0.22679108,0.19674936,0.31574124,0.20409562,0.28351733,0.27488735,0.40999728,0.22243774,0.232202,0.23721406,0.20167364,0.28159153,0.371928,0.2995941,0.24880771,0.22709838,0.10223702,0.27059814,0.23917854,0.18786861,0.29977766,0.16123015,0.24079835,0.21665321,0.28115857,0.2617958,0.26798797,0.2452336,0.26750645,0.2873558,0.27208665,0.2294182,0.29239175,0.28395554,0.24836533,0.22203569,0.21110734,0.21217099,0.2964922,0.20348577,0.29556695,0.17646563,0.24271263,0.24705884,0.15655883,0.21555108,0.29578185,0.2577431,0.33768654,0.20448619,0.14852159,0.23977748,0.23002662,0.27265987,0.21758689,0.26698953,0.1388638,0.31385705,0.26770803,0.19977736,0.19784564,0.27392974,0.22347571,0.17642863,0.22203088,0.18619448,0.23881043,0.22318879,0.24813926,0.14754058,0.25312787,0.28142402,0.27961928,0.23776476,0.30570155,0.28876412,0.26897824,0.20806344,0.2971093,0.28722566,0.06471858,0.24319114,0.19198371,0.220896,0.27818364,0.18771356,0.22884706,0.22194546,0.2556198,0.28940964,0.08877968,0.2579768,0.21948116,0.2585319,0.1769554,0.07262821,0.2359858,0.23267855,0.29773808,0.22265711,0.2983004,0.20850883,0.27402866,0.2550938,0.26222745,0.20879616,0.2297976,0.1769136,0.17998439,0.27269274,0.20689955,0.1474993,0.27220008,0.260248,0.2884979,0.27291012,0.294597,0.19574386,0.22368133,0.2394234,0.2734055,0.13479587,0.27178577,0.33812177,0.33680832,0.25669083,0.24540512,0.20741077,0.17925465,0.16618808,0.18691158,0.18418294,0.2376652,0.16044974,0.37897867,0.29881373,0.22214994,0.16484948,0.24236728,0.13294494,0.18126167,0.21657895,0.28471673
BC2026_Train_0011_S03_20211114_200000_15,0.09624466,0.07278653,0.100323476,0.44963792,0.0036060717,0.20814073,0.20232469,0.23985794,0.19275959,0.38951024,0.77224815,0.13334629,0.08540145,0.00080168975,0.0017012793,0.20588452,0.084576935,0.022639582,0.42538953,0.16768074,0.20783707,0.074141406,0.22343051,0.24182984,0.30013603,0.009985162,0.1432727,0.26232883,0.097493336,0.30817562,0.099265635,0.059542764,0.11126168,0.10874675,0.043398626,0.10952936,0.13542181,0.08207933,0.07598959,0.1468229,0.13024569,0.055417847,0.1309233,0.080587946,0.09958287,0.07139711,0.16015509,0.07921197,0.04475491,0.0792692,0.14594112,0.1040263,0.11239594,0.14215945,0.20743518,0.0010322629,0.061844002,0.26644638,0.011044639,0.16302319,0.3268392,0.040369578,0.24905363,0.432307,0.14586267,0.036071297,0.17474914,0.049607836,0.035903282,0.14711684,0.02215147,0.024576366,0.15229216,0.19573975,0.32083926,0.27530932,0.24494667,0.2912456,0.1744262,0.27795443,0.23731466,0.17587471,0.2993541,0.11764039,0.26138672,0.26531675,0.22512291,0.21234733,0.20349659,0.22289044,0.27316424,0.25186795,0.21493961,0.3473004,0.1443513,0.2903858,0.2777524,0.42256874,0.19558838,0.25634444,0.22989556,0.18317883,0.2825247,0.37983412,0.3013366,0.26399902,0.1260672,0.11798002,0.23840167,0.24176829,0.21969873,0.2994713,0.12189346,0.20883083,0.24911033,0.2876105,0.22670248,0.28781474,0.2378549,0.276424,0.29642606,0.27464205,0.2448912,0.2593963,0.2798723,0.22487938,0.21307737,0.22245295,0.22794338,0.29923266,0.2624379,0.28459775,0.13125627,0.2498538,0.252648,0.14732814,0.28126466,0.29540503,0.2502176,0.3862278,0.19235052,0.12085987,0.19951604,0.21299264,0.26524776,0.23586185,0.2422792,0.16079046,0.32224673,0.24822067,0.23185286,0.17223126,0.2379871,0.25190052,0.2212188,0.2730518,0.24326603,0.2421703,0.21682903,0.23939519,0.19850494,0.2817622,0.284219,0.26687145,0.24551415,0.31753474,0.2942073,0.2791433,0.20374063,0.2885107,0.26927018,0.05830578,0.26525792,0.23231642,0.21561217,0.2756812,0.14672646,0.26576063,0.2671841,0.29642692,0.28182283,0.09204361,0.18752645,0.22855684,0.2044613,0.19651797,0.069898486,0.2397052,0.20180878,0.29894358,0.1937847,0.28447235,0.18573768,0.28899297,0.24281666,0.27899387,0.22637627,0.21864885,0.23074597,0.26012534,0.27216265,0.221429,0.19802614,0.2941116,0.2605831,0.2925416,0.26538676,0.2972304,0.16518943,0.23183815,0.19753726,0.27884525,0.1453266,0.23724265,0.34327018,0.3523641,0.21628228,0.270065,0.19872478,0.18570396,0.16873734,0.18950613,0.2184591,0.20081177,0.15553051,0.3844957,0.20159163,0.25711972,0.1820806,0.27970126,0.13348734,0.16762577,0.25893703,0.25703448
BC2026_Train_0011_S03_20211114_200000_20,0.113793135,0.077200554,0.09301216,0.46280557,0.004062818,0.21528403,0.2586307,0.26541057,0.22506315,0.3632161,0.7802875,0.10393448,0.1053773,0.0007932047,0.0018723544,0.23180664,0.07211238,0.023968,0.46185416,0.16611049,0.24334505,0.07571693,0.24663302,0.21288514,0.3076478,0.009084134,0.15816803,0.25711587,0.0980067,0.2936875,0.108199954,0.063814126,0.115508735,0.11521493,0.047058403,0.11147775,0.14906693,0.09536572,0.08756778,0.16106829,0.13117613,0.05375299,0.14448741,0.078569524,0.10399363,0.070321396,0.16148628,0.08516444,0.045044303,0.07569763,0.14166662,0.11523868,0.11626706,0.14396138,0.21737728,0.0010438383,0.06907017,0.256528,0.011052771,0.19299401,0.37275666,0.048342805,0.30719697,0.46092862,0.1488913,0.0387612,0.16134647,0.05081129,0.025452783,0.13691342,0.023628607,0.020909384,0.21763447,0.2014643,0.29503128,0.24053755,0.2393284,0.29277608,0.1713153,0.19179723,0.27831286,0.16374744,0.29818502,0.13548066,0.26351053,0.28332457,0.28817979,0.21455052,0.2617376,0.18032633,0.28714502,0.28679276,0.14940928,0.31869963,0.19864255,0.27011454,0.28702992,0.37274396,0.23686905,0.22484893,0.23990023,0.27112544,0.2972301,0.36940932,0.30376136,0.269914,0.20010982,0.10890247,0.27509996,0.28819433,0.22235149,0.29957637,0.2002823,0.25568745,0.18656708,0.30168507,0.17630085,0.2810325,0.21892995,0.28907275,0.2922358,0.28278935,0.25987023,0.28520724,0.2918825,0.22014324,0.24407394,0.23521686,0.2515604,0.2989691,0.22547106,0.29569864,0.20793906,0.24929097,0.27170315,0.21758275,0.18886481,0.29912743,0.26643774,0.4285314,0.23487337,0.14867231,0.25211695,0.24403977,0.2520899,0.18815179,0.28793666,0.20522593,0.2756157,0.24181686,0.23602542,0.20453016,0.21443778,0.2510098,0.24398011,0.2700268,0.2518499,0.215165,0.2064317,0.21546741,0.13193291,0.25829813,0.20117556,0.28570715,0.25958246,0.2954344,0.2891015,0.27400643,0.2295852,0.29123372,0.28942108,0.05192959,0.24082261,0.2570459,0.2557706,0.28951195,0.16585535,0.28231716,0.27888542,0.27253336,0.2866119,0.08759627,0.21302626,0.25696486,0.13633451,0.14426634,0.07388167,0.2745489,0.18940224,0.2981391,0.23911867,0.28715718,0.1771853,0.28592446,0.26998338,0.27462757,0.2552074,0.22646102,0.23594749,0.13212366,0.27946013,0.2536778,0.18053561,0.28391463,0.27594805,0.28862205,0.27710804,0.29703176,0.16689716,0.2256438,0.25229782,0.28890258,0.24146824,0.27157822,0.34975085,0.3412937,0.24068671,0.2617421,0.2263161,0.20467587,0.1828213,0.20506081,0.1862235,0.2462465,0.19462912,0.40460527,0.24405198,0.2519421,0.14260402,0.27819607,0.114254825,0.18439475,0.2864456,0.2775089
BC2026_Train_0011_S03_20211114_200000_25,0.13788196,0.07440957,0.07578359,0.39098313,0.004841492,0.21220806,0.24365589,0.19328128,0.20421311,0.375964,0.78148705,0.12440896,0.0880979,0.0007642374,0.0021009606,0.22201155,0.05935649,0.022524908,0.43630177,0.17247231,0.26033902,0.07154475,0.18388484,0.20613185,0.2736513,0.0070085637,0.13616447,0.22698456,0.10845862,0.28556007,0.09641351,0.06364416,0.10239546,0.102748,0.042473,0.100017354,0.14374676,0.08924601,0.07703447,0.15265962,0.13510187,0.058030926,0.11519899,0.07904695,0.09911035,0.0682138,0.15909861,0.08107593,0.04337671,0.072871506,0.14578077,0.105604194,0.10803379,0.1425764,0.20592734,0.0010463503,0.06982039,0.29508388,0.0123146735,0.18138626,0.36601084,0.031042721,0.21496128,0.43205458,0.12723014,0.04045138,0.15225935,0.04439118,0.021999232,0.11259514,0.023376847,0.029705092,0.15186426,0.24631907,0.23582946,0.22573975,0.257894,0.2937894,0.20170689,0.21867788,0.2002118,0.15314129,0.2974766,0.17529413,0.24578582,0.27670127,0.26818606,0.26624352,0.22417493,0.15395173,0.23801175,0.24999894,0.25239086,0.35111612,0.26409507,0.29211035,0.27038836,0.4066815,0.23862012,0.28198674,0.24240705,0.19878697,0.27096397,0.36723495,0.2992916,0.27426398,0.19742426,0.13571951,0.22088175,0.23195744,0.20545112,0.2994102,0.14114007,0.24306937,0.17979808,0.2784622,0.25198108,0.27519086,0.2231564,0.24448022,0.29743376,0.26935217,0.23772623,0.23989542,0.27278036,0.26521984,0.2559107,0.20878008,0.27898452,0.29760623,0.22499235,0.29178306,0.19565885,0.18969813,0.20596252,0.16446698,0.3011819,0.29612082,0.26686603,0.40441853,0.21104847,0.19633903,0.2323654,0.23801006,0.26129693,0.21956798,0.26303434,0.12974018,0.32656404,0.26254445,0.22373888,0.19556955,0.19224267,0.19165044,0.21037018,0.22346759,0.26127666,0.18343186,0.24473734,0.2304435,0.15868016,0.29082477,0.26117906,0.2715314,0.22439641,0.31110877,0.28400093,0.2513612,0.22618537,0.28653446,0.25386423,0.06288852,0.2118821,0.20118657,0.18999913,0.29329526,0.1361382,0.2893962,0.22066234,0.24395318,0.28014362,0.2091089,0.2107385,0.20527908,0.13680324,0.20522307,0.06748539,0.19844766,0.22858821,0.2988303,0.18318446,0.28985798,0.21079895,0.2835634,0.22749807,0.23027857,0.20765218,0.25073496,0.28443736,0.22178468,0.29447716,0.23054959,0.13040246,0.2901779,0.29051244,0.27865204,0.2925435,0.29005125,0.21615192,0.24730466,0.267928,0.2866763,0.22112763,0.26259914,0.33530974,0.33424655,0.2814532,0.25918645,0.22511876,0.18271132,0.12396103,0.14703044,0.22961825,0.2068496,0.18798792,0.37647468,0.2834851,0.2727425,0.12669773,0.2651922,0.17960364,0.19735342,0.23652533,0.2629887
BC2026_Train_0011_S03_20211114_200000_30,0.12477562,0.06836753,0.06647882,0.41213405,0.0037471047,0.2357984,0.15517823,0.20453991,0.16772462,0.37481073,0.7764795,0.14542353,0.08866352,0.0007066778,0.0021798646,0.20106193,0.068469495,0.025811426,0.37064683,0.12317042,0.26762044,0.07395527,0.24317038,0.18992428,0.285804,0.009148405,0.12952106,0.23635192,0.08157937,0.29655936,0.08952867,0.05584837,0.09739257,0.09460986,0.03433003,0.09260732,0.11923089,0.08254876,0.07219447,0.14933209,0.12815455,0.052131552,0.10348953,0.072158016,0.08626716,0.0528258,0.14412296,0.067362614,0.034295388,0.06794297,0.109767005,0.093719915,0.09494906,0.13712355,0.19844382,0.0010711699,0.05841689,0.33155164,0.008729866,0.16666573,0.28415585,0.039141193,0.28697175,0.41842088,0.11244116,0.034807976,0.16180225,0.041023895,0.030285701,0.119234346,0.021939572,0.02627452,0.19118866,0.22451818,0.28518188,0.22703733,0.21116963,0.29149494,0.25282598,0.14436826,0.18434109,0.15474461,0.29475105,0.1506711,0.27380612,0.25517458,0.25501794,0.2743683,0.22841837,0.14448623,0.24878447,0.28552932,0.15585434,0.29068908,0.29748216,0.2841915,0.24863024,0.38543794,0.21975996,0.29493603,0.22099277,0.24300739,0.28701538,0.35196242,0.30207327,0.24988228,0.12808695,0.119981475,0.24583963,0.26397142,0.25699902,0.29800496,0.2475026,0.26024228,0.21278168,0.2574612,0.21914402,0.25154552,0.18393502,0.2701403,0.29674852,0.2748282,0.1864589,0.2571542,0.2862766,0.22704728,0.20651095,0.23594515,0.22297762,0.29821232,0.26339668,0.28907228,0.17752835,0.2326088,0.20779267,0.15558532,0.28240407,0.2996785,0.25684237,0.39006305,0.15896305,0.2773963,0.20832458,0.24229825,0.24872136,0.20791967,0.26824397,0.13984603,0.257091,0.26807356,0.24316904,0.17891538,0.20732996,0.25166222,0.16856124,0.24446467,0.24855492,0.1969842,0.20542043,0.25062883,0.11349762,0.28413108,0.23671663,0.27291006,0.19564417,0.31059173,0.2791443,0.25415492,0.23189518,0.2885786,0.26246837,0.058469504,0.2000568,0.22425999,0.21735011,0.28651714,0.16417256,0.29858917,0.22647187,0.2819398,0.26904622,0.13382383,0.17778698,0.21464571,0.14205533,0.13126366,0.058546565,0.24958356,0.1632927,0.29875454,0.16707212,0.28955942,0.23580647,0.28611308,0.23124854,0.24483682,0.18717758,0.18691425,0.17723545,0.16431054,0.26753563,0.16754243,0.16576244,0.27578378,0.27585283,0.2795028,0.29787028,0.29213464,0.13046199,0.21179083,0.24043016,0.28222626,0.21766351,0.24229875,0.37186578,0.34820068,0.2244423,0.29182535,0.23994985,0.23007806,0.11123099,0.14213581,0.1978193,0.23003437,0.17017403,0.3713089,0.27912864,0.28092158,0.14340383,0.22322392,0.07831591,0.16751555,0.2537282,0.2664651
BC2026_Train_0011_S03_20211114_200000_35,0.094435126,0.06948386,0.06866543,0.38655478,0.003394276,0.19827257,0.17220284,0.14889416,0.16555883,0.3511864,0.74844706,0.1159091,0.071097665,0.0007066031,0.002226783,0.1877492,0.057305526,0.037663873,0.39537078,0.11916056,0.20164621,0.07297607,0.15711142,0.15900408,0.27976838,0.008219071,0.12370454,0.2513675,0.07545249,0.27325124,0.10026554,0.060312897,0.103298865,0.08963826,0.03946472,0.095424406,0.12939732,0.09692208,0.07589972,0.15046367,0.12993442,0.050110083,0.11044965,0.07156952,0.08415785,0.05797001,0.14750108,0.066850364,0.03656978,0.061094217,0.10848378,0.10018984,0.1019157,0.13602082,0.22475588,0.0010345508,0.06465272,0.32485598,0.008238502,0.1675391,0.29833266,0.037419572,0.31072396,0.39302444,0.11094237,0.034879345,0.14695455,0.03977715,0.028673876,0.11229085,0.025561145,0.033615377,0.17493367,0.2756495,0.31260172,0.26059404,0.22959422,0.2776391,0.27325794,0.18576205,0.24496683,0.13229628,0.29724377,0.12456493,0.25510627,0.24218833,0.28325528,0.2950702,0.24505727,0.22097297,0.25147766,0.25058514,0.16650352,0.24794304,0.26371685,0.2773635,0.15621336,0.3008116,0.29305178,0.26061904,0.23891509,0.19487718,0.28946996,0.3641935,0.30166638,0.26324806,0.2447841,0.10394366,0.2637485,0.24795665,0.20971921,0.29891318,0.22371098,0.22878735,0.23719236,0.26666382,0.15633626,0.21805432,0.21737869,0.25577676,0.28312534,0.28045678,0.2625017,0.2864101,0.27429828,0.20789146,0.24397409,0.23150319,0.2523384,0.29921946,0.24850172,0.2940987,0.107831106,0.18830545,0.18869838,0.1426453,0.28238216,0.29563195,0.26726538,0.35769302,0.25060534,0.28430334,0.27683955,0.25872922,0.27834785,0.17185949,0.27196988,0.19083704,0.26976916,0.25374153,0.16438714,0.24623132,0.2040774,0.23780046,0.19729462,0.2673304,0.24599794,0.22380364,0.22986448,0.28075024,0.14242995,0.28184196,0.20046727,0.284403,0.20237592,0.30226982,0.2721735,0.26839837,0.22096603,0.29218856,0.24730863,0.09827658,0.20501365,0.26057318,0.2696355,0.2915143,0.13480681,0.29529655,0.2494969,0.2634419,0.26880145,0.11694566,0.15385672,0.1945572,0.15354356,0.23736212,0.101007745,0.2615945,0.21545078,0.2996495,0.24367811,0.24464527,0.27658805,0.28698146,0.2579638,0.28848606,0.19213405,0.22636034,0.16388002,0.14028348,0.27008036,0.14879303,0.19340546,0.2755089,0.28814787,0.27568305,0.28637254,0.29209045,0.21486153,0.2597912,0.26524723,0.2967087,0.2102127,0.29727146,0.35115016,0.336481,0.19996841,0.28053516,0.25546122,0.1939296,0.11801455,0.18350077,0.15620813,0.23981322,0.2163816,0.3884327,0.23102234,0.26721853,0.13920909,0.2502712,0.094815135,0.19741148,0.27725968,0.29913583
BC2026_Train_0011_S03_20211114_200000_40,0.16045476,0.06629366,0.059984673,0.43740118,0.0035436174,0.22021036,0.18368003,0.14755994,0.17284906,0.3626778,0.7361475,0.09010529,0.09403536,0.0006790427,0.0022083565,0.20216554,0.09353724,0.046281848,0.42848638,0.12049967,0.2808042,0.077551045,0.14679709,0.19744283,0.2834448,0.0103037935,0.12729919,0.24501938,0.06531298,0.25121784,0.08781525,0.062104017,0.103420794,0.09600051,0.03771358,0.08796495,0.124701425,0.08542305,0.079225704,0.14086166,0.12920317,0.054366846,0.10076277,0.06699094,0.08162438,0.053163767,0.14551261,0.06847398,0.03563347,0.0666407,0.11108426,0.095726475,0.09257638,0.13839045,0.20243359,0.0010175222,0.06312056,0.340139,0.00997674,0.15238933,0.36179602,0.040025704,0.25859237,0.40549576,0.10987696,0.038886566,0.17340612,0.050556805,0.025270922,0.12719971,0.023895532,0.025430445,0.22778754,0.25076774,0.24571085,0.24276611,0.21376503,0.28278327,0.26799893,0.20736758,0.25467527,0.111931115,0.2956601,0.14816643,0.24705984,0.25137517,0.26280648,0.26381385,0.278877,0.20356643,0.28143284,0.26966345,0.17176329,0.2507666,0.21031159,0.27255392,0.22345966,0.35220817,0.23012497,0.21535753,0.23364368,0.24816917,0.2867463,0.35502002,0.30013603,0.27074054,0.14762893,0.11648632,0.25848097,0.2287631,0.19455409,0.29904738,0.19270562,0.2770253,0.22327217,0.2468139,0.17960294,0.22595322,0.18113662,0.22201355,0.2971718,0.26979157,0.22025976,0.28312653,0.29333198,0.24098663,0.22697413,0.23134638,0.20525418,0.29757443,0.17899904,0.28839427,0.19326808,0.24151853,0.19689417,0.14024703,0.2932941,0.29796115,0.2885622,0.34241155,0.24476132,0.2678197,0.24346894,0.25871548,0.25468034,0.16030002,0.23350899,0.13102844,0.25991225,0.26706198,0.22947869,0.2153312,0.22881646,0.24169163,0.21841376,0.23735614,0.21517625,0.20669511,0.21421106,0.2003575,0.13844845,0.28225565,0.20007703,0.26935956,0.23832147,0.30938745,0.28623688,0.22123824,0.20044489,0.29706305,0.24745934,0.07976857,0.22079358,0.22264187,0.14979649,0.2624858,0.1483828,0.29774743,0.24983701,0.25940385,0.2669993,0.12889901,0.20227388,0.22133283,0.14820793,0.19214989,0.048365436,0.26086417,0.25814208,0.29923928,0.28171623,0.24232222,0.22366783,0.27259874,0.26740494,0.2591411,0.20894809,0.16717994,0.22449628,0.18495113,0.28349152,0.1536056,0.1873272,0.28274807,0.2525636,0.25146326,0.29255387,0.2966264,0.13410184,0.18805422,0.21216005,0.28981626,0.26012868,0.2595378,0.34701023,0.3354274,0.23528944,0.2949667,0.21901985,0.16262184,0.103417195,0.18508112,0.22089936,0.22107933,0.18206844,0.36662343,0.19882841,0.25990942,0.118433125,0.24734049,0.10119218,0.13763052,0.22848894,0.28094098
BC2026_Train_0011_S03_20211114_200000_45,0.13107492,0.08080787,0.061519273,0.43901145,0.0031474703,0.22161259,0.1956766,0.20990121,0.20286778,0.35044545,0.76735914,0.12048992,0.107813515,0.0007093007,0.0020762284,0.2458629,0.06633127,0.02938569,0.45818406,0.22152105,0.22302175,0.07699131,0.20636418,0.19181687,0.28378376,0.009996025,0.14701317,0.24103814,0.07892729,0.2692538,0.114264645,0.06874286,0.12583193,0.10649077,0.04733466,0.108997844,0.14745466,0.111016236,0.09246229,0.15991618,0.14392726,0.0588801,0.12168131,0.087068,0.09864745,0.07245433,0.17057249,0.08098259,0.047188066,0.07711552,0.1189355,0.12352981,0.11893181,0.1525822,0.23224112,0.0010214736,0.07991348,0.31401953,0.010265432,0.20780168,0.40576524,0.038711715,0.2821877,0.4183616,0.1094549,0.04739917,0.17092913,0.048968717,0.022994565,0.12689081,0.03421641,0.028457854,0.20435342,0.27160054,0.30421165,0.2335432,0.23221473,0.29276147,0.26610297,0.17403305,0.19782777,0.12879962,0.29403722,0.15492898,0.2596586,0.26065132,0.2680615,0.23173329,0.22226574,0.16925721,0.27845347,0.26770514,0.22883199,0.28292868,0.25510433,0.28501153,0.21235745,0.37379086,0.2107577,0.28165793,0.23425934,0.22632213,0.28080067,0.35873425,0.3003691,0.23159857,0.14006734,0.12453185,0.22479999,0.23113182,0.21609093,0.29904243,0.1973164,0.25938377,0.21563753,0.2938374,0.19812208,0.26751113,0.2163911,0.28595042,0.29402372,0.2969726,0.2508271,0.24830648,0.29082948,0.2658279,0.22162333,0.24543425,0.25175276,0.298859,0.225664,0.28633395,0.18229493,0.22616693,0.26189092,0.20952986,0.28499296,0.29758897,0.26098585,0.38321102,0.18693371,0.2818198,0.21419276,0.2422232,0.27142635,0.22368532,0.26690573,0.19218092,0.2949807,0.24227774,0.19664183,0.22203183,0.19893734,0.26467353,0.23666236,0.26182166,0.2583085,0.17665365,0.2462866,0.22670992,0.15074836,0.25461075,0.20533633,0.2687138,0.19970074,0.3086022,0.29284495,0.24208272,0.258635,0.2907046,0.26491535,0.054084837,0.18625014,0.26437062,0.24694052,0.28431574,0.1580936,0.2822983,0.25313038,0.27582648,0.2852268,0.16164728,0.16893038,0.18435922,0.19407572,0.1266914,0.09501133,0.26198784,0.21751685,0.29895672,0.22210523,0.24427328,0.28680333,0.2739194,0.24965104,0.26734054,0.2156259,0.2294911,0.18319355,0.20642081,0.26933527,0.18841965,0.18194768,0.27366418,0.25422832,0.291136,0.2943604,0.2957936,0.18473929,0.2679856,0.2938772,0.2994397,0.27220735,0.23227037,0.35342908,0.33738044,0.23941351,0.2662187,0.23409437,0.16548008,0.14706956,0.17749143,0.20857294,0.19476554,0.18301132,0.3780374,0.2204798,0.2746693,0.11496827,0.24983913,0.11661734,0.1494309,0.2744188,0.25491685
BC2026_Train_0011_S03_20211114_200000_50,0.089356095,0.070075534,0.12228912,0.45161194,0.0042228648,0.20096512,0.27021977,0.20097978,0.23122755,0.37206605,0.7941452,0.19324534,0.09433387,0.00074977765,0.0019292384,0.23886748,0.08738302,0.02661516,0.41382676,0.178761,0.24332713,0.08179015,0.23624675,0.24161737,0.29001465,0.008864608,0.15608758,0.2753521,0.1086127,0.33244818,0.094906755,0.059739947,0.108379915,0.104431726,0.044571374,0.10329442,0.12046254,0.09051633,0.078784585,0.15700415,0.14135526,0.057189077,0.114422165,0.08133614,0.09010479,0.06365428,0.16508247,0.07671702,0.0394079,0.077438354,0.12292284,0.104396544,0.10683264,0.14685091,0.20754018,0.0009975131,0.07033305,0.30978808,0.010394818,0.1806577,0.34771967,0.037141975,0.25625318,0.46468666,0.10550335,0.038072355,0.14465053,0.05930202,0.027368266,0.13172846,0.026640002,0.031473003,0.15236339,0.16667768,0.29798585,0.21210794,0.2541117,0.2787904,0.27767387,0.18599969,0.27668482,0.16562973,0.29764837,0.1433835,0.24245293,0.22873732,0.25051102,0.27629995,0.24558063,0.14808448,0.27143747,0.29252177,0.15299469,0.2917266,0.28513286,0.2817407,0.26546133,0.35174188,0.2564794,0.26319143,0.24684532,0.17154641,0.29172873,0.37042728,0.30216822,0.24228325,0.12398184,0.12011339,0.25303742,0.26344112,0.18179011,0.29946733,0.24894503,0.20498167,0.16939098,0.23871472,0.21154428,0.25057548,0.21171612,0.22008093,0.2753548,0.26761153,0.21005835,0.2863319,0.28083578,0.19270383,0.20852417,0.1899794,0.23263668,0.29733026,0.2750339,0.2934081,0.19308206,0.2290515,0.21572733,0.11610252,0.28637087,0.2943753,0.23236182,0.3267247,0.24172091,0.28935653,0.22862378,0.24545072,0.25124735,0.19475128,0.25514567,0.19652376,0.27724266,0.2643798,0.26969764,0.227679,0.2511084,0.22213577,0.17475188,0.25049156,0.20419744,0.16389269,0.25085965,0.2554583,0.11455986,0.2699383,0.22570789,0.26133892,0.21715298,0.29284,0.29508606,0.2007435,0.1696913,0.2974909,0.24531232,0.065249644,0.21517006,0.21987166,0.1897107,0.26984063,0.18702309,0.27645728,0.24160452,0.24788848,0.26504326,0.13683455,0.2107932,0.22685443,0.18044254,0.21001792,0.08653782,0.25746992,0.20909256,0.29890788,0.21655068,0.28869817,0.19489023,0.27810365,0.24135144,0.25706872,0.15566748,0.20251973,0.20981108,0.21668102,0.26325572,0.12284702,0.16387543,0.28948763,0.26256737,0.24568133,0.28844967,0.29104257,0.15022229,0.26265553,0.15370147,0.28502378,0.22186121,0.24093321,0.34369624,0.33339432,0.20128138,0.2663626,0.23397654,0.215345,0.101373576,0.18020837,0.2459868,0.23699579,0.17673345,0.37104344,0.15491115,0.26218775,0.1569411,0.24194252,0.10727113,0.1590725,0.23084337,0.28474554
BC2026_Train_0011_S03_20211114_200000_55,0.10949619,0.073873654,0.07884951,0.44615567,0.0034766262,0.21535084,0.22205515,0.18652217,0.2324153,0.3594208,0.8165307,0.12231792,0.10294779,0.00073799765,0.0020353738,0.21789524,0.09965213,0.024820093,0.36104667,0.14959018,0.24030717,0.08025912,0.14163584,0.23771638,0.29021543,0.008486429,0.13659644,0.2562313,0.07415243,0.29536033,0.10556259,0.058027405,0.11903566,0.10072078,0.043260165,0.102459334,0.12900463,0.09712509,0.08158911,0.15691508,0.13679002,0.055029325,0.1164753,0.07996881,0.09203683,0.056484073,0.15792677,0.07750684,0.039742358,0.069865406,0.113149926,0.10099895,0.11004581,0.15199389,0.21070687,0.0010385499,0.066841975,0.31911385,0.010140819,0.25189784,0.31269395,0.042238645,0.2582423,0.45644993,0.10191281,0.03801007,0.18779157,0.070604846,0.02900935,0.116071,0.027969038,0.028339682,0.20151083,0.2580039,0.3080311,0.2690007,0.2263315,0.2821485,0.28294536,0.2646857,0.22909278,0.13199045,0.29802808,0.16628997,0.24680443,0.25723338,0.266497,0.28474706,0.23638809,0.14720003,0.25789642,0.2785424,0.15802751,0.24732807,0.27552944,0.29138106,0.23933397,0.36912158,0.25351164,0.24614976,0.26445487,0.15650406,0.28019887,0.36666563,0.30133674,0.2830545,0.15327434,0.11826637,0.23734918,0.25247008,0.21450412,0.29958376,0.2744965,0.23520882,0.18061268,0.25183535,0.18089733,0.24316442,0.18543698,0.2539111,0.281415,0.27477968,0.19215667,0.2822353,0.28902215,0.2696672,0.20792106,0.22359383,0.25702757,0.2954725,0.250584,0.28346613,0.27377024,0.19626175,0.18100446,0.14155072,0.2897772,0.29626855,0.2473861,0.37700513,0.23646338,0.26696926,0.22044007,0.2341234,0.27532923,0.22524379,0.28966495,0.23990735,0.26484072,0.2472165,0.20872907,0.23695484,0.20065814,0.25192872,0.16420731,0.27560824,0.25298658,0.21181712,0.23953864,0.23268606,0.113782816,0.26668847,0.26249176,0.25858223,0.23763397,0.32190698,0.29291776,0.25744587,0.173849,0.291974,0.26114103,0.077673145,0.19220594,0.20649256,0.24279857,0.28665242,0.15516087,0.29215991,0.23260802,0.25705612,0.27224275,0.13059881,0.18330738,0.21066141,0.16721232,0.15728198,0.05429844,0.27586782,0.1796342,0.2993427,0.19664201,0.29191324,0.2827962,0.29623157,0.2317023,0.22758538,0.14829114,0.2085366,0.22109048,0.16798283,0.27564076,0.20746298,0.15593825,0.29442543,0.26271328,0.27112868,0.28940287,0.2927209,0.24524753,0.27232307,0.2672355,0.2951414,0.22736302,0.24914643,0.35222653,0.33366856,0.21160421,0.28767183,0.20674321,0.19524474,0.10545712,0.23155223,0.15609653,0.22538787,0.24109042,0.3702522,0.18006064,0.2890048,0.14847742,0.24851024,0.1175493,0.15868394,0.25741845,0.2528776
BC2026_Train_0011_S03_20211114_200000_60,0.08008219,0.07814481,0.0811483,0.40253234,0.003569434,0.19337952,0.26053786,0.20397499,0.22753567,0.3505327,0.82130176,0.16249394,0.08789265,0.0007757196,0.0018820956,0.21155433,0.0940689,0.026572958,0.4264301,0.20810378,0.25510317,0.074384175,0.21619356,0.31144136,0.30498946,0.010371821,0.1312044,0.23229192,0.09640123,0.26562867,0.097577654,0.067209326,0.11172855,0.11569221,0.04686403,0.11384378,0.14577477,0.09083296,0.086138606,0.15868972,0.14078464,0.056787193,0.12324798,0.087385595,0.095610514,0.073686846,0.16190703,0.07828583,0.040253628,0.07945315,0.13562182,0.11602129,0.1123528,0.1418874,0.23284987,0.0010299673,0.07223837,0.28170216,0.0088640675,0.14175712,0.3166635,0.04342479,0.28146878,0.48623127,0.11044158,0.043498375,0.19670907,0.04959129,0.02086841,0.1257436,0.024806714,0.031965774,0.20648524,0.2103039,0.2894543,0.27099568,0.2774244,0.28503197,0.27303606,0.180373,0.26288477,0.14788298,0.29126647,0.1352957,0.2563687,0.27847454,0.2281898,0.2659086,0.20454207,0.17266457,0.2698919,0.27609217,0.12413666,0.29784307,0.24692811,0.27266416,0.295449,0.41468728,0.23150493,0.28091997,0.24628606,0.20340508,0.2889192,0.36012384,0.29992232,0.29502627,0.17210034,0.1543375,0.25757354,0.2749378,0.24897893,0.29980356,0.20917091,0.24583042,0.22110952,0.30005193,0.14709142,0.25459793,0.20013294,0.26809174,0.296607,0.29290563,0.24863333,0.2647359,0.28556713,0.20203002,0.25054696,0.26520464,0.24217865,0.29932022,0.26169002,0.29015172,0.1657702,0.23744972,0.25472707,0.1408148,0.2838033,0.29500186,0.26311415,0.3529485,0.21706368,0.23917492,0.21566208,0.22923887,0.2818579,0.18162322,0.25354692,0.15563306,0.3033262,0.27002448,0.18846193,0.18942925,0.23011526,0.2111077,0.22835457,0.22798018,0.28165466,0.1701536,0.2444665,0.23766863,0.14348207,0.2842473,0.21541284,0.26113862,0.19817077,0.28180283,0.29286793,0.24726646,0.22591858,0.29089582,0.26604342,0.06398899,0.18185388,0.22640689,0.2036179,0.2794483,0.20813435,0.2798335,0.23683952,0.3001002,0.27204415,0.17910582,0.2300224,0.19441254,0.18343,0.12561852,0.055623345,0.27131245,0.19311316,0.29930258,0.154547,0.28655967,0.2460286,0.27086553,0.24744405,0.26063934,0.23410372,0.24091032,0.2177071,0.19367176,0.2705048,0.21153666,0.18743509,0.26970077,0.25688574,0.2915298,0.2876526,0.29560554,0.15707123,0.23634213,0.23902996,0.27627933,0.18670529,0.26312754,0.33895108,0.3470174,0.24588658,0.24355368,0.23576525,0.16218331,0.14834747,0.19846019,0.17792739,0.22215128,0.19810548,0.38453263,0.16681783,0.24987713,0.14335304,0.23247446,0.09097089,0.15315425,0.25261176,0.2855562
BC2026_Train_0012_S03_20220211_233000_5,0.09254276,0.09260056,0.07917983,0.45110595,0.0038765594,0.15225202,0.09227036,0.2849977,0.08064859,0.09863057,0.29354495,0.05484515,0.10038523,0.0006694235,0.0025698422,0.20646587,0.043734707,0.025591364,0.3562246,0.15412381,0.23578201,0.070546135,0.14178583,0.1976417,0.28784359,0.008505387,0.10543232,0.22219087,0.07079904,0.26608917,0.12493527,0.055296175,0.15655902,0.09409739,0.047802173,0.10936688,0.121998236,0.10867014,0.07536971,0.14451492,0.14438243,0.06546977,0.14768243,0.09358778,0.07706399,0.06493914,0.14043014,0.09492461,0.05335716,0.054854166,0.115424,0.11596105,0.106029496,0.12725429,0.22439308,0.0009859814,0.08738343,0.304397,0.011728085,0.20931922,0.3501525,0.028390098,0.3417647,0.41734326,0.14708775,0.0359461,0.15440324,0.029535025,0.0144208055,0.116981216,0.023238244,0.028225927,0.20765153,0.22967619,0.3192467,0.16552645,0.19105648,0.2861668,0.27117032,0.19608012,0.15375593,0.14391664,0.2847099,0.1249681,0.2125262,0.25807482,0.29737002,0.28143466,0.2570663,0.19613531,0.28783152,0.24705891,0.1757539,0.2540074,0.28903872,0.2794975,0.2171289,0.2837753,0.24478154,0.15675843,0.24817944,0.12700304,0.28543913,0.3862187,0.3060636,0.2724222,0.14948452,0.07482788,0.24470058,0.25850007,0.2134158,0.28393376,0.25660753,0.28204143,0.21516976,0.29434055,0.2382061,0.22248074,0.2442167,0.2816781,0.2679474,0.29812956,0.2431156,0.26415247,0.28577057,0.22803862,0.2208342,0.26825553,0.23789541,0.2512127,0.16185796,0.29700187,0.21433035,0.19709778,0.17810777,0.102257416,0.2738962,0.28329352,0.27375036,0.38728315,0.2314834,0.18496251,0.26610062,0.23770623,0.26653692,0.13017759,0.25986445,0.13419189,0.2520623,0.25206345,0.13270855,0.23306175,0.22829023,0.27097255,0.21481724,0.24986547,0.18530944,0.17137985,0.22537503,0.27446988,0.18115017,0.28298485,0.16452864,0.26383433,0.23422836,0.29629502,0.12228763,0.22964309,0.24549016,0.29388085,0.26303613,0.05820932,0.2385796,0.25592905,0.27663955,0.28222567,0.15054743,0.2984737,0.20854647,0.26838467,0.26108566,0.19475742,0.2208647,0.25101694,0.1964858,0.1532766,0.080762416,0.2505047,0.2066585,0.29657048,0.23161921,0.24961744,0.29028028,0.29008335,0.25311625,0.24851592,0.16184816,0.24984162,0.2451971,0.13734615,0.26130584,0.13208976,0.15847531,0.25534445,0.2782556,0.28276676,0.28877643,0.29596627,0.16410896,0.2394609,0.28418997,0.29483357,0.21592769,0.18731226,0.34088436,0.36338612,0.2418611,0.27059257,0.27841157,0.13074201,0.2179377,0.21930334,0.15007645,0.14337853,0.2134552,0.39718974,0.16564062,0.2466838,0.08889415,0.27057162,0.11258562,0.13100669,0.22747618,0.29066083
BC2026_Train_0012_S03_20220211_233000_10,0.05887178,0.101566754,0.07568073,0.41674805,0.0035668295,0.23508757,0.12138128,0.15048687,0.063966356,0.093506865,0.24997982,0.06578085,0.07259188,0.00062587805,0.0022915162,0.18329298,0.088720575,0.032018118,0.3520115,0.19257808,0.2308991,0.072153576,0.15443002,0.2071423,0.30403772,0.009749841,0.099801555,0.24460593,0.068579264,0.26796395,0.14034863,0.058704745,0.16288152,0.089788295,0.049360137,0.116224386,0.13105299,0.11595217,0.08495786,0.14563535,0.15503633,0.07083123,0.16195416,0.094732024,0.081540875,0.06316133,0.14795806,0.099942535,0.051519595,0.060823195,0.11823054,0.14042088,0.1128852,0.11590234,0.25146523,0.00094412756,0.08752052,0.25557354,0.014239271,0.16369568,0.3537168,0.032934275,0.28680253,0.42909998,0.13957675,0.032085676,0.13241762,0.037687536,0.012745937,0.13695106,0.022832861,0.035979163,0.19793865,0.1992539,0.27954122,0.19121107,0.2173221,0.29342014,0.28143576,0.23571688,0.26302075,0.15306926,0.29130408,0.16915177,0.26405638,0.2805595,0.24393874,0.2628742,0.2919363,0.17617644,0.26353702,0.21097727,0.16518848,0.261384,0.24699476,0.26630458,0.26568142,0.30017108,0.23015393,0.22250581,0.28481895,0.16262145,0.2788944,0.37457576,0.29767972,0.24190648,0.26544258,0.0685851,0.25478142,0.27772027,0.24617799,0.28931648,0.23272593,0.2669116,0.18653612,0.29610962,0.19905743,0.25952083,0.21015851,0.28042644,0.2938544,0.26519698,0.28644976,0.29685122,0.26127347,0.2518538,0.27031705,0.20993352,0.25776666,0.23224962,0.1258146,0.2937799,0.22554564,0.2205895,0.20410882,0.18389055,0.29351145,0.29930407,0.23439512,0.33823735,0.16304319,0.17350882,0.23690778,0.28270656,0.2357781,0.11734302,0.27136514,0.1532263,0.3214574,0.26966023,0.18261552,0.2615638,0.2062984,0.22398016,0.2162905,0.24361713,0.16587532,0.23516957,0.2886695,0.26340088,0.19447073,0.28808928,0.17606983,0.2770089,0.28667426,0.28948772,0.147186,0.2671633,0.25711545,0.2950063,0.28910303,0.10449747,0.26366666,0.28418875,0.28478706,0.21317649,0.19738497,0.29674125,0.22691396,0.26020572,0.26710466,0.2112523,0.23299894,0.25944862,0.17882796,0.25216174,0.050425377,0.27092347,0.22851144,0.29554293,0.2783813,0.27033082,0.28593642,0.2913139,0.2560161,0.2718399,0.19340128,0.2534782,0.23806876,0.14859632,0.25775155,0.16943681,0.16243541,0.29728726,0.2624157,0.2764935,0.28302366,0.2888309,0.1920644,0.25253472,0.26789317,0.27795118,0.26993155,0.25901532,0.32006302,0.36451206,0.21763569,0.279695,0.2611102,0.18530756,0.18500783,0.21340488,0.24742292,0.136528,0.2757747,0.4058972,0.24525003,0.27966753,0.12914945,0.28126684,0.11329548,0.17016429,0.18052243,0.29287922
BC2026_Train_0012_S03_20220211_233000_15,0.04620338,0.069822274,0.05974743,0.4243784,0.0034704134,0.16008048,0.073108025,0.14339691,0.07026774,0.10261054,0.238078,0.053807154,0.06644049,0.0006424843,0.0021615457,0.17047562,0.08311335,0.021394076,0.3365757,0.12747687,0.23185241,0.073397,0.14381686,0.19221058,0.26522073,0.007866371,0.08479122,0.23490518,0.058010776,0.2535572,0.09142639,0.04950662,0.13143204,0.07817949,0.035838734,0.104880355,0.09431149,0.081330195,0.05404526,0.123744465,0.12377294,0.044208817,0.112435974,0.08006419,0.059480887,0.05005314,0.13323112,0.06855928,0.048582483,0.05292325,0.09076355,0.09334631,0.0853217,0.1098351,0.21437535,0.0009530855,0.07428713,0.36644512,0.013451459,0.1711165,0.34770977,0.026840346,0.333834,0.4260416,0.14939883,0.031814557,0.10578987,0.030618211,0.015472664,0.105927706,0.021727758,0.031068262,0.17917113,0.22902803,0.29136536,0.26257855,0.19929227,0.2798436,0.23395243,0.19007973,0.23042904,0.13990265,0.29567108,0.13850723,0.20684966,0.25047678,0.27014717,0.26755527,0.18192936,0.20191365,0.26785934,0.2309795,0.19069728,0.22886579,0.2839933,0.2772103,0.18972452,0.2540314,0.26404485,0.23297068,0.2513948,0.15372841,0.26027852,0.36253846,0.29959202,0.21028851,0.23059696,0.07210653,0.22746761,0.22626132,0.19623697,0.29034466,0.24026051,0.28512123,0.2279729,0.26605645,0.2261425,0.16970445,0.18618587,0.2876049,0.25008413,0.28833187,0.2075589,0.27388492,0.27239078,0.194708,0.27471834,0.26218715,0.22649021,0.23839505,0.14447969,0.29851687,0.20994,0.22639395,0.1762082,0.13005804,0.2668175,0.25547066,0.25519145,0.30821955,0.1444546,0.26349887,0.24361067,0.24788065,0.187108,0.13946421,0.24178135,0.12831351,0.24012378,0.23512988,0.16457713,0.19599065,0.26409978,0.2654036,0.23564257,0.24124882,0.19491279,0.24182555,0.24241875,0.22886075,0.18477829,0.28117475,0.14238843,0.24692848,0.24599452,0.288483,0.15996295,0.22757271,0.17565124,0.29446375,0.26362076,0.042561717,0.1705501,0.23511785,0.22989193,0.21917602,0.1721272,0.29918578,0.24948892,0.2622776,0.23194084,0.23971936,0.26021862,0.1931876,0.19690332,0.17777728,0.06737533,0.2265775,0.17712462,0.2900058,0.20505771,0.27280143,0.28004605,0.28822824,0.26599294,0.25532347,0.26813847,0.21698102,0.24331187,0.11079326,0.24362244,0.1898029,0.14061673,0.25923085,0.26176512,0.2734857,0.29715672,0.28880912,0.16432247,0.28420755,0.270509,0.29726684,0.14404632,0.2951462,0.33830675,0.37150404,0.19740133,0.26766512,0.24032724,0.20375791,0.14775206,0.21950965,0.09685701,0.13369444,0.22431576,0.36405203,0.19734292,0.2465823,0.1369934,0.26158765,0.11150513,0.21265437,0.17504804,0.27405566
BC2026_Train_0012_S03_20220211_233000_20,0.06501224,0.0774551,0.060727905,0.3664021,0.0037067947,0.23052868,0.08001525,0.060134657,0.073126264,0.10063008,0.26746774,0.04434618,0.07846273,0.0006701176,0.0021396237,0.17676222,0.03197978,0.030801278,0.35042757,0.18976453,0.2657401,0.07568649,0.16692165,0.22036481,0.28479668,0.008586386,0.071330935,0.24390636,0.064046204,0.23714,0.099004075,0.059883047,0.1405869,0.07894559,0.04553451,0.10746946,0.10479885,0.08238437,0.06347765,0.12604061,0.12907363,0.05287839,0.11702375,0.08301965,0.06558755,0.052633457,0.12776178,0.07938293,0.048780344,0.05898125,0.09840608,0.10101943,0.095725216,0.12056806,0.20802486,0.00095629017,0.08387687,0.376099,0.012256207,0.21227035,0.31956258,0.02841046,0.26056707,0.44968176,0.16168164,0.036852702,0.2166698,0.031200439,0.0121865645,0.13518968,0.022454105,0.029908739,0.22540787,0.2391306,0.19663876,0.24223086,0.21217193,0.28448123,0.28011534,0.24955907,0.21797535,0.107833184,0.29424074,0.15519145,0.26564956,0.2509384,0.28118065,0.28594998,0.22782463,0.19739698,0.2892008,0.26019987,0.23063065,0.21928789,0.2978984,0.2759924,0.15762675,0.30819973,0.273173,0.21576694,0.21578819,0.15587445,0.27928868,0.35335717,0.30285627,0.2057184,0.16574726,0.078867406,0.22634572,0.25783876,0.20628503,0.2873162,0.22099943,0.28339112,0.21991067,0.2757841,0.23220913,0.21384378,0.19100334,0.28729284,0.2856156,0.28465024,0.2590704,0.2732148,0.2820027,0.25813437,0.25945777,0.23201175,0.21209055,0.24617846,0.1730481,0.297105,0.19664836,0.23432624,0.28587416,0.13248,0.28199515,0.29296818,0.2741219,0.27686387,0.13367033,0.2190692,0.24772553,0.24320535,0.25946993,0.26065302,0.2266646,0.1427708,0.256846,0.24071741,0.19535077,0.19820735,0.21895008,0.2745142,0.20935975,0.22822317,0.1989972,0.1376786,0.24205041,0.26423332,0.20718783,0.27471238,0.19921593,0.2759211,0.2352038,0.30741176,0.19008487,0.2199867,0.23266362,0.29188767,0.27784023,0.063523844,0.23753753,0.2543231,0.21755496,0.24405666,0.18791066,0.29825485,0.24259594,0.2817783,0.21722382,0.21240744,0.20702681,0.20428926,0.1597801,0.14630109,0.0665841,0.21913597,0.22747387,0.28801104,0.17698286,0.25022542,0.28404316,0.28821585,0.26071522,0.21613747,0.13620882,0.19210672,0.2489915,0.15307382,0.27508998,0.1747643,0.19942743,0.25966665,0.27552822,0.28279728,0.29839143,0.29720798,0.16476706,0.24503382,0.2904502,0.2960743,0.24229656,0.20549546,0.32719943,0.34924245,0.22173919,0.2836949,0.24539544,0.22465317,0.21549368,0.19724047,0.16758683,0.15178156,0.24252164,0.37897724,0.19612238,0.23687355,0.15629062,0.26562044,0.13361081,0.1511503,0.18949226,0.27969778
BC2026_Train_0012_S03_20220211_233000_25,0.081035346,0.072672054,0.08401132,0.36914295,0.003437861,0.21096712,0.122768134,0.059921596,0.0791028,0.101946875,0.3044111,0.059202977,0.09139781,0.0007171497,0.002229647,0.19447353,0.041511465,0.026731534,0.30702055,0.18725841,0.24709351,0.077049576,0.15665165,0.290003,0.27189848,0.010588618,0.08064748,0.26186886,0.0733772,0.25134918,0.09713922,0.05915563,0.13406748,0.080097534,0.04857383,0.09338373,0.103562556,0.07450221,0.05860707,0.12501828,0.12085114,0.04741389,0.112685084,0.080453195,0.06348981,0.049447104,0.12534136,0.077575594,0.044125922,0.058783997,0.09351597,0.09523709,0.0960416,0.10963434,0.19293022,0.0010161595,0.075045295,0.38786906,0.010854196,0.21692427,0.3537712,0.026691904,0.25818166,0.4661002,0.17476408,0.03809659,0.21201529,0.03431033,0.011873476,0.13978486,0.022104621,0.028585887,0.24699205,0.2316235,0.20822111,0.20749943,0.21255329,0.26772934,0.26097208,0.2335408,0.2605236,0.10785116,0.28338206,0.20262915,0.16849269,0.24231671,0.2622326,0.27223703,0.2542108,0.21374573,0.2577371,0.2380743,0.26994386,0.22956389,0.25282356,0.2824137,0.091737404,0.3510099,0.26383904,0.16197117,0.19852732,0.15433595,0.2648156,0.3553223,0.30256152,0.22979462,0.12566668,0.068691306,0.24362673,0.26754987,0.14424577,0.2936935,0.2438344,0.28148106,0.17979935,0.2568531,0.19325145,0.2118145,0.19026403,0.26333097,0.26061216,0.27323502,0.18107319,0.25179476,0.28909978,0.185842,0.23139082,0.22896364,0.1949717,0.19326566,0.10343831,0.29547524,0.18379393,0.19258219,0.20369545,0.119998485,0.26195115,0.26958925,0.27391282,0.2925744,0.17031758,0.21311276,0.2118554,0.26153558,0.2278842,0.1985062,0.23169567,0.09726725,0.19884828,0.23010145,0.19929896,0.2068066,0.25719887,0.24989435,0.21364333,0.1800907,0.17065692,0.09729926,0.14535046,0.23429766,0.14757243,0.2614243,0.19969146,0.26515454,0.21617624,0.25595048,0.12969579,0.14714971,0.24384162,0.29551014,0.25813842,0.050444618,0.15903515,0.24772772,0.18724152,0.25984395,0.17425685,0.2984098,0.22539428,0.2696659,0.2041692,0.16968857,0.21554887,0.2165359,0.14596744,0.17369808,0.05189924,0.24592996,0.19255196,0.29050827,0.2168519,0.25656897,0.28373975,0.25791845,0.2096236,0.22447023,0.1536257,0.22524583,0.25120866,0.13358621,0.254226,0.13119335,0.16032907,0.28759047,0.24638744,0.2806294,0.28093946,0.29259115,0.12928586,0.2551693,0.28428832,0.28737724,0.22822599,0.2126296,0.33284733,0.3499304,0.21637683,0.29114902,0.25736216,0.2071412,0.13310808,0.214762,0.14409618,0.15145376,0.14692457,0.3517673,0.1600944,0.23681772,0.25899246,0.22957371,0.17933185,0.17758985,0.27771354,0.2645001
BC2026_Train_0012_S03_20220211_233000_30,0.09557471,0.076249965,0.10352061,0.3658861,0.0040782937,0.20971896,0.261458,0.09285578,0.08819175,0.10266254,0.4028085,0.13338317,0.084940225,0.0006900999,0.0021990016,0.19802487,0.030420355,0.030246228,0.30051038,0.11433171,0.20580997,0.06649139,0.21854049,0.22139001,0.28176087,0.009517039,0.098636284,0.2573284,0.073626935,0.30672047,0.10761052,0.06743964,0.13845454,0.08188808,0.052850537,0.09286343,0.113354325,0.079790585,0.067371726,0.12483877,0.1215147,0.047615223,0.11627921,0.09287407,0.069804765,0.049923643,0.117381856,0.080955856,0.0432906,0.06070893,0.10786929,0.10294531,0.106747046,0.10763048,0.20964293,0.0010985712,0.073096976,0.3716929,0.013003396,0.2327848,0.3963247,0.027617786,0.21579747,0.42991507,0.17743567,0.036989078,0.15916832,0.03287625,0.016432364,0.14019547,0.024273494,0.030107878,0.17944692,0.25813982,0.23862226,0.2603948,0.21711087,0.2831009,0.27065226,0.24212433,0.26391914,0.11086825,0.28892455,0.118386,0.24123321,0.2793361,0.29175153,0.28799456,0.16521159,0.15019897,0.2851292,0.28659704,0.17013872,0.21782446,0.28573674,0.2719879,0.17914903,0.32339418,0.26290202,0.21114653,0.18536913,0.13887124,0.28301123,0.34776556,0.3025575,0.2754729,0.16235813,0.10614578,0.21023828,0.25149187,0.22600283,0.29168195,0.25263736,0.22616187,0.21203992,0.28439736,0.18503153,0.18256351,0.1759211,0.24683224,0.27562162,0.28181216,0.19461684,0.25991628,0.29292777,0.16377772,0.23906912,0.22868915,0.21605548,0.18544868,0.25902662,0.29201132,0.17904365,0.20666966,0.20413445,0.11264575,0.27637795,0.2657667,0.27514225,0.28900546,0.11450048,0.29470462,0.2540212,0.28818184,0.23037194,0.14595059,0.26846388,0.21178971,0.27579993,0.24018638,0.16305631,0.2509474,0.23773116,0.28112417,0.27166402,0.220672,0.20450321,0.11690309,0.2200508,0.2151612,0.1932352,0.24220763,0.22094744,0.2579131,0.19974649,0.3068011,0.210109,0.25753564,0.24250911,0.2898423,0.28739387,0.063427806,0.15075827,0.26108932,0.17092298,0.24678579,0.13915312,0.29805598,0.19726452,0.30028898,0.2753664,0.12975049,0.2163229,0.25127065,0.13108596,0.12862399,0.06026711,0.222248,0.22489288,0.29788804,0.16695276,0.27423912,0.28431955,0.26936343,0.2483189,0.24274494,0.18981417,0.19782238,0.27213433,0.19453764,0.27278858,0.18468738,0.13675943,0.27349377,0.25209013,0.24604978,0.29106665,0.29576495,0.14601034,0.26750097,0.29850316,0.28281516,0.2689313,0.24424161,0.32585013,0.35883093,0.2252712,0.29293025,0.24710461,0.24793375,0.15558913,0.20188959,0.16784254,0.17134646,0.20463054,0.37687775,0.16430253,0.25451264,0.1702684,0.2353668,0.10860199,0.10984812,0.2408331,0.2801781
BC2026_Train_0012_S03_20220211_233000_35,0.09460933,0.0674218,0.10927437,0.3533534,0.003924978,0.2272292,0.16493288,0.08066596,0.09886936,0.10599432,0.25471294,0.1433563,0.08772127,0.00064721063,0.0021270171,0.18730447,0.047066875,0.025490098,0.3473695,0.11910247,0.24303871,0.07237534,0.2362841,0.17795281,0.29799622,0.010319224,0.091143884,0.25173047,0.07145211,0.28449184,0.092048235,0.068064794,0.12698402,0.06691342,0.045772213,0.09209076,0.09999114,0.07097877,0.058849435,0.118416324,0.11883678,0.04030925,0.11169847,0.0846243,0.06435152,0.04708732,0.11595042,0.07741602,0.042136684,0.055273004,0.09373796,0.08862071,0.09767888,0.10320626,0.19871204,0.0011139812,0.071114324,0.3902595,0.012147449,0.18218412,0.40908778,0.030243376,0.24588121,0.465002,0.15335983,0.046100475,0.17214838,0.040694125,0.0134507585,0.15818067,0.021178082,0.024432695,0.16619392,0.2228093,0.19087341,0.23898213,0.22173999,0.26052207,0.2654591,0.25274295,0.2598113,0.109035835,0.2843256,0.13175146,0.22433944,0.22075558,0.28036013,0.28402066,0.20621619,0.16978069,0.28826326,0.29745758,0.19573414,0.22872937,0.2881045,0.2939399,0.12737915,0.26486003,0.26935807,0.22257195,0.16903383,0.18024077,0.27823958,0.3585283,0.30171406,0.20286694,0.1382251,0.09059507,0.23321444,0.25057277,0.20427422,0.28676948,0.20056392,0.2676215,0.18700871,0.27430987,0.21083485,0.1763338,0.15806271,0.2629563,0.28352022,0.27259928,0.21010557,0.25949916,0.28802216,0.20524585,0.25291944,0.23632877,0.17362885,0.23925835,0.22521608,0.29479852,0.20584765,0.22430636,0.19258144,0.21810777,0.27636558,0.27287465,0.2793929,0.24958973,0.11096967,0.26456368,0.21321474,0.2500789,0.22475682,0.22542587,0.25770587,0.089166276,0.2784136,0.2472999,0.14373215,0.26971686,0.21965855,0.25131717,0.2472254,0.21120769,0.16876526,0.12085993,0.18305331,0.25411677,0.17218821,0.25817707,0.20723307,0.26614666,0.21432683,0.29088813,0.19387165,0.2376711,0.22062169,0.29006526,0.24134558,0.06895997,0.21183036,0.22031158,0.19174196,0.24456872,0.170694,0.2974521,0.20990987,0.2977105,0.23368289,0.17580463,0.17189783,0.2312161,0.118273266,0.14479463,0.082003124,0.2387284,0.21161845,0.28803125,0.19660382,0.2403078,0.2865972,0.27426693,0.21210696,0.24447171,0.17245942,0.21895036,0.27116534,0.16937956,0.22075936,0.17013769,0.14166345,0.24317393,0.26695243,0.24780604,0.29777613,0.29500198,0.1379283,0.2717548,0.28506485,0.2920249,0.22132704,0.24039519,0.32708588,0.34785646,0.19260772,0.27905056,0.22724232,0.24241629,0.123477645,0.18347579,0.16759323,0.15679915,0.15182748,0.35432902,0.13058612,0.27303925,0.16190158,0.24410634,0.106675066,0.14769726,0.23752072,0.27738053
BC2026_Train_0012_S03_20220211_233000_40,0.10500888,0.06659188,0.06798901,0.3433743,0.0036336696,0.22011827,0.14003289,0.11041493,0.095666885,0.111296445,0.25962108,0.051825907,0.09722867,0.0006922164,0.0020726286,0.20346439,0.038525637,0.030304868,0.32416892,0.12808341,0.19010976,0.069292806,0.25237587,0.19307053,0.2926546,0.010884013,0.07890444,0.24441832,0.051577874,0.24699503,0.089966774,0.05776887,0.12665378,0.07601456,0.04630623,0.08254548,0.09878316,0.06592335,0.056824215,0.12617125,0.11088456,0.039041005,0.115606725,0.0790507,0.065410696,0.047945112,0.11098667,0.07016103,0.037814,0.051129796,0.09470907,0.089267984,0.09698762,0.09633688,0.19322315,0.0010520329,0.0656739,0.4011014,0.013567229,0.22212161,0.3908005,0.03454122,0.28988677,0.4569506,0.14186634,0.042375382,0.15159209,0.03864929,0.011984499,0.14660361,0.02159959,0.026171196,0.17662625,0.2309733,0.20396711,0.24603133,0.17216676,0.27562523,0.2537656,0.23441222,0.24869525,0.10757212,0.2834366,0.12424823,0.21234605,0.23631293,0.2861541,0.26411518,0.22404033,0.1584441,0.2836144,0.25240767,0.23231173,0.24808866,0.27670985,0.2744542,0.1750163,0.24504077,0.27318636,0.22960845,0.18520296,0.16655877,0.28278223,0.35070065,0.30301097,0.23958653,0.15182082,0.09970684,0.22432324,0.2452278,0.21011247,0.29791155,0.24112898,0.28141406,0.19065931,0.28822666,0.2112295,0.18255883,0.1375998,0.2583348,0.28419334,0.286519,0.23322712,0.25941354,0.28404152,0.14451644,0.23624468,0.25168198,0.17971395,0.21942313,0.11647228,0.2956933,0.1659709,0.1753904,0.23313075,0.14971742,0.26673642,0.2720803,0.2798402,0.2750499,0.11701716,0.28102562,0.24137777,0.21420458,0.19786161,0.14394365,0.25112706,0.1074758,0.22744983,0.23938568,0.13956827,0.24995346,0.24169588,0.26696643,0.22126037,0.22801037,0.20882286,0.11695385,0.21225913,0.23388508,0.15882014,0.25652426,0.20698693,0.26547813,0.22361529,0.3033682,0.2030745,0.24552287,0.21756576,0.2886876,0.2572139,0.073104076,0.17475279,0.23685825,0.17643869,0.24865265,0.13451682,0.29571286,0.2156811,0.27208894,0.23605655,0.13353615,0.21260405,0.23710169,0.14422749,0.15149592,0.07402768,0.2515038,0.20439838,0.2918838,0.24677779,0.2400255,0.27982187,0.28226197,0.24077368,0.20813519,0.22637978,0.20593266,0.26125148,0.19329599,0.25150117,0.15449122,0.1362585,0.2751587,0.2727928,0.2624911,0.281888,0.2952428,0.15217859,0.2696405,0.29317224,0.28946227,0.22422658,0.21758418,0.33090878,0.36071634,0.19625272,0.28405672,0.20956762,0.22229435,0.14506035,0.23198023,0.12934464,0.15931766,0.1254322,0.36736643,0.14260231,0.27162775,0.14679135,0.257282,0.12499419,0.12747017,0.19481014,0.2692094
BC2026_Train_0012_S03_20220211_233000_45,0.12633964,0.073883526,0.073899925,0.32112253,0.003732297,0.20371017,0.11443073,0.20791684,0.093874276,0.124760136,0.36391264,0.07924023,0.07984304,0.0007717591,0.0019236633,0.25090897,0.02886643,0.03274885,0.32379958,0.16045797,0.2793094,0.072464295,0.22519562,0.09873907,0.2879158,0.0074451244,0.08857371,0.2124548,0.05825669,0.28651828,0.10393538,0.06839566,0.12680538,0.08564045,0.06648906,0.07971236,0.11068966,0.080671124,0.061259944,0.12801233,0.109390065,0.046677597,0.120900795,0.08586272,0.08191548,0.06046163,0.11925982,0.063496776,0.049746815,0.06047331,0.09549256,0.09857482,0.11098907,0.0934237,0.19518948,0.0009315628,0.06522683,0.39708847,0.013264514,0.20478699,0.32345247,0.025574105,0.27352798,0.43522578,0.16802415,0.0362979,0.20692046,0.039516486,0.013776668,0.16331337,0.024913581,0.03266477,0.16330534,0.16567242,0.2162647,0.24210927,0.18191762,0.248483,0.2417057,0.15730883,0.25611895,0.12290847,0.24417128,0.12016464,0.20019862,0.23952399,0.2160032,0.26516134,0.23594895,0.16520424,0.26766387,0.25839764,0.21475898,0.21416175,0.2826857,0.25825447,0.15405409,0.3420721,0.23547582,0.2061291,0.17239475,0.16495392,0.28224796,0.35356185,0.30096737,0.18298611,0.23508628,0.07228186,0.21145399,0.217331,0.14941098,0.28217283,0.22870754,0.20811364,0.19247702,0.22297817,0.1454561,0.2210212,0.14107352,0.25723603,0.276609,0.2687858,0.18225153,0.26767737,0.2708173,0.20466924,0.2328091,0.18463978,0.1777342,0.23749572,0.12996916,0.2945951,0.18353581,0.19271384,0.16506873,0.0957853,0.27082184,0.27605742,0.2411334,0.32250983,0.09572697,0.23599842,0.16859713,0.22749975,0.20630603,0.13081422,0.20334825,0.21914193,0.24007529,0.19962148,0.14970896,0.19962037,0.21132505,0.28529564,0.1529582,0.17957279,0.21120566,0.16379717,0.23461077,0.22356966,0.13467054,0.17161892,0.16962951,0.2736202,0.20862417,0.31008452,0.19358164,0.19171168,0.23252246,0.2943201,0.2538565,0.0666168,0.19318342,0.23475845,0.21801695,0.21833435,0.17426954,0.28702116,0.2500796,0.25017226,0.24607088,0.1067764,0.22922827,0.26071408,0.16666387,0.16257139,0.11339307,0.22314109,0.21928991,0.2820887,0.18516189,0.2484165,0.26950958,0.24895148,0.2346541,0.25298163,0.17679346,0.18837014,0.2598509,0.17247371,0.23038112,0.16553797,0.11631983,0.20859332,0.21425131,0.2564196,0.22409366,0.29346117,0.11817956,0.25811946,0.29830644,0.28551146,0.24736996,0.24970548,0.3392623,0.34919807,0.22764914,0.25045565,0.21172701,0.2061938,0.19872373,0.18579763,0.15308371,0.1908277,0.23775662,0.35227624,0.16635819,0.23441094,0.15099898,0.20030852,0.10398421,0.09570551,0.2167005,0.2942896
BC2026_Train_0012_S03_20220211_233000_50,0.10464151,0.07627175,0.07757483,0.32703596,0.0036216485,0.22795007,0.21224065,0.116827495,0.104100786,0.11819618,0.28424674,0.07170757,0.09231978,0.0007130689,0.0020560878,0.26326817,0.060412716,0.031772546,0.3511157,0.12116155,0.18924902,0.07330342,0.25789523,0.103858456,0.30314338,0.008466701,0.08931961,0.22345749,0.060346395,0.25481585,0.10037527,0.068365075,0.12148018,0.08508827,0.06099583,0.08861925,0.10944184,0.08110933,0.060290445,0.13230756,0.11369592,0.048323937,0.12176957,0.08737935,0.08108179,0.05909121,0.12095044,0.067609906,0.046062484,0.062298667,0.101286374,0.10009277,0.11580591,0.10423517,0.19378093,0.00093745126,0.06780262,0.3950972,0.011148337,0.20163107,0.34276655,0.028572954,0.28192088,0.4573255,0.17827934,0.036735922,0.1662296,0.036374338,0.014661213,0.15341699,0.023866817,0.031842932,0.16740794,0.20830199,0.18670522,0.1718092,0.21697712,0.23391989,0.2840776,0.23686972,0.26775405,0.14511116,0.26361609,0.111770965,0.23675357,0.24104807,0.26806676,0.2888196,0.2454695,0.20810494,0.29717878,0.22595173,0.22042276,0.22295296,0.2917508,0.26471263,0.14714524,0.26527044,0.22496976,0.22898316,0.19089934,0.16108583,0.27382296,0.34914312,0.29853782,0.25732967,0.1479567,0.07233176,0.21257447,0.24199684,0.17402586,0.2856083,0.21482301,0.22547014,0.21260363,0.22222738,0.15194196,0.16827348,0.16256374,0.23630399,0.27353552,0.23250556,0.16744679,0.27635023,0.24593495,0.1781106,0.21703035,0.19820465,0.16869617,0.23034301,0.1322407,0.29208216,0.21693406,0.18483697,0.23930456,0.14859791,0.28393692,0.26935756,0.22013986,0.32648098,0.1551881,0.2416452,0.19478056,0.22308661,0.2702831,0.18246584,0.18521175,0.08219872,0.28072932,0.24301979,0.17574756,0.16213217,0.2095892,0.2666072,0.19475818,0.17563656,0.25574088,0.13299786,0.23403274,0.2629448,0.13213071,0.22622736,0.18675509,0.27139091,0.1897334,0.3080283,0.18419747,0.15971397,0.22808908,0.29162627,0.24112405,0.039125584,0.15675452,0.24267215,0.19508243,0.22915104,0.14780362,0.2970237,0.23868617,0.24508528,0.18941402,0.13248573,0.21460536,0.21581283,0.14057872,0.14631802,0.0688425,0.23441254,0.2134476,0.29299027,0.18794283,0.2522625,0.26496685,0.24213326,0.19043228,0.24973153,0.12347205,0.18697059,0.22718334,0.18334764,0.2357133,0.14467154,0.15488416,0.19495356,0.22309193,0.25465795,0.26023164,0.2830534,0.11579336,0.26493424,0.29317987,0.2734969,0.266645,0.24791619,0.34130442,0.34412012,0.19795729,0.286992,0.24957304,0.21501826,0.14369817,0.210486,0.17619582,0.18237278,0.21746302,0.35378695,0.1454051,0.26300985,0.1540535,0.22614986,0.09342859,0.15347557,0.23910616,0.27764148
BC2026_Train_0012_S03_20220211_233000_55,0.15247005,0.08011672,0.09075168,0.34448102,0.0035185171,0.22093125,0.18463114,0.095374756,0.11405097,0.117762454,0.25934157,0.05987861,0.09977684,0.00066404056,0.0020550971,0.22975586,0.042357318,0.0311268,0.29720235,0.1516855,0.19455712,0.07159941,0.22682017,0.15779805,0.29606655,0.007251412,0.08938537,0.2364145,0.059612,0.2872218,0.10632856,0.06737165,0.12180003,0.08291633,0.058571316,0.09176416,0.11466559,0.08722401,0.06289051,0.14214723,0.12387029,0.049876165,0.12284752,0.07897729,0.076148115,0.06343478,0.11858048,0.06991926,0.0502026,0.063137725,0.11616969,0.107355915,0.11490996,0.10505781,0.20416088,0.0009131032,0.07513878,0.38703063,0.012308487,0.21648847,0.34470582,0.024283372,0.28378955,0.43708232,0.16118798,0.04214865,0.16384396,0.036429267,0.011277467,0.15495232,0.021838997,0.027501173,0.19510056,0.25280818,0.20382278,0.27534434,0.29164514,0.2718068,0.28840184,0.21240501,0.25942016,0.12096715,0.24087386,0.13874438,0.22050105,0.2528126,0.2668943,0.29900888,0.27671668,0.16082722,0.23410296,0.24343291,0.18125606,0.2296521,0.2907818,0.2550295,0.17028669,0.37471342,0.23251459,0.27495217,0.27488205,0.16123956,0.27687657,0.35667652,0.30289376,0.27656722,0.1868317,0.07740474,0.20998958,0.2623864,0.17842218,0.29398018,0.24384522,0.24252678,0.17653139,0.28931162,0.13525441,0.18843141,0.13618504,0.214142,0.2542797,0.2779085,0.19626121,0.27767742,0.2561431,0.17016032,0.25054565,0.22458187,0.2827726,0.2868342,0.11771025,0.2898723,0.29203117,0.22229122,0.15906245,0.09510006,0.27592024,0.2795631,0.27039623,0.3460158,0.14771941,0.2286362,0.2213995,0.24740513,0.19678153,0.13179226,0.28101456,0.14699909,0.28713858,0.22094935,0.15170316,0.22304925,0.21313292,0.25455406,0.17125273,0.26020437,0.18123585,0.12720448,0.19661939,0.25666377,0.20264567,0.27036005,0.21756978,0.26335943,0.23323171,0.30714825,0.18457179,0.23602685,0.22484553,0.29092473,0.25828105,0.04133751,0.1364105,0.22607392,0.24998036,0.27041963,0.135491,0.29184198,0.21207237,0.26877055,0.28985733,0.1728579,0.19755612,0.25814766,0.1304468,0.13024326,0.074650645,0.25831106,0.19202733,0.2987732,0.21094413,0.24227308,0.29677948,0.2578171,0.22426412,0.23949307,0.14019816,0.24247684,0.20500506,0.20987426,0.25351375,0.1716287,0.16486971,0.29436758,0.2520933,0.23953396,0.2563839,0.28962532,0.14042266,0.2194762,0.28893515,0.2678174,0.25074986,0.27059233,0.34476396,0.3680157,0.2490488,0.2615849,0.24988708,0.17609707,0.15836166,0.23154938,0.21399936,0.16290891,0.13701737,0.36857206,0.17169607,0.29386485,0.103277855,0.24836886,0.08677899,0.1177215,0.2528858,0.28685868
BC2026_Train_0012_S03_20220211_233000_60,0.15921289,0.088465616,0.09273509,0.2983175,0.0040905536,0.22511727,0.11358496,0.13833569,0.092767484,0.11232015,0.27009177,0.08739999,0.10122808,0.00071857555,0.0020991752,0.25510576,0.033411615,0.034388445,0.29609263,0.15086666,0.2173423,0.080585584,0.23707218,0.13114825,0.30014953,0.007186328,0.11105288,0.22140548,0.059427585,0.24496359,0.10852617,0.07042847,0.12721927,0.09529637,0.06850566,0.08587505,0.11445024,0.09000218,0.0650997,0.12805556,0.11146031,0.047127854,0.12662251,0.09375951,0.097056,0.06468802,0.12693903,0.07433795,0.055646814,0.07196623,0.10119611,0.107343614,0.115520224,0.09752286,0.2055699,0.000894494,0.07491876,0.38266698,0.013706471,0.2675001,0.37387484,0.021380357,0.23657024,0.46015793,0.16542128,0.040558632,0.1870681,0.037506197,0.012813298,0.1479421,0.027092481,0.027318282,0.1468601,0.17948104,0.18396977,0.21948943,0.21497908,0.2619948,0.22180401,0.2324291,0.2460402,0.11563832,0.21580413,0.10245446,0.23947902,0.23549438,0.2411248,0.2836069,0.22922927,0.18361239,0.255973,0.2536563,0.19645649,0.24807957,0.25405386,0.2537617,0.1544672,0.38550392,0.26060843,0.24201545,0.23110738,0.16283204,0.27223727,0.3420514,0.2944655,0.19806464,0.22362587,0.110418394,0.2372363,0.2360379,0.18008162,0.2819224,0.17115618,0.21172448,0.21314865,0.24273245,0.18395644,0.17608556,0.16265447,0.25720507,0.300549,0.22846822,0.17730772,0.2761329,0.27426776,0.2544994,0.2208028,0.17939746,0.20072138,0.27220315,0.13029918,0.29332682,0.29820868,0.20658004,0.23386824,0.13874575,0.28218898,0.24930528,0.21706252,0.30868903,0.105866045,0.2886869,0.17038879,0.21678759,0.24438742,0.14349186,0.20924494,0.08430781,0.29974625,0.26877022,0.1521209,0.2613319,0.1856753,0.24719456,0.16372268,0.23158231,0.25724125,0.14225495,0.22516622,0.15968142,0.20838064,0.2723613,0.19297738,0.26189432,0.16039796,0.31298536,0.20799945,0.25754148,0.22761145,0.29560977,0.23381963,0.14408241,0.1332032,0.26012883,0.2156347,0.19068424,0.16542332,0.29461238,0.25742057,0.25072375,0.2367521,0.14523393,0.24916223,0.23214363,0.18096352,0.14200413,0.07121709,0.2375936,0.22443868,0.28677565,0.16215451,0.24836874,0.24946342,0.2507493,0.24153066,0.23165669,0.16640347,0.17245035,0.28554705,0.1543488,0.24262711,0.2706045,0.1370035,0.2525489,0.28009978,0.26629448,0.2880754,0.28936133,0.18707445,0.26580834,0.28830978,0.26490393,0.28246924,0.29686233,0.32455465,0.35030925,0.18681824,0.2561925,0.22196603,0.1985352,0.14304158,0.21675268,0.12954372,0.13672161,0.21731126,0.3505643,0.22059949,0.2415352,0.103059895,0.21807086,0.11630398,0.13661031,0.22805318,0.28600374
BC2026_Train_0013_S13_20220217_233000_5,0.03576755,0.07440257,0.09122668,0.367347,0.0028657664,0.20500147,0.12373708,0.104372755,0.07714738,0.11404329,0.4839617,0.07909069,0.10534939,0.00072164444,0.0019807378,0.17865066,0.024644108,0.021483816,0.3496644,0.15299359,0.22269616,0.09709098,0.21971238,0.08891187,0.2549276,0.008867309,0.09266082,0.2553794,0.13873154,0.2513632,0.08797616,0.04059084,0.100729726,0.08138178,0.029378187,0.08864664,0.100761816,0.05121957,0.047728516,0.09729645,0.08846347,0.044697173,0.0934025,0.06408857,0.06316526,0.065644324,0.14623865,0.06549962,0.06019876,0.049413625,0.08513234,0.08562804,0.06561482,0.11694467,0.1932719,0.00092140335,0.091484874,0.43456027,0.010204058,0.15975687,0.36352932,0.025552955,0.26113153,0.39210296,0.108329006,0.07473706,0.1444329,0.027315296,0.013368977,0.108705066,0.021381099,0.04149817,0.18775997,0.25826427,0.17657168,0.2666464,0.2401266,0.28559795,0.2565992,0.24117632,0.2583126,0.09849533,0.2533247,0.15472902,0.22011451,0.23519042,0.28243992,0.29695213,0.22209036,0.18686847,0.28954813,0.2925121,0.18659543,0.19362736,0.29382753,0.23288178,0.21227384,0.27913034,0.28202358,0.22590928,0.23144862,0.1489501,0.28253016,0.33325726,0.2985692,0.2401178,0.15442562,0.08291283,0.2569654,0.25336295,0.21940862,0.29031685,0.24369301,0.28936645,0.16772532,0.28966865,0.15198457,0.16694552,0.15331373,0.25862753,0.2578119,0.28246674,0.22211161,0.26176786,0.27813235,0.16171168,0.24002185,0.2367189,0.2423899,0.23388568,0.23902924,0.29779905,0.19675845,0.18230961,0.16784304,0.124988005,0.24953204,0.29705468,0.26138848,0.25260016,0.15681551,0.22757365,0.23625354,0.24914338,0.17329407,0.21663462,0.25246924,0.09142803,0.21416527,0.21878003,0.10321622,0.24347275,0.23211338,0.24883837,0.19245741,0.23469277,0.17165373,0.12041286,0.23718697,0.233009,0.26000756,0.2800746,0.18157224,0.26396784,0.21940956,0.22491384,0.13666408,0.26537356,0.21828704,0.2960688,0.23752075,0.07880659,0.1681341,0.21464208,0.2082014,0.24575746,0.21094248,0.29975942,0.19295739,0.26093027,0.24925424,0.20257829,0.19516028,0.20956117,0.13712324,0.13474691,0.080633216,0.19659135,0.1753551,0.28762227,0.21473758,0.25486207,0.26651153,0.296019,0.25049317,0.23394142,0.1867353,0.21595198,0.27720118,0.108981565,0.2731958,0.16673034,0.16720548,0.27110267,0.2718776,0.26309845,0.29581365,0.2951562,0.14769842,0.28746152,0.27433547,0.2981104,0.1982848,0.25715125,0.3267767,0.33449525,0.18103433,0.27595186,0.27236843,0.19085011,0.15558404,0.21189633,0.13944264,0.12424022,0.2757457,0.38283205,0.16278346,0.23599258,0.10790693,0.26709357,0.06803103,0.15758416,0.20874332,0.27576628
BC2026_Train_0013_S13_20220217_233000_10,0.04093603,0.07840155,0.06506301,0.3559702,0.003222807,0.18737741,0.11876076,0.09490646,0.06545738,0.10933241,0.3813197,0.046264566,0.09746098,0.00071367074,0.001953409,0.18276003,0.01829024,0.019621028,0.34807914,0.15132535,0.19763993,0.10530417,0.2143056,0.09469405,0.2098158,0.008937671,0.089092374,0.23819402,0.09400536,0.24489467,0.09732836,0.04550042,0.10979509,0.08804546,0.034256347,0.10050093,0.10455078,0.056984834,0.05235771,0.10425985,0.09179759,0.05166015,0.10204282,0.07023372,0.07417893,0.0741683,0.15905738,0.07128448,0.06647674,0.056364574,0.09341882,0.097572386,0.073746964,0.12481042,0.20593396,0.0009027399,0.100485906,0.42304054,0.009485376,0.16981344,0.34722906,0.02473764,0.23583442,0.36409158,0.11496172,0.061129615,0.17715403,0.02623732,0.013840277,0.09824088,0.024692632,0.043195464,0.16354898,0.25369653,0.17122847,0.25703427,0.2791598,0.27572072,0.27760333,0.20663263,0.24961498,0.13851172,0.2543267,0.12738548,0.24239798,0.24449193,0.24909693,0.28982812,0.22993313,0.19089165,0.25909802,0.27369326,0.16073646,0.16127212,0.28537786,0.23926766,0.16949026,0.25221235,0.2701331,0.27958292,0.21933801,0.14797887,0.2803823,0.33699253,0.29932645,0.20485075,0.15383781,0.08417292,0.24722315,0.24864048,0.22322579,0.29289976,0.23852663,0.2906312,0.14603117,0.27511057,0.22437799,0.21742542,0.15952778,0.2482338,0.28389564,0.27892256,0.22832806,0.27025306,0.2711058,0.18503317,0.20583421,0.21540385,0.27716708,0.23959829,0.14899467,0.29505956,0.16506581,0.19395001,0.20034283,0.13518164,0.28536722,0.28305867,0.25518742,0.21994507,0.118649594,0.2598514,0.24809135,0.25838128,0.16648138,0.14783522,0.23944442,0.08118971,0.19421709,0.18221174,0.12398463,0.2500242,0.2582385,0.24976046,0.15406744,0.24007623,0.16780695,0.10566026,0.2229502,0.20519082,0.23638867,0.24757975,0.12989274,0.25501284,0.2409247,0.24257934,0.15081792,0.27516618,0.22398776,0.29676875,0.22823657,0.07210091,0.22314557,0.24242182,0.20136712,0.25259486,0.21362747,0.29867503,0.23059428,0.27616104,0.27339536,0.21076567,0.2348501,0.21288936,0.11753809,0.14083771,0.071891315,0.23303795,0.1927891,0.28960395,0.20987447,0.22265922,0.28535113,0.29192412,0.23567863,0.2479486,0.1965294,0.26009107,0.25382897,0.09134294,0.2762666,0.16240205,0.12263413,0.27244437,0.2449099,0.2748037,0.29816252,0.29358158,0.107457355,0.28447595,0.26923794,0.29857752,0.21309453,0.25555,0.31671658,0.33187753,0.1798455,0.28402957,0.24513386,0.2003158,0.15051863,0.19686656,0.10944067,0.11737294,0.24410622,0.3770844,0.22153321,0.25969726,0.108824626,0.24486497,0.07573481,0.18339688,0.22353873,0.27680296
BC2026_Train_0013_S13_20220217_233000_15,0.038015325,0.07576921,0.08747652,0.3885666,0.0039786333,0.18144971,0.06438572,0.15534434,0.06299323,0.10113374,0.44362503,0.052236844,0.13401203,0.000801745,0.001852432,0.20969658,0.027811063,0.019260544,0.37708876,0.17692132,0.23178655,0.09927007,0.25681823,0.105612986,0.28987435,0.008381464,0.13717362,0.26889116,0.10163612,0.28645664,0.092125446,0.041864764,0.100751854,0.0913737,0.03070744,0.09483799,0.109306574,0.05722798,0.047425866,0.10485605,0.093964234,0.045085344,0.09890964,0.06513919,0.06730895,0.07176915,0.16438721,0.07337663,0.061283566,0.056034394,0.09230186,0.099119864,0.07322018,0.12014647,0.20076986,0.0009764136,0.100858055,0.41399047,0.010545423,0.16506445,0.35592407,0.026522506,0.28125405,0.3994347,0.108560264,0.08570205,0.14002219,0.03245467,0.020348322,0.095727965,0.02622667,0.05109963,0.1964135,0.19302541,0.17669639,0.27130795,0.26582545,0.28298038,0.23190148,0.1723296,0.26184595,0.122609064,0.24609856,0.16397367,0.25626898,0.2549176,0.2735136,0.28293836,0.21996808,0.22643712,0.28849953,0.2867045,0.19387963,0.15567684,0.29709256,0.2834167,0.15322806,0.2609899,0.28639036,0.22915538,0.19042781,0.14135337,0.27931926,0.33962023,0.30091986,0.23666064,0.12896009,0.10352268,0.25027144,0.21553364,0.22738825,0.28283018,0.23484136,0.2922556,0.13596576,0.27030095,0.17424244,0.2048526,0.15409249,0.2519813,0.23185758,0.28118107,0.20714377,0.2894534,0.28744924,0.17549375,0.20874986,0.23600493,0.2615117,0.21054019,0.14604585,0.29670417,0.19266336,0.13714904,0.24833108,0.1221883,0.26146933,0.28426218,0.24928758,0.28508615,0.1325838,0.28778794,0.22640744,0.2630412,0.19888084,0.18350221,0.24383749,0.12356951,0.16654482,0.21813776,0.13111901,0.2737744,0.23108564,0.2631502,0.24622525,0.24120812,0.17965305,0.118045606,0.25396717,0.23677854,0.23722954,0.2676176,0.14698055,0.23740208,0.23435038,0.28426856,0.12564479,0.26681143,0.2244831,0.29742822,0.23925918,0.09701339,0.19725388,0.25863582,0.22729301,0.27368134,0.2200671,0.29775235,0.2346433,0.2564321,0.22567584,0.19875634,0.19238727,0.23196028,0.20517528,0.13038014,0.06583363,0.21541199,0.17995188,0.2793759,0.2392384,0.21948405,0.27541384,0.28997612,0.2223543,0.2575716,0.1838798,0.24066792,0.2629837,0.10473825,0.27598098,0.18684061,0.14498758,0.2927353,0.2599135,0.25091437,0.29875278,0.2942022,0.13465351,0.2861747,0.29300043,0.2989279,0.18809745,0.2888425,0.31855708,0.3323283,0.25313437,0.28367317,0.24262936,0.22771336,0.18025254,0.17764668,0.18066612,0.113371156,0.2757356,0.35917538,0.1943371,0.28034332,0.11597975,0.26734015,0.07146361,0.14352468,0.23148195,0.2759771
BC2026_Train_0013_S13_20220217_233000_20,0.04800789,0.114659965,0.13528678,0.43489295,0.0031968367,0.18129297,0.081823714,0.2142079,0.055077583,0.0700941,0.4308035,0.15771109,0.1264784,0.0008425481,0.0016364156,0.23796687,0.037726764,0.021245573,0.45813656,0.18844748,0.20929901,0.096014395,0.25907612,0.11245361,0.28799576,0.006142713,0.15030469,0.24827078,0.117102236,0.27537483,0.12927258,0.08217047,0.15412676,0.12821965,0.04608312,0.11331805,0.14585969,0.09654452,0.08040042,0.1516765,0.15291989,0.062467754,0.15487716,0.08804818,0.08893759,0.09705965,0.19052781,0.10388364,0.06127115,0.06580623,0.15831119,0.14273632,0.12334789,0.13797393,0.25891814,0.0010180493,0.11105056,0.22654101,0.013894769,0.17729536,0.38396645,0.028397758,0.28833482,0.35393807,0.09680816,0.16042176,0.15067744,0.033473402,0.012938173,0.09213612,0.04029275,0.041996963,0.21102329,0.24807125,0.27103212,0.22739582,0.2713072,0.28851113,0.19867603,0.25482887,0.1742503,0.16127236,0.28043735,0.24108909,0.18906829,0.2705499,0.23982824,0.28075024,0.27301654,0.14463215,0.2831571,0.29944092,0.17488272,0.25514624,0.1567928,0.21175964,0.2551826,0.30791253,0.20802698,0.1715721,0.23152655,0.15301323,0.28859687,0.37345117,0.30208227,0.26543546,0.22930473,0.11959422,0.2587984,0.2815461,0.25339007,0.2957073,0.25922003,0.2863267,0.20196687,0.28831184,0.23902471,0.25561717,0.22287035,0.26754996,0.25558963,0.2883253,0.28882477,0.2844717,0.29109645,0.24257882,0.24946003,0.28345865,0.2956102,0.2636294,0.24272037,0.28013974,0.2686831,0.17756768,0.24889635,0.23354416,0.2567144,0.29144144,0.20923185,0.3881799,0.15685812,0.10194175,0.24972868,0.22586294,0.28940126,0.2619684,0.2952186,0.1132047,0.31315124,0.24491723,0.27532148,0.2714007,0.22929189,0.19422926,0.2700596,0.2840794,0.21473652,0.14391547,0.251829,0.25339618,0.24870361,0.21562791,0.22084849,0.23712862,0.25925115,0.32138544,0.17605752,0.19755973,0.18107812,0.29785132,0.24818069,0.11144109,0.21001123,0.24376906,0.21608834,0.28998607,0.175458,0.23688282,0.27517247,0.2786551,0.28470305,0.2265652,0.24990933,0.19549268,0.16312574,0.15264751,0.111600935,0.27035722,0.21705525,0.2787965,0.25756428,0.24126159,0.21524844,0.29249305,0.25639057,0.23236983,0.21795051,0.2844166,0.28651303,0.23799354,0.2928775,0.25448436,0.18131594,0.24890637,0.26657918,0.25575238,0.22267146,0.29854202,0.1502587,0.28816506,0.28467628,0.2754237,0.27030784,0.26127335,0.30838788,0.34895825,0.19274071,0.2682236,0.22456606,0.1653496,0.18695118,0.21465825,0.27694708,0.15533003,0.15853605,0.44969293,0.27362737,0.23759729,0.1048713,0.2823669,0.1539667,0.17663705,0.2548593,0.2987264
BC2026_Train_0013_S13_20220217_233000_25,0.050979055,0.09147636,0.0873353,0.39082035,0.003222725,0.20805973,0.051658683,0.12400109,0.06544902,0.09093233,0.36502352,0.06514165,0.11206799,0.0007893706,0.0018621553,0.21956517,0.021386053,0.019505318,0.40044057,0.16341901,0.20971802,0.09419343,0.22242756,0.08258661,0.22251707,0.0072109224,0.10475677,0.26790115,0.09857538,0.2686883,0.12384884,0.05121247,0.1158556,0.10543283,0.03433126,0.107379936,0.13856196,0.072150186,0.062193383,0.12835917,0.11448257,0.05346148,0.11493915,0.06771562,0.07330325,0.08984356,0.18814187,0.08316873,0.07612467,0.05660089,0.11837957,0.11261873,0.08769991,0.13512081,0.22464049,0.0010510216,0.11903976,0.3559206,0.010036422,0.13487092,0.33927715,0.028405627,0.28030837,0.33463138,0.09064899,0.14467654,0.1369493,0.031979956,0.0123746265,0.106119305,0.033084102,0.039445207,0.19075148,0.20157449,0.22712855,0.2467854,0.29420683,0.28940207,0.25092715,0.21021764,0.22281939,0.14156747,0.25642174,0.1759529,0.18437386,0.24902032,0.27931583,0.29295412,0.2365258,0.21892649,0.28129816,0.27938423,0.17904016,0.20111635,0.27899402,0.19321424,0.16842079,0.289963,0.28971133,0.24599184,0.30452737,0.079092845,0.28483582,0.34067,0.29843292,0.26443118,0.19533274,0.09817085,0.26484454,0.2444155,0.24305052,0.29313618,0.2482733,0.29146358,0.17822137,0.28819618,0.251246,0.19038172,0.23172761,0.27737913,0.26253015,0.28114069,0.25663224,0.26173142,0.2532316,0.21282905,0.24851394,0.2265386,0.28904793,0.24517833,0.2002386,0.29916835,0.17863634,0.19092393,0.25901076,0.12422626,0.26158446,0.28839287,0.26794356,0.2706982,0.19214408,0.25701717,0.25503778,0.2599904,0.17838316,0.17756592,0.24623924,0.09828209,0.2209366,0.1931202,0.1427403,0.24295038,0.2609143,0.2597233,0.16744082,0.27585432,0.20970044,0.13131778,0.22509766,0.21492064,0.19344538,0.27023035,0.1621525,0.24673544,0.28655288,0.24891922,0.16880688,0.25417882,0.25231028,0.2968822,0.25488463,0.14731522,0.23847114,0.2223849,0.21609183,0.25907448,0.21540022,0.29980367,0.224967,0.26411983,0.24509522,0.28720936,0.21304376,0.22616127,0.14265701,0.1405998,0.20715311,0.24296977,0.2319393,0.2848396,0.22615741,0.2457893,0.26032937,0.29632095,0.24700314,0.24931291,0.21036646,0.27025753,0.27080777,0.106664814,0.2814736,0.14849637,0.156889,0.28364125,0.26910627,0.2783858,0.28824407,0.2933637,0.15967073,0.28551787,0.28434524,0.29920396,0.20871565,0.2615476,0.31275505,0.33876523,0.2337247,0.2510551,0.2759174,0.14456272,0.19151111,0.23009302,0.14948928,0.12964427,0.23330952,0.3904026,0.2468431,0.21392797,0.10145133,0.27533132,0.06837245,0.1631333,0.2135437,0.28101584
BC2026_Train_0013_S13_20220217_233000_30,0.058247544,0.10951724,0.12848344,0.4094293,0.0042685624,0.19172339,0.044660643,0.19749463,0.07007886,0.084782094,0.5106228,0.09892514,0.10010177,0.00077946717,0.0018727841,0.24075454,0.033410247,0.02089117,0.41614783,0.1829326,0.24425009,0.090403095,0.2464791,0.09024774,0.28146702,0.006887711,0.12716866,0.22402723,0.115577474,0.28432807,0.11728959,0.064597234,0.13528937,0.12425915,0.040357307,0.12061985,0.14880134,0.08398838,0.0717838,0.1290785,0.1316996,0.06722512,0.117472485,0.0827595,0.084925644,0.092903346,0.18540107,0.09498433,0.060525876,0.06988936,0.13248311,0.120420456,0.1081501,0.14561403,0.22923079,0.0011997639,0.121586785,0.32694033,0.010172775,0.20421413,0.37630594,0.037097346,0.27917767,0.35452694,0.1263179,0.21339023,0.14212392,0.028322896,0.016257046,0.10283822,0.04720795,0.043035634,0.21114591,0.18771587,0.22327326,0.26002586,0.21233131,0.29409617,0.25089532,0.2200581,0.2484474,0.1444526,0.28167748,0.11812289,0.26777667,0.27391133,0.293448,0.2809706,0.2045976,0.20497702,0.29255885,0.29915586,0.15367389,0.22200915,0.2846638,0.23682818,0.23116095,0.2917179,0.28030342,0.14481895,0.25540698,0.11036995,0.28706855,0.3545614,0.3025747,0.24761781,0.19287056,0.11942794,0.25283366,0.24754646,0.24195781,0.29117998,0.28720286,0.2902711,0.21731292,0.28205708,0.23208852,0.21582948,0.24231,0.28486377,0.29109722,0.29438415,0.2503966,0.27122685,0.29616714,0.2740569,0.22519414,0.24746776,0.24413113,0.25317222,0.25466794,0.29532167,0.19754836,0.2237455,0.20885952,0.2280501,0.29428208,0.28202423,0.2612243,0.37105706,0.1514376,0.19755663,0.24829018,0.23237716,0.28016472,0.22523826,0.2792666,0.08631928,0.2796583,0.24115595,0.11326824,0.25617188,0.26211205,0.25316122,0.26701197,0.23496914,0.25560987,0.13771197,0.25618732,0.25896582,0.22781245,0.2818298,0.19111943,0.26775163,0.22726297,0.33691683,0.19839047,0.22779486,0.22386883,0.2962398,0.23055463,0.12810391,0.22692883,0.22365676,0.22165185,0.26016793,0.21887144,0.29953375,0.2520155,0.29111293,0.25949305,0.23163827,0.22373779,0.24270293,0.14521368,0.1570468,0.14721718,0.23017861,0.22274208,0.29135448,0.24613711,0.23537754,0.26660627,0.29705596,0.25605124,0.24729852,0.21296564,0.22408554,0.2712751,0.1756148,0.28199428,0.17803778,0.14358051,0.26207054,0.26729798,0.2699582,0.28801775,0.29784936,0.14958198,0.27998546,0.28747317,0.29416782,0.25854766,0.24295336,0.31331268,0.33973986,0.19343343,0.2782755,0.25506607,0.19199544,0.14742471,0.2024551,0.19268693,0.12205027,0.24197577,0.40301654,0.25141132,0.24917755,0.10780515,0.27498257,0.07068653,0.14259765,0.23243804,0.2752859
BC2026_Train_0013_S13_20220217_233000_35,0.04917994,0.07787874,0.0770034,0.35633427,0.0060253427,0.20279066,0.057295267,0.16130008,0.073577136,0.10047537,0.5195447,0.06711501,0.10634085,0.0007699807,0.002029419,0.26748762,0.02674076,0.01948911,0.3762653,0.15668944,0.2526735,0.09626469,0.1941617,0.0957436,0.27010024,0.006531786,0.17324953,0.23370917,0.10323796,0.23797934,0.101915106,0.04218203,0.100642025,0.09834558,0.030372197,0.0959262,0.11096821,0.058355074,0.04898914,0.10195379,0.09263933,0.04541431,0.09477505,0.06164367,0.060522486,0.07265676,0.16553263,0.07293412,0.06512034,0.054261465,0.09553155,0.09265394,0.075144775,0.12732477,0.20413864,0.001309149,0.0975764,0.40891397,0.010629834,0.18408552,0.37823492,0.03279061,0.25655377,0.36617535,0.12929916,0.18362176,0.12713386,0.030495605,0.025825039,0.09489789,0.025970941,0.04639113,0.20250474,0.22302847,0.19792566,0.2433841,0.269118,0.28155506,0.22723356,0.2188908,0.2542955,0.15131956,0.27318326,0.15382318,0.22408922,0.24283913,0.28085053,0.28997865,0.1840508,0.19744483,0.2800971,0.28253824,0.14970633,0.17646255,0.28785717,0.25335667,0.12031531,0.36740622,0.28017744,0.21370971,0.23078917,0.14722039,0.27792946,0.3378219,0.3006524,0.21957855,0.13161162,0.10672438,0.28029218,0.23325604,0.2408473,0.2895352,0.26247138,0.29158026,0.2016223,0.2744765,0.29526395,0.18445005,0.28945863,0.2482981,0.25434667,0.290376,0.20929098,0.24540898,0.29271913,0.21928112,0.22722864,0.23885246,0.24145572,0.18976715,0.1771244,0.29772052,0.17772993,0.18104562,0.23449568,0.14673322,0.24613403,0.28691873,0.23736414,0.28988796,0.14053696,0.20817173,0.24437267,0.2630373,0.21976364,0.23704997,0.28197452,0.11902065,0.22417912,0.22384496,0.24251445,0.257232,0.24104697,0.26046127,0.18593527,0.22849013,0.18684256,0.16152486,0.25000924,0.263322,0.20538604,0.26499277,0.1746904,0.24675228,0.24504767,0.2774828,0.15202509,0.25299114,0.20345616,0.29885235,0.2442984,0.12061189,0.20570408,0.22903764,0.30158114,0.2839607,0.22108789,0.29934207,0.22458914,0.27105838,0.28523648,0.20515324,0.2399297,0.24032465,0.17077151,0.120939866,0.087920606,0.1901611,0.20441559,0.28682694,0.24302231,0.26631406,0.26833394,0.29029214,0.2174534,0.22654533,0.22071856,0.23930566,0.27168837,0.10613403,0.28202513,0.21280654,0.15534985,0.28801206,0.24947906,0.26152188,0.29515684,0.2907848,0.14516246,0.28640833,0.2799512,0.298063,0.22557643,0.24001592,0.3167086,0.34032172,0.21086237,0.279748,0.26016325,0.17746422,0.14350441,0.19024451,0.17453545,0.13115223,0.2858647,0.38755944,0.21970817,0.28546652,0.12677442,0.24616751,0.05868667,0.10497586,0.20950127,0.27926055
BC2026_Train_0013_S13_20220217_233000_40,0.059410013,0.07614196,0.0826581,0.37876493,0.0033269026,0.21189725,0.046427526,0.07526426,0.06543561,0.10150838,0.45413885,0.05012224,0.103133425,0.00076218904,0.0021309077,0.24573866,0.015579221,0.021711996,0.34215784,0.14178988,0.26207325,0.09470091,0.24523892,0.10214272,0.22026345,0.0078996755,0.15134744,0.24102497,0.07889735,0.24918228,0.09882623,0.04091982,0.097198725,0.091696225,0.028963327,0.08891296,0.10924739,0.05310204,0.046578046,0.10051564,0.08790024,0.04304795,0.0954779,0.058725983,0.0658026,0.06967703,0.15887327,0.0698577,0.059938304,0.049268268,0.08996433,0.093539864,0.07406561,0.11889539,0.19655111,0.001342725,0.097196855,0.41344336,0.010221573,0.22204787,0.3348206,0.027118146,0.30029005,0.3445531,0.11735912,0.13472311,0.15335289,0.03041014,0.028315209,0.10131757,0.02615368,0.04300602,0.21898767,0.18082726,0.19018157,0.23172225,0.27457258,0.28552213,0.26141968,0.18107338,0.22699513,0.1105735,0.26305217,0.16225587,0.26047426,0.21154097,0.2972434,0.27739078,0.23072475,0.14830817,0.2953447,0.28580645,0.124914,0.161527,0.29165062,0.23837206,0.17057753,0.33250907,0.28355432,0.24728845,0.21454394,0.095854186,0.28063616,0.3359359,0.29959625,0.23079535,0.15321337,0.10415749,0.24532421,0.24997061,0.2707987,0.28530234,0.2805872,0.2897786,0.14762506,0.27895227,0.28764793,0.20566775,0.28027037,0.27406037,0.2580799,0.28817695,0.2302072,0.24335447,0.28055948,0.17182018,0.20955105,0.22475788,0.27882925,0.18379162,0.13549447,0.2948041,0.14642921,0.18353795,0.18330275,0.13311571,0.2606309,0.28766066,0.26225054,0.27293277,0.14698826,0.22416334,0.25466806,0.27343658,0.1956529,0.12613451,0.25347638,0.10565139,0.15929899,0.19363122,0.14794329,0.18484294,0.24850509,0.25296646,0.14688723,0.22680196,0.19095355,0.12848878,0.25967056,0.21243377,0.20999195,0.27531493,0.13460553,0.23108588,0.21164307,0.2400515,0.1187962,0.24310793,0.25698218,0.29403386,0.25797847,0.13015296,0.2427135,0.23306543,0.20659852,0.26374185,0.24264957,0.2995959,0.25974876,0.2804037,0.24285568,0.20980747,0.23432532,0.21270896,0.16735592,0.10823058,0.07646636,0.25214115,0.20890985,0.28396374,0.23529659,0.22115038,0.2911398,0.29637858,0.22875035,0.2450408,0.21555106,0.25681618,0.25714296,0.115935184,0.26981747,0.1584181,0.1583462,0.2550787,0.25494304,0.27411816,0.29221016,0.2947378,0.13679482,0.28267312,0.28838897,0.29859498,0.26744342,0.25224754,0.31468022,0.33201683,0.2385117,0.29060885,0.26924554,0.16516009,0.16640899,0.1868739,0.14894003,0.13390999,0.28011882,0.3703337,0.25204623,0.24731824,0.122475766,0.25899258,0.056198273,0.1188286,0.20391001,0.2809682
BC2026_Train_0013_S13_20220217_233000_45,0.04764059,0.11916454,0.097957656,0.39774895,0.0035249414,0.20286126,0.08684406,0.13914894,0.05322943,0.07462572,0.5683184,0.14711274,0.11189896,0.00078065484,0.0017300071,0.25406316,0.023401607,0.023130186,0.4169644,0.18428913,0.22177291,0.096582025,0.13701728,0.11565046,0.28058764,0.005991747,0.1920483,0.23792121,0.100257255,0.28497526,0.12867936,0.083815694,0.15066358,0.12850256,0.04425452,0.117332056,0.14515422,0.09577621,0.082358204,0.14910308,0.14654446,0.06619181,0.15109642,0.08553469,0.089561954,0.1027838,0.19598953,0.098657764,0.06428337,0.0712383,0.15622362,0.14028881,0.12251101,0.14032045,0.25926423,0.0011677624,0.12144921,0.23035616,0.017392172,0.19208562,0.33708876,0.03460139,0.28114077,0.33841687,0.09972779,0.17589316,0.15363222,0.042201668,0.018431805,0.113789275,0.040038824,0.048922278,0.19382201,0.23326495,0.31577647,0.24352452,0.28598836,0.28709316,0.2219796,0.27747023,0.22464292,0.23481734,0.26177034,0.18840334,0.19385068,0.28434494,0.22620521,0.2676623,0.25269383,0.17131872,0.2693113,0.2995327,0.18538933,0.28635138,0.15647954,0.26094216,0.26797184,0.33007783,0.19691145,0.14329863,0.24196059,0.11567701,0.28977197,0.373233,0.3006756,0.24483348,0.18298668,0.18418123,0.27328497,0.26115343,0.22536962,0.29092276,0.25496933,0.28840253,0.20627788,0.28863958,0.2692831,0.23798059,0.21452685,0.27923888,0.26526558,0.29370883,0.28239074,0.28422385,0.2821638,0.22085531,0.28602502,0.26295593,0.28891608,0.27146024,0.2585258,0.2822382,0.22765721,0.21053602,0.26094496,0.16542524,0.2912797,0.2921937,0.25340578,0.29451555,0.12568219,0.14903963,0.21141891,0.23162849,0.29303363,0.2524053,0.26673836,0.13824713,0.32048678,0.26542938,0.22671993,0.22352737,0.28087345,0.21761672,0.29326516,0.25229847,0.23274063,0.1933395,0.25848523,0.28459844,0.24174848,0.22351038,0.2354306,0.25131243,0.2562488,0.34732258,0.17308934,0.24189204,0.21673845,0.2963722,0.23762238,0.14612296,0.2085745,0.25349054,0.22542948,0.27548414,0.19907348,0.19127099,0.25554162,0.25490996,0.2742894,0.28864443,0.21859495,0.2254783,0.23423745,0.13497363,0.10652693,0.24772978,0.251675,0.27412266,0.2527035,0.28588358,0.16558129,0.28650633,0.25610912,0.2603634,0.19216956,0.2860361,0.27640837,0.23470606,0.2779361,0.1685306,0.15649249,0.27086225,0.265623,0.27496052,0.25357303,0.29652634,0.141478,0.21609275,0.2591435,0.28414676,0.22605541,0.26447538,0.30932298,0.3417551,0.20811878,0.2678299,0.20733234,0.176166,0.19383352,0.18609644,0.27620828,0.13917902,0.18283333,0.40868238,0.25675017,0.256793,0.1408605,0.2879449,0.10202159,0.18317205,0.2624218,0.29623985
BC2026_Train_0013_S13_20220217_233000_50,0.06915235,0.10505998,0.08713196,0.41224027,0.0027973517,0.15262134,0.06922915,0.13932471,0.046539128,0.07109016,0.5532985,0.095653094,0.110306226,0.0007716423,0.0015852503,0.24197105,0.02621159,0.020756654,0.36822322,0.149219,0.18849997,0.08960532,0.19776593,0.12883195,0.31982404,0.006032987,0.15031481,0.26046774,0.09249576,0.24686328,0.14655307,0.0640006,0.15040305,0.10634233,0.035618432,0.1082953,0.17827636,0.0992709,0.07486105,0.1651655,0.14187641,0.057916325,0.14932482,0.06671415,0.08179712,0.10149968,0.20295925,0.10264754,0.06721176,0.0658981,0.16363686,0.14852509,0.13035408,0.13119316,0.26481634,0.001018828,0.111370966,0.21517664,0.010799335,0.19425061,0.36545265,0.029130781,0.20069663,0.34016532,0.08689549,0.15707912,0.14176673,0.034232687,0.012483897,0.09245336,0.028275397,0.033581413,0.24610157,0.19841042,0.3235526,0.24810515,0.2926491,0.2956011,0.25500977,0.156162,0.2222706,0.19083641,0.28964397,0.15929161,0.20782764,0.28458878,0.26117322,0.28949976,0.2546996,0.18648227,0.25761962,0.28074437,0.11801167,0.187944,0.10405696,0.19793206,0.27185836,0.36612272,0.24933569,0.14737096,0.32547507,0.13568689,0.29697794,0.36315894,0.30167422,0.27128977,0.18676147,0.19632673,0.28930432,0.24110466,0.26956335,0.29444343,0.276784,0.2948983,0.20205492,0.28305557,0.29544234,0.24586882,0.2782646,0.293571,0.28141892,0.296083,0.28211224,0.28516838,0.28457552,0.25349587,0.2193006,0.22852126,0.2915676,0.26422992,0.1707631,0.28970054,0.16326123,0.2517903,0.27870658,0.13873097,0.2607901,0.2983955,0.24485964,0.26831746,0.13967982,0.16395672,0.2580598,0.23907244,0.2143892,0.20172071,0.2802097,0.24967015,0.255301,0.21723682,0.22866216,0.22109708,0.27871105,0.2291831,0.22609444,0.2900842,0.24829087,0.15171182,0.18122473,0.201969,0.23655885,0.23149796,0.1409327,0.28732497,0.27360317,0.19883312,0.14406371,0.25079176,0.25705364,0.29875875,0.28806257,0.14794475,0.27638155,0.27602148,0.23185614,0.28063372,0.21445064,0.24751703,0.24331084,0.27644312,0.27477136,0.2761429,0.29606718,0.23588409,0.1507283,0.14228763,0.17889372,0.2826623,0.23640864,0.28126127,0.2844005,0.29454,0.21598768,0.2750799,0.2841107,0.2760721,0.2299562,0.2877128,0.26948112,0.1508145,0.2906638,0.1924003,0.20453472,0.29871455,0.25320557,0.26997712,0.21489191,0.29263282,0.17465885,0.2608929,0.28199366,0.2844564,0.24902517,0.26085633,0.308016,0.34262377,0.26903728,0.26976705,0.24720515,0.12951656,0.23495823,0.26463428,0.23635687,0.17455705,0.12625773,0.4482755,0.27965143,0.24379022,0.12779862,0.27535594,0.0749487,0.16773798,0.23048764,0.28877708
BC2026_Train_0013_S13_20220217_233000_55,0.04205164,0.11211804,0.11148179,0.40251136,0.0034875213,0.2117281,0.053946465,0.15375866,0.056049988,0.09074171,0.52500147,0.120218456,0.09904611,0.0007609555,0.0019480862,0.26619986,0.020668477,0.024259914,0.32582963,0.16154568,0.24415807,0.09497379,0.22188056,0.078122355,0.24530399,0.0074107554,0.1961807,0.24311379,0.11426859,0.31777355,0.12862948,0.061365556,0.1338831,0.11915164,0.03707543,0.11886191,0.14876816,0.07952541,0.07295271,0.13811916,0.13246898,0.062425368,0.12205739,0.08072375,0.09112322,0.10285489,0.18857034,0.09376804,0.06603195,0.071025684,0.123224914,0.1260921,0.10239251,0.14671394,0.23147234,0.0010442752,0.1333509,0.3240156,0.0106703285,0.16501546,0.29479188,0.029420502,0.25490132,0.36587402,0.09111953,0.17988282,0.15260962,0.030432617,0.021486927,0.120696016,0.04165922,0.041403122,0.19356987,0.20160246,0.2818471,0.23437311,0.28561732,0.286904,0.23888206,0.2119301,0.23606987,0.15434429,0.27079278,0.14282638,0.268583,0.26697886,0.28227285,0.29520074,0.25459146,0.16392967,0.27942836,0.29185405,0.16781348,0.2117731,0.28356633,0.24897747,0.13086665,0.33687955,0.2975856,0.21551764,0.3596984,0.14122169,0.28775984,0.3504527,0.29952094,0.24409181,0.20276888,0.15556416,0.23581088,0.2768053,0.22125708,0.29693973,0.24375318,0.28174803,0.20035605,0.2971654,0.22380225,0.19309829,0.21669085,0.2793457,0.2586265,0.29308686,0.26175717,0.2783835,0.28511855,0.17221145,0.23902257,0.26639578,0.28838742,0.25141937,0.21062055,0.29092887,0.16668499,0.26359177,0.23923928,0.18808058,0.2681293,0.2826821,0.26721156,0.3699837,0.12292749,0.28965023,0.24708009,0.23729227,0.26667705,0.20174685,0.27805844,0.10775726,0.19330204,0.2560231,0.1495352,0.23850104,0.26300114,0.2358835,0.25122046,0.27769944,0.2348876,0.15649654,0.27575988,0.27183586,0.18093961,0.29203728,0.19091175,0.22772776,0.27107227,0.3068911,0.1899561,0.22185007,0.23565997,0.29432213,0.245098,0.130974,0.23545912,0.2086169,0.18633054,0.25847134,0.20858243,0.2973299,0.23047283,0.2710134,0.26865724,0.20031619,0.21903099,0.22594637,0.18242238,0.15129398,0.16499789,0.24267448,0.22765301,0.2565332,0.24604225,0.21222328,0.28643024,0.29696536,0.24408497,0.23011766,0.21864691,0.26916093,0.24276347,0.13671142,0.2810277,0.16706064,0.16967008,0.2883865,0.2825832,0.24727727,0.2943289,0.29363376,0.1741825,0.29703656,0.29126635,0.29614425,0.21956176,0.274705,0.3127209,0.33238125,0.20768858,0.25971568,0.24321489,0.23131551,0.17528458,0.19877604,0.18676618,0.1957683,0.25299475,0.39596567,0.2551416,0.27461663,0.11319887,0.27832466,0.110985816,0.14856541,0.25740838,0.28416392
BC2026_Train_0013_S13_20220217_233000_60,0.03039771,0.117229916,0.18330494,0.3936897,0.003237444,0.20360912,0.07908346,0.2267136,0.06252064,0.07965297,0.5032897,0.1892512,0.09229405,0.0007852142,0.0021235174,0.21769582,0.029227901,0.023419272,0.3720292,0.19262671,0.21276478,0.10078702,0.16612786,0.08567638,0.24530225,0.005905724,0.13047686,0.24812697,0.11795528,0.28637293,0.14342344,0.06426611,0.15485653,0.11512987,0.036234803,0.12028675,0.16676675,0.09138404,0.09482604,0.15257978,0.13802963,0.06545227,0.13913237,0.07608162,0.09321704,0.11012228,0.19032782,0.09651522,0.06965382,0.06525874,0.14783174,0.14189269,0.11897471,0.14822668,0.25692368,0.0009696174,0.13273188,0.24437796,0.01105641,0.14112741,0.30902117,0.028554028,0.2443758,0.3527745,0.09192136,0.14940205,0.1578534,0.027947916,0.0116518,0.11458744,0.038832773,0.045062114,0.192767,0.18096234,0.21958421,0.26472366,0.26281744,0.29308578,0.16756158,0.24573569,0.23398949,0.15987197,0.29728127,0.111166306,0.19663027,0.29466307,0.28083798,0.2994529,0.23912817,0.18331304,0.2648284,0.29755968,0.17905663,0.2469851,0.2223241,0.21842243,0.28188148,0.41379574,0.29353932,0.17912072,0.3369952,0.14221966,0.28704888,0.35843566,0.29640588,0.26477084,0.21069746,0.08686951,0.26373363,0.28545123,0.28446585,0.2810495,0.2037816,0.27861133,0.2031471,0.2906362,0.2213285,0.23490661,0.19989638,0.29919863,0.28430316,0.2965479,0.25836447,0.24471632,0.28230852,0.2337547,0.23858194,0.2484428,0.29241446,0.28073084,0.27880418,0.2932252,0.16224004,0.2919032,0.2848518,0.22557393,0.26399362,0.29189256,0.24496585,0.37612408,0.13389966,0.21366887,0.26399374,0.19561341,0.2504901,0.17914203,0.27446398,0.16916129,0.27624303,0.28002515,0.20212825,0.24800615,0.26029393,0.28359956,0.2628414,0.27771828,0.21276829,0.15753421,0.27412164,0.24255526,0.26996928,0.27732098,0.17831476,0.29641128,0.24463516,0.3407203,0.15018046,0.26797172,0.21642251,0.29512545,0.2868658,0.17516664,0.21996772,0.24636805,0.22245695,0.19025329,0.2148897,0.28727248,0.25068992,0.30124104,0.27473092,0.2684254,0.25062653,0.2562853,0.18762954,0.1953482,0.15122235,0.28484076,0.20438793,0.2796958,0.24774697,0.27579555,0.2822663,0.29552704,0.24247001,0.2617686,0.23108149,0.27308032,0.2509297,0.1230591,0.28861436,0.23210332,0.16621467,0.2919906,0.29718798,0.27490267,0.2549042,0.29700965,0.19291696,0.29838094,0.29903048,0.2882757,0.23491696,0.28113928,0.30584142,0.3401217,0.25857267,0.2866392,0.2899602,0.19032258,0.26729405,0.1741311,0.16070154,0.18752415,0.26663327,0.42890424,0.18778314,0.27008274,0.1283423,0.29436094,0.12164061,0.2051584,0.25848347,0.28921056
BC2026_Train_0014_S13_20220228_214500_5,0.08017645,0.07437673,0.087225355,0.3753278,0.006746684,0.17430457,0.103704795,0.09922795,0.22074692,0.07674655,0.31745395,0.17870612,0.0983234,0.0005947588,0.0022197887,0.7301072,0.13945208,0.021898076,0.449821,0.11679275,0.26516268,0.11717145,0.2200683,0.081593215,0.30798125,0.013173682,0.36720893,0.16374788,0.11739931,0.2602014,0.08885286,0.0662502,0.11739008,0.099167295,0.034286857,0.07197575,0.109766945,0.049494278,0.036415316,0.13513294,0.09515428,0.030647477,0.105873,0.068878576,0.057023607,0.056432456,0.14365822,0.05126881,0.047790952,0.041371606,0.09248708,0.1046988,0.0752218,0.0786074,0.16062312,0.00084701885,0.041238215,0.32695362,0.011680973,0.18201321,0.26582345,0.037045274,0.28894258,0.9521885,0.119598255,0.03063816,0.1226293,0.02660782,0.016315265,0.15065362,0.01096638,0.03339462,0.1430993,0.2876777,0.26185545,0.23347278,0.2470957,0.30135104,0.1762326,0.25573853,0.21227056,0.15669002,0.27533254,0.14044297,0.27143747,0.23170957,0.28282884,0.29969874,0.27539188,0.23569208,0.27140635,0.24709387,0.22015063,0.18472047,0.24255821,0.28725842,0.20891027,0.24712175,0.28868848,0.18513002,0.2536335,0.15474209,0.29578137,0.37373805,0.29271728,0.26854023,0.10721397,0.09630142,0.28361726,0.1981589,0.25044802,0.2821485,0.2533795,0.29155847,0.29948547,0.2629737,0.17452458,0.18127617,0.210009,0.26937664,0.28763026,0.28380027,0.23566683,0.2777295,0.25597724,0.20203751,0.23211156,0.29279006,0.23332654,0.2784965,0.2316352,0.2930099,0.24058303,0.23392044,0.2371588,0.129489,0.25077048,0.29569265,0.28276402,0.27157485,0.14015457,0.26791024,0.2765837,0.24725549,0.24674627,0.12102572,0.2908123,0.097540215,0.3039302,0.24404524,0.23157537,0.14805683,0.20654963,0.17732115,0.28199467,0.1967849,0.24070495,0.18286628,0.27629432,0.23164421,0.2347934,0.268883,0.28550386,0.24378754,0.20961885,0.3146615,0.13227235,0.17519775,0.27427346,0.2879214,0.24839258,0.0478089,0.15095003,0.24133019,0.19342637,0.18611805,0.19685954,0.29940557,0.2514357,0.24104035,0.27081686,0.11346587,0.20668538,0.18568107,0.19469278,0.27135208,0.10209485,0.25819072,0.16584983,0.28312668,0.2644812,0.26340228,0.177089,0.2932174,0.24339359,0.23902768,0.2154392,0.18325134,0.24620499,0.14750701,0.27802983,0.20143937,0.22588271,0.29549032,0.25041196,0.2133506,0.24058396,0.2944281,0.17705001,0.2744043,0.19637305,0.28835365,0.2539483,0.29679984,0.33249453,0.33659738,0.28462243,0.27597964,0.28844607,0.153813,0.1662026,0.22369385,0.24068448,0.15883288,0.20782074,0.38547355,0.15916526,0.23983093,0.123273164,0.22951804,0.16765928,0.14085051,0.28946018,0.2849756
BC2026_Train_0014_S13_20220228_214500_10,0.056912214,0.08229265,0.07955355,0.2997353,0.0059607355,0.21496785,0.09281379,0.105816975,0.20801058,0.07360424,0.2923437,0.11497016,0.10552108,0.0005786363,0.0022589213,0.7696279,0.194132,0.021174649,0.4606412,0.15895522,0.28642243,0.12560128,0.24243619,0.089584485,0.27274618,0.01028304,0.35662457,0.22210965,0.14958458,0.29727572,0.09101688,0.077195205,0.12672034,0.10022018,0.037231855,0.08288209,0.11377549,0.060350697,0.04323038,0.13331637,0.1019246,0.035072926,0.10953363,0.07904278,0.05923333,0.060009014,0.14814259,0.055556763,0.047843773,0.046968535,0.10188401,0.112531565,0.078490846,0.08832826,0.16857341,0.0009039219,0.052201618,0.3269175,0.01354555,0.17666478,0.28137162,0.04086537,0.25028434,0.964166,0.12656873,0.031314895,0.09275329,0.020583779,0.0124597475,0.21077272,0.014378111,0.030824836,0.14173001,0.26422247,0.25150716,0.20485416,0.23855412,0.2474143,0.18084012,0.25110444,0.20598844,0.14025505,0.24937391,0.13638213,0.26063916,0.26851895,0.20882873,0.29937786,0.27911252,0.17835371,0.29087177,0.28033388,0.19536406,0.15105075,0.25883284,0.2501273,0.20196609,0.26696154,0.23048945,0.20933281,0.280471,0.08787339,0.28789803,0.3602676,0.2940424,0.23360042,0.11165309,0.13160266,0.2300614,0.251627,0.24365722,0.30010223,0.17644441,0.2857747,0.29862532,0.21773893,0.18577242,0.15284438,0.25293925,0.19682541,0.22984338,0.2579842,0.21317585,0.24634008,0.2678253,0.23221417,0.24671148,0.28864643,0.20657909,0.24254867,0.26992676,0.2980479,0.20530958,0.16592933,0.22848913,0.14299062,0.27217504,0.28951687,0.29126647,0.26755607,0.10865424,0.18783723,0.25810003,0.25892097,0.22465234,0.10536182,0.23525992,0.0891599,0.2807572,0.25613365,0.20436026,0.16650082,0.17529646,0.20668142,0.2408603,0.18272077,0.16159461,0.18067326,0.27727887,0.22825229,0.1881418,0.28045455,0.28131777,0.23612331,0.19170453,0.29621616,0.12335431,0.20790493,0.2760623,0.29183432,0.24248752,0.04400282,0.15085681,0.22722389,0.16222014,0.2433604,0.18208703,0.2988024,0.21370998,0.2606362,0.2255434,0.12533322,0.21606827,0.17894508,0.13734266,0.2740758,0.09398577,0.24910253,0.19366167,0.2887825,0.24825872,0.25717062,0.16999285,0.2692109,0.21944612,0.24801137,0.23635386,0.2124534,0.2624347,0.15034541,0.24462032,0.16969831,0.18129648,0.27965623,0.221842,0.20009464,0.23690775,0.2962374,0.17621091,0.23943189,0.1901872,0.24625687,0.220333,0.29266787,0.32828096,0.37248164,0.24548282,0.27702746,0.2856775,0.19576272,0.16640408,0.1801963,0.2692858,0.08151095,0.20000346,0.38869712,0.18178393,0.28280616,0.12605143,0.20457205,0.09473039,0.11070351,0.28560773,0.28314194
BC2026_Train_0014_S13_20220228_214500_15,0.07168415,0.074064136,0.08493733,0.25644007,0.006646611,0.17814334,0.14683226,0.11034662,0.21182337,0.0772934,0.29048312,0.0696573,0.0966653,0.0006137843,0.0019373759,0.6655827,0.22638083,0.022052288,0.4775551,0.13836083,0.28136942,0.11891328,0.26206535,0.103033,0.30360064,0.01249291,0.22305201,0.18901198,0.092400834,0.21458474,0.08701219,0.06756918,0.12807477,0.10282662,0.03965715,0.08074919,0.1134447,0.053887762,0.036564033,0.13095018,0.0851186,0.03541621,0.104388356,0.07359119,0.061988097,0.06320342,0.14312911,0.054376166,0.047630657,0.04592496,0.081558116,0.107056424,0.076581344,0.08691858,0.16252425,0.00093924894,0.048074838,0.32754257,0.013559861,0.18193074,0.34128022,0.04504371,0.2786057,0.9692615,0.14798243,0.03216362,0.120200485,0.021746714,0.01136625,0.13317129,0.013646496,0.031957522,0.1312943,0.18851778,0.24800032,0.2599361,0.2110483,0.2555802,0.2860715,0.2837116,0.24185391,0.1130092,0.22967218,0.14907527,0.2434917,0.22748108,0.23485444,0.29647237,0.23344682,0.28774306,0.2892606,0.27802837,0.26120666,0.28485942,0.19145131,0.26326916,0.24131556,0.2993219,0.25768855,0.15604144,0.23035875,0.10621807,0.2600406,0.3756036,0.29324657,0.20209023,0.09917337,0.13647647,0.2493126,0.2324221,0.23781596,0.23987502,0.20465264,0.26474392,0.29980394,0.24299246,0.18449092,0.21930045,0.26278606,0.2265633,0.22685787,0.25047454,0.19284119,0.30653527,0.18698546,0.15200934,0.2505358,0.1950995,0.22118938,0.24352291,0.11631853,0.29775825,0.22470187,0.19983967,0.23193406,0.1885158,0.30423987,0.27267012,0.25267252,0.26265177,0.09276247,0.1091043,0.27733496,0.24424744,0.25160527,0.20738676,0.23618317,0.09490931,0.22667083,0.20057869,0.162795,0.15222572,0.19919679,0.20202863,0.16938429,0.1928538,0.20172924,0.12592113,0.26031554,0.27546695,0.166322,0.27621546,0.2942485,0.23854694,0.19126551,0.31296843,0.0743342,0.17835246,0.28512195,0.2940383,0.23916428,0.043957073,0.12305337,0.28101128,0.20305605,0.17450944,0.23367314,0.29895017,0.21174249,0.24697837,0.26601416,0.115174115,0.2011827,0.22162142,0.12705636,0.26985762,0.109483086,0.2287628,0.20373797,0.275258,0.27672032,0.24727374,0.2606216,0.27107832,0.22746994,0.25603318,0.17049523,0.24499203,0.23021284,0.1877927,0.15557802,0.11775281,0.14325346,0.29131854,0.21432664,0.27508783,0.23366913,0.28507003,0.18321432,0.22769475,0.20662147,0.24015316,0.23977843,0.29017368,0.3239185,0.29983354,0.28210777,0.28248948,0.28376585,0.17901675,0.14653775,0.15140882,0.24286637,0.08369378,0.20667256,0.36479414,0.12279311,0.24439794,0.10485355,0.19384208,0.26185474,0.12985368,0.27457917,0.27705157
BC2026_Train_0014_S13_20220228_214500_20,0.08960324,0.07296585,0.07711775,0.3053093,0.006326842,0.15387662,0.09564075,0.10483492,0.20984082,0.082496405,0.25274044,0.060178686,0.11483633,0.00060602353,0.001983619,0.53802556,0.22813925,0.021059245,0.49759018,0.15880388,0.2760799,0.12441752,0.25471455,0.114260286,0.29089862,0.011395237,0.13206744,0.2176281,0.07735516,0.22733547,0.086642705,0.058080185,0.12297282,0.10669146,0.035064958,0.08009288,0.10438526,0.052538842,0.03225513,0.11950823,0.08330563,0.036486454,0.10909369,0.069255784,0.061771445,0.06420245,0.13884547,0.05063839,0.046767417,0.042889863,0.08456295,0.09827071,0.06955343,0.09615018,0.16406289,0.00095744693,0.05507954,0.32323292,0.013108163,0.24616277,0.28919715,0.047889248,0.33026364,0.96461624,0.1510602,0.031874396,0.08894282,0.020461872,0.012732316,0.12974855,0.012724519,0.04178392,0.14894411,0.22911562,0.2366362,0.20186357,0.24843751,0.23993883,0.24214745,0.15911421,0.21444356,0.14238243,0.24233674,0.09599833,0.28445673,0.21814574,0.26126194,0.2982257,0.16460407,0.1744414,0.29709005,0.2637297,0.20615299,0.16025652,0.2525431,0.16520153,0.21407945,0.30740604,0.2704994,0.18273087,0.26801655,0.25106242,0.24985842,0.37332594,0.31435838,0.26250595,0.10990846,0.11082975,0.23904324,0.23742566,0.23495647,0.27528,0.24706845,0.2600042,0.2994577,0.2719976,0.15263043,0.24585055,0.24625571,0.21788536,0.30055693,0.25674456,0.17278482,0.23556373,0.2366597,0.16932023,0.24318333,0.17228743,0.22946161,0.26533154,0.1470724,0.2965903,0.13272652,0.18941996,0.19407158,0.19187501,0.2506439,0.2961238,0.26248524,0.29501927,0.12531915,0.17308024,0.2759426,0.25932115,0.21288016,0.1595413,0.23696461,0.08014799,0.22074366,0.22931047,0.21934845,0.12834032,0.21610011,0.20438713,0.16187377,0.1974044,0.13777821,0.13720557,0.24183998,0.26614618,0.22057681,0.28318405,0.15641601,0.25146064,0.21336795,0.24123332,0.102208704,0.26630867,0.28103828,0.2654709,0.2654331,0.054301303,0.12756634,0.25985622,0.19325687,0.22789647,0.23611398,0.298935,0.1943985,0.27981767,0.2508358,0.1210649,0.24141105,0.19437152,0.12634683,0.25935844,0.14566296,0.26345152,0.2050272,0.29811808,0.23855032,0.22572412,0.21752444,0.27578342,0.21459489,0.24718705,0.2065626,0.18698555,0.22624819,0.11836726,0.19020514,0.20257857,0.16604458,0.2583601,0.2296319,0.24204382,0.23141599,0.28149405,0.2217052,0.23477635,0.27730316,0.29796508,0.26603088,0.29176643,0.32141763,0.38719672,0.20365925,0.2815878,0.2874587,0.18928777,0.15406074,0.15598041,0.28835708,0.1778458,0.2867702,0.365401,0.13302703,0.26014778,0.11313021,0.2425978,0.08624942,0.10964252,0.20771998,0.27468103
BC2026_Train_0014_S13_20220228_214500_25,0.09697463,0.081210926,0.08716008,0.37404546,0.0059384564,0.21879059,0.08485309,0.1294936,0.25611073,0.074566826,0.30338737,0.1318966,0.111483976,0.00056565396,0.002408416,0.6008596,0.17759933,0.019266706,0.5345526,0.12061079,0.28693882,0.1221072,0.26074606,0.10739293,0.31718224,0.011232831,0.33785978,0.20673248,0.11471523,0.28901294,0.09621661,0.074055985,0.1233214,0.109144524,0.042394213,0.08922024,0.12048262,0.05978731,0.04270204,0.14417346,0.10704605,0.036486782,0.120533526,0.0799629,0.05984506,0.06479722,0.16033152,0.053886972,0.051489294,0.046408348,0.10091493,0.11415329,0.08281554,0.090599746,0.17516965,0.0009445546,0.056142293,0.3269932,0.010659575,0.15333176,0.28223914,0.05599095,0.30745828,0.9641106,0.13451424,0.03462361,0.09742685,0.028879825,0.014525368,0.2085184,0.016370993,0.043968048,0.17458639,0.2940241,0.2635535,0.21788302,0.20875731,0.2854255,0.20480756,0.21731368,0.24217238,0.16159655,0.28034136,0.112103194,0.28757378,0.23815548,0.26103258,0.29899824,0.26930785,0.12425354,0.29732895,0.26882848,0.18672642,0.19524743,0.24159612,0.25281626,0.2867792,0.28807038,0.27853343,0.20488743,0.2477966,0.15359595,0.29855424,0.3699782,0.28694287,0.2541607,0.12182212,0.11343716,0.2901777,0.20573395,0.24520966,0.28342384,0.19867344,0.25968772,0.2988487,0.26469526,0.1864038,0.17860076,0.22636937,0.28078052,0.23876022,0.27591047,0.25225583,0.25220978,0.27107358,0.2344914,0.226555,0.29585922,0.22963336,0.23696837,0.24019364,0.2974594,0.18036895,0.14844105,0.19741148,0.13257012,0.2526436,0.29414073,0.27341557,0.27837214,0.2873968,0.14061077,0.28055722,0.26291528,0.2517137,0.122887105,0.23120701,0.08175169,0.2887978,0.26545238,0.19322397,0.2659334,0.2011395,0.2196901,0.2441502,0.1450156,0.205,0.16687733,0.2891198,0.2238137,0.24267551,0.27757704,0.28270313,0.20664804,0.18383552,0.3304407,0.1098481,0.22302693,0.2846492,0.29061505,0.2555652,0.0586594,0.14551392,0.25397825,0.24438195,0.20570856,0.17781694,0.29760277,0.2345212,0.26715645,0.2714201,0.1237548,0.20057455,0.19640943,0.16711603,0.2609278,0.11289669,0.25661275,0.24592662,0.29204383,0.27164733,0.26202625,0.24705045,0.28839633,0.23351492,0.25244132,0.24697733,0.20603293,0.22798629,0.14770898,0.26312858,0.17239997,0.14217542,0.2992932,0.22828463,0.21035364,0.3033939,0.29814804,0.20128405,0.24512477,0.21377711,0.2923187,0.20927426,0.27517244,0.34568322,0.36760986,0.2686238,0.24266696,0.2886842,0.17259032,0.16363189,0.20028698,0.24368896,0.10402378,0.27664715,0.40551162,0.17230812,0.25391072,0.11013098,0.19786066,0.13859919,0.29024908,0.29351205,0.257677
BC2026_Train_0014_S13_20220228_214500_30,0.112451,0.08848797,0.08175725,0.3705004,0.0058346647,0.16807714,0.09266794,0.1902606,0.2264202,0.08341284,0.33660486,0.05578868,0.10529307,0.0005824043,0.0021859556,0.5470491,0.14449318,0.020082897,0.52230793,0.20467557,0.29444543,0.12186028,0.23497151,0.1158318,0.28567058,0.010603591,0.1264309,0.20551322,0.118092045,0.20735596,0.09971524,0.06911476,0.12922089,0.12222749,0.043595105,0.09334086,0.12338869,0.057958234,0.03979281,0.12925589,0.10305281,0.049250536,0.11805451,0.07542511,0.07320251,0.08547769,0.15882626,0.05740244,0.05782683,0.05217687,0.093647785,0.108735666,0.0823757,0.11572075,0.1803579,0.0009541403,0.07065578,0.32703575,0.012635183,0.16546448,0.336182,0.06162657,0.31259215,0.9514338,0.13704158,0.035164636,0.12383921,0.036156386,0.012840329,0.12071869,0.020836543,0.03621055,0.17376342,0.1487325,0.24384266,0.21585646,0.23568267,0.22533646,0.19882928,0.17777365,0.27121875,0.14358109,0.25875294,0.13720922,0.26082388,0.22384526,0.26113102,0.2971534,0.2148431,0.14272992,0.297221,0.2773909,0.24794115,0.18181467,0.24152283,0.18067738,0.25765735,0.32855216,0.29012397,0.18969189,0.25823763,0.107490785,0.25469688,0.3709224,0.31549057,0.25905916,0.13634053,0.11854656,0.25521702,0.23395573,0.22127008,0.2763015,0.2625374,0.29542866,0.2990196,0.2765626,0.13779862,0.22550046,0.2158041,0.24457698,0.25540966,0.27579886,0.17014094,0.260643,0.2834064,0.18813552,0.24712077,0.24720168,0.21753818,0.27853698,0.14700097,0.29501855,0.21498351,0.21762274,0.2112957,0.19729383,0.21775144,0.28465205,0.21330965,0.34019053,0.16633269,0.12521556,0.2692598,0.26459047,0.201262,0.24146275,0.24320905,0.09357263,0.22014643,0.25709,0.148556,0.20812541,0.2503567,0.20458275,0.2656558,0.20223936,0.14937061,0.15068708,0.2199494,0.2475849,0.19481015,0.28783977,0.1653861,0.2538886,0.20201334,0.24734312,0.090695255,0.2531464,0.2877603,0.27601936,0.23892891,0.06335187,0.15522096,0.23172778,0.24783695,0.19811942,0.2408455,0.2993018,0.2298451,0.25376096,0.2760395,0.11674573,0.2177191,0.22719735,0.12310816,0.28959006,0.09326781,0.2664569,0.21148813,0.29555848,0.27624017,0.2614646,0.20464174,0.27273256,0.19308358,0.22928716,0.2364461,0.23790285,0.26003486,0.16197717,0.24491684,0.13777432,0.21925576,0.27661923,0.2681061,0.25340077,0.20527764,0.28342503,0.16250062,0.2767356,0.26265347,0.29211032,0.25786108,0.27067605,0.31042767,0.37126672,0.20402543,0.24772601,0.2835855,0.16721335,0.1568757,0.16361901,0.26594493,0.130912,0.21860616,0.3683591,0.12848377,0.22008654,0.13909139,0.24398682,0.0755514,0.15634625,0.19769827,0.28690413
BC2026_Train_0014_S13_20220228_214500_35,0.11897931,0.106053375,0.08476748,0.4147338,0.005718378,0.23769715,0.09681175,0.15764624,0.20859367,0.086859964,0.31386444,0.0684883,0.1010996,0.0006229053,0.00197536,0.5219983,0.12806432,0.021923725,0.53399813,0.17051098,0.27905825,0.11491623,0.1857358,0.098949015,0.26195714,0.01152556,0.13600919,0.20442727,0.09483814,0.29356122,0.12094136,0.07518127,0.13891795,0.13944396,0.05266775,0.09851431,0.14126302,0.072506815,0.056376953,0.14260681,0.11515747,0.06359371,0.13900335,0.078324184,0.09158586,0.09634342,0.18596898,0.07851228,0.06757414,0.059413653,0.12047535,0.12657422,0.091742076,0.12929928,0.20057972,0.00094927376,0.07490613,0.29848248,0.013478868,0.16498339,0.37473524,0.046854015,0.30758423,0.9533776,0.1251572,0.027839735,0.14788914,0.022359684,0.014817364,0.11587396,0.023184955,0.031881172,0.19185722,0.2002018,0.2940842,0.20205729,0.22044559,0.25468922,0.19383349,0.111463934,0.27650106,0.21154597,0.25612658,0.07986276,0.27033082,0.2541631,0.19766065,0.2940669,0.22982904,0.17316744,0.29442507,0.20965637,0.17388856,0.19294487,0.25310242,0.21758585,0.27488825,0.3534273,0.26444644,0.19361421,0.23332842,0.1443568,0.24864873,0.39203924,0.29485157,0.23690683,0.19278884,0.13704973,0.27133977,0.20663539,0.20723784,0.2658747,0.20847495,0.29715285,0.2998586,0.25266376,0.20349933,0.26647088,0.25824696,0.2830052,0.23561291,0.27789342,0.16035841,0.24586801,0.22920135,0.23975047,0.25724158,0.14945818,0.22753492,0.25865048,0.22390123,0.2950989,0.19162342,0.16004324,0.17965558,0.20089307,0.25656587,0.270672,0.2762597,0.31586477,0.23850983,0.126761,0.29691127,0.26489243,0.22125345,0.14240526,0.29060042,0.074659936,0.22195077,0.24166821,0.25607124,0.24435543,0.2776083,0.18782489,0.18774728,0.25337923,0.14550291,0.16372707,0.21041109,0.25064778,0.24304989,0.28916678,0.18297306,0.20702751,0.23268656,0.2899397,0.08864994,0.21840715,0.26196638,0.2844603,0.22070299,0.05060121,0.1307218,0.262774,0.23052001,0.2139582,0.24676311,0.29835716,0.19536038,0.26881245,0.2624029,0.12033741,0.23351021,0.20489666,0.123457015,0.24040307,0.11731618,0.23026247,0.2583636,0.28752732,0.2944119,0.24251635,0.24188489,0.24666612,0.26800436,0.2674319,0.27402034,0.16511676,0.2500772,0.16069666,0.21385506,0.21974006,0.16743259,0.28782752,0.21689102,0.27174473,0.28721273,0.27771342,0.16653621,0.2554475,0.21236295,0.30019847,0.18958528,0.28205082,0.33628592,0.37687978,0.2187222,0.29177263,0.2925378,0.21669818,0.1674086,0.18485957,0.23647285,0.11074265,0.243394,0.3544504,0.19102004,0.22633325,0.17731705,0.24269928,0.07584897,0.22676697,0.21389721,0.27367917
BC2026_Train_0014_S13_20220228_214500_40,0.11463277,0.09224407,0.066928014,0.3197003,0.005301235,0.23099208,0.11870207,0.10534337,0.21308565,0.071785524,0.30088782,0.065002255,0.090217754,0.0006018311,0.0021737858,0.7272551,0.16597418,0.028838407,0.55952156,0.23555829,0.28903532,0.119901344,0.2539177,0.07892026,0.3052212,0.009438578,0.36680263,0.17399168,0.15700664,0.3134687,0.10551661,0.07948068,0.12687092,0.12174988,0.048553683,0.087903395,0.12608695,0.06747274,0.04861203,0.14645983,0.12729271,0.04103433,0.1298102,0.08285411,0.07041048,0.0742727,0.16707082,0.06369669,0.05705809,0.053347927,0.10923181,0.11581351,0.09935711,0.106388494,0.1826832,0.0009349466,0.057355415,0.31934923,0.011464864,0.21012549,0.44330174,0.047408447,0.20032652,0.9590055,0.13904038,0.027547669,0.16991813,0.030143905,0.019466128,0.20107333,0.021721926,0.0317175,0.17739052,0.28112927,0.26220527,0.18893357,0.2266213,0.27480623,0.20723002,0.26299882,0.2506618,0.14058103,0.28266704,0.109541155,0.25549433,0.2134359,0.20316137,0.2969526,0.26716626,0.19526431,0.27859706,0.26207724,0.19642995,0.16624874,0.21412024,0.24854459,0.17884319,0.3611259,0.24105439,0.1851803,0.26365462,0.11703084,0.27203992,0.36996192,0.31408304,0.25492656,0.13631529,0.097450644,0.24233961,0.23610613,0.2156409,0.2856776,0.20087586,0.28333575,0.29924715,0.27212656,0.15908241,0.22559151,0.2357049,0.2582192,0.2839882,0.27496788,0.22932215,0.25220385,0.25553313,0.17463666,0.25967777,0.28878957,0.19956672,0.28062895,0.22636744,0.294203,0.23279646,0.17262411,0.24857885,0.17376822,0.28541994,0.29544538,0.29493463,0.3054284,0.06984987,0.12887505,0.25915608,0.25680152,0.2190072,0.16079597,0.20715949,0.066828795,0.26996964,0.27669019,0.18769291,0.15858644,0.21250486,0.19710009,0.2624332,0.17512672,0.23942076,0.13762556,0.2622109,0.25666228,0.2714599,0.240336,0.27555868,0.22080545,0.19592257,0.2860663,0.10038026,0.198779,0.26190725,0.29591176,0.27656808,0.03956631,0.121920295,0.22901587,0.18878788,0.21499921,0.10694724,0.2994517,0.27749017,0.28814209,0.21889329,0.11700294,0.20602751,0.1939388,0.19937553,0.27771696,0.11136879,0.2336108,0.17720197,0.29479328,0.28308833,0.2396724,0.21893887,0.28027725,0.19161788,0.23346877,0.24796896,0.21197262,0.26054892,0.18471096,0.26984715,0.11880256,0.16100377,0.27394363,0.26068845,0.23830111,0.21267067,0.29581147,0.17043872,0.2461376,0.21038716,0.22826737,0.24570863,0.2680602,0.32400653,0.37262553,0.26055333,0.29147792,0.27736837,0.149879,0.13438877,0.18906644,0.26365885,0.08874712,0.16251117,0.37757027,0.16953947,0.25881785,0.15538046,0.2278603,0.14899196,0.1118123,0.28700137,0.24361123
BC2026_Train_0014_S13_20220228_214500_45,0.089873865,0.08319507,0.07878984,0.3169102,0.005966539,0.20850328,0.106287695,0.15774386,0.21604742,0.07437551,0.30620357,0.09859866,0.07221965,0.0006719809,0.0023324825,0.73243856,0.1633121,0.020092323,0.5613073,0.13224618,0.28851187,0.1156031,0.22353974,0.094582185,0.28276956,0.008145301,0.35177514,0.25034925,0.13893357,0.2985166,0.09920536,0.078299776,0.12347476,0.10771916,0.04714935,0.08582022,0.11609411,0.057105284,0.043217067,0.14763485,0.105033144,0.039131302,0.11541547,0.084269546,0.060970373,0.06314788,0.16997656,0.057649948,0.053123273,0.05376891,0.10154817,0.1258784,0.09770464,0.08967433,0.16332182,0.00090817845,0.05033629,0.34812516,0.012842852,0.20753457,0.3624003,0.043935906,0.32117262,0.96183336,0.14047292,0.027531693,0.1799555,0.026487134,0.015996937,0.25307503,0.01956979,0.039382875,0.12025493,0.2811807,0.27545154,0.24194436,0.22310019,0.2682102,0.21934795,0.24556607,0.18448162,0.17942208,0.2689129,0.12691331,0.2643173,0.16488422,0.27132308,0.2659445,0.28013864,0.13081463,0.29366678,0.22943941,0.15329255,0.15840888,0.22618218,0.26670235,0.21708123,0.2760511,0.27849036,0.15393752,0.27662075,0.13002606,0.29389018,0.3628478,0.2873249,0.22476387,0.1282071,0.11960724,0.278961,0.24106832,0.18495208,0.28147957,0.24616303,0.29463455,0.29875863,0.27005953,0.19395918,0.19424933,0.20998876,0.24471086,0.29081228,0.2671689,0.2787665,0.24993083,0.2977225,0.21992111,0.1962487,0.29326874,0.1963609,0.2489223,0.21672913,0.2931222,0.18851784,0.14720571,0.2007737,0.16608559,0.27905494,0.27849302,0.26741862,0.3141005,0.13588205,0.29517773,0.27826634,0.23665254,0.2626528,0.16580042,0.2296585,0.08346899,0.30747357,0.24945138,0.2074569,0.16397299,0.22946021,0.2180631,0.29303604,0.15481976,0.17845929,0.13767597,0.2887584,0.25384346,0.1760013,0.28328103,0.28460848,0.2213972,0.20980671,0.31623062,0.23736271,0.21812789,0.27698725,0.2903835,0.22389548,0.05511391,0.21671475,0.22194067,0.2331428,0.21712105,0.18934529,0.29900852,0.27267176,0.2982317,0.2771591,0.12547532,0.19143242,0.15997823,0.21067256,0.27807158,0.11888374,0.19491804,0.22373497,0.26838598,0.2863441,0.2835447,0.19787015,0.29534668,0.21057758,0.2709096,0.2612639,0.24422504,0.26389885,0.17624801,0.2757396,0.15699734,0.16439609,0.2992236,0.24011715,0.23910688,0.26481113,0.29834756,0.21300659,0.2974884,0.24303478,0.30216873,0.26541215,0.27928367,0.32953456,0.36400354,0.27118206,0.27867252,0.2634377,0.14184405,0.16576968,0.17885117,0.22822775,0.09104168,0.23383708,0.38647842,0.14388283,0.242167,0.11878224,0.21450122,0.09944147,0.129318,0.27511033,0.28643072
BC2026_Train_0014_S13_20220228_214500_50,0.09035592,0.07724525,0.0830353,0.24371478,0.00544229,0.16383687,0.09631822,0.17631888,0.19806992,0.081516296,0.2742362,0.071997255,0.081396654,0.0006917367,0.0020704218,0.6020517,0.17882922,0.019551652,0.51812905,0.15873058,0.28211942,0.11196295,0.21447434,0.07959803,0.2795186,0.008941865,0.1365265,0.17994264,0.10965781,0.19260627,0.10615581,0.07105954,0.122195765,0.12647653,0.04206236,0.09009814,0.12818854,0.057897888,0.037637312,0.13620879,0.09861265,0.041459464,0.11784695,0.072166614,0.06760492,0.07584548,0.15976486,0.05715071,0.057144664,0.052614886,0.09344165,0.110982254,0.08866951,0.11759933,0.1840658,0.0009158979,0.061691165,0.3196608,0.015262337,0.19440553,0.3584119,0.046111524,0.17264593,0.9526745,0.16803601,0.026320465,0.13745399,0.025487717,0.012262327,0.09697672,0.020894775,0.027550614,0.14404036,0.2430673,0.21858686,0.20868331,0.24389775,0.22328764,0.20676069,0.1514333,0.25126678,0.12624283,0.24282284,0.13715488,0.15445031,0.2531741,0.20331575,0.29934952,0.18122935,0.1798229,0.29475522,0.26775476,0.2308966,0.20118068,0.23913203,0.17465034,0.23361962,0.35691243,0.24976863,0.20783308,0.26776028,0.14177151,0.2520603,0.37996846,0.31071582,0.25387138,0.17123964,0.10538077,0.25875068,0.21101172,0.24915428,0.27535486,0.19608767,0.276104,0.29873553,0.28488836,0.15805383,0.24266127,0.2157838,0.22704878,0.21194158,0.27761653,0.16600782,0.22802562,0.22565839,0.18622182,0.26243526,0.19414288,0.2569069,0.23720697,0.12002078,0.29458237,0.17689587,0.17970109,0.20765346,0.20478542,0.1997744,0.2883292,0.22122605,0.343127,0.07319031,0.095142655,0.2748993,0.2554169,0.25602525,0.22537602,0.2268897,0.081370465,0.26402542,0.26024708,0.15911971,0.26330337,0.17220455,0.2317798,0.1583714,0.18989801,0.14505126,0.12517413,0.20820741,0.24706769,0.21304159,0.24560206,0.14207104,0.26441762,0.24039946,0.23369798,0.09031462,0.2098846,0.285307,0.29475537,0.26299635,0.06848093,0.17196469,0.23441389,0.2820781,0.23361467,0.1412709,0.29841426,0.21569978,0.2300713,0.21806964,0.12551564,0.20087695,0.25272274,0.15394525,0.29114285,0.1474981,0.247608,0.14240235,0.29595935,0.26383847,0.24441466,0.19436412,0.28046295,0.22657926,0.19470368,0.24877909,0.22336999,0.23868734,0.15576136,0.19957747,0.13511275,0.17723534,0.23263898,0.1914304,0.25815174,0.20523979,0.2823659,0.16963264,0.23814099,0.28324622,0.22911906,0.26282534,0.26429412,0.31385085,0.36112067,0.19340947,0.26952356,0.28687438,0.22157425,0.14274257,0.15729654,0.277606,0.086361624,0.2247892,0.3577782,0.12897809,0.2546631,0.109537415,0.27061018,0.06993297,0.10662001,0.17549405,0.22467747
BC2026_Train_0014_S13_20220228_214500_55,0.09855716,0.09423573,0.0855605,0.37039635,0.0049697626,0.2398357,0.10216673,0.22399144,0.22068582,0.0700094,0.33572912,0.11278952,0.08792717,0.00062645733,0.0021050214,0.6079668,0.16759533,0.020742794,0.5249009,0.16406263,0.26809615,0.124329865,0.28822628,0.10867284,0.31613168,0.0105845565,0.33455828,0.21096686,0.12660547,0.32757807,0.10690024,0.08575775,0.12797284,0.12335993,0.053180635,0.096554756,0.13076001,0.065611355,0.050335847,0.15328553,0.11660032,0.043753427,0.12902065,0.09495102,0.070811056,0.07414217,0.1760434,0.069283575,0.059517603,0.061761707,0.11599741,0.12837364,0.10240356,0.100222565,0.1816644,0.0009315597,0.05685968,0.32524678,0.009443745,0.19860485,0.40060797,0.042298492,0.3203718,0.94676304,0.16492714,0.038519047,0.20984906,0.02498306,0.021991089,0.20335288,0.02354898,0.03737188,0.15663184,0.29120818,0.27547938,0.23814496,0.21218951,0.27003872,0.17699312,0.22563535,0.20402934,0.15049744,0.2417641,0.12808067,0.29349986,0.22359891,0.28372216,0.2969494,0.26549962,0.16262531,0.29189938,0.26020077,0.19836079,0.17897469,0.25456965,0.23658212,0.21613406,0.3227782,0.23370878,0.25249216,0.2875954,0.16701573,0.2927028,0.3597333,0.3074259,0.23441078,0.17553048,0.14229111,0.28085905,0.19804978,0.21346119,0.28542128,0.19526362,0.28850666,0.2990739,0.29279482,0.17637739,0.20912561,0.19469403,0.26723713,0.28228053,0.2903731,0.19402221,0.26988664,0.2948629,0.2522843,0.2512382,0.2963944,0.20719683,0.2841749,0.2234277,0.29347637,0.21231562,0.1657398,0.23685038,0.2205346,0.2786399,0.29474726,0.2901204,0.3482557,0.18725915,0.23462117,0.2809523,0.22600576,0.20171928,0.25400877,0.24968648,0.065294415,0.2911269,0.28305686,0.22558805,0.2610322,0.19694899,0.2076509,0.26811382,0.18861559,0.22688507,0.1819833,0.27575198,0.24348836,0.25582963,0.25544727,0.274195,0.18783048,0.17710121,0.32612872,0.11541377,0.24029681,0.27966943,0.29434055,0.25044957,0.09545546,0.14053869,0.24598108,0.26886672,0.17936464,0.19174606,0.29502976,0.24283378,0.28785586,0.26842374,0.122741416,0.19583218,0.16555992,0.20297463,0.28311104,0.1321163,0.24461788,0.19060029,0.29270992,0.28854534,0.25438398,0.2062119,0.29425138,0.20205182,0.22873062,0.27264556,0.22916713,0.24407913,0.16135423,0.2773574,0.18652427,0.18175553,0.2943987,0.28523993,0.23566732,0.25197065,0.29727897,0.2726219,0.26008987,0.24190064,0.29705483,0.243805,0.27054495,0.33556163,0.3651471,0.27376646,0.2698113,0.28113043,0.16000497,0.14165446,0.1885137,0.2706982,0.11611883,0.23949464,0.40323347,0.15440477,0.22677712,0.14640838,0.23581263,0.12313067,0.16753437,0.29259375,0.26609427
BC2026_Train_0014_S13_20220228_214500_60,0.105599366,0.08511707,0.073971234,0.38074115,0.0057560033,0.16611226,0.10255714,0.09519114,0.18826756,0.09196126,0.31852674,0.07350148,0.09628432,0.0006044745,0.0019906447,0.62155133,0.17688574,0.021947084,0.43514815,0.12791486,0.28303358,0.10206087,0.18095766,0.0959347,0.2865479,0.01256383,0.13567518,0.20000835,0.09231642,0.23101535,0.10518736,0.06388349,0.12142652,0.11569087,0.040540714,0.08269195,0.12449833,0.051791452,0.039344586,0.13463163,0.09973731,0.049241833,0.12087021,0.06519981,0.06989164,0.07715353,0.15096739,0.0570785,0.059052806,0.049833827,0.097228326,0.10615053,0.08616327,0.11252473,0.17689164,0.0009218764,0.057615437,0.31433094,0.011692836,0.15387201,0.29698455,0.04885904,0.31157386,0.94344115,0.14422804,0.027520083,0.10394325,0.020762775,0.014847305,0.12135027,0.017087445,0.03700133,0.20107213,0.20763794,0.2410695,0.17933232,0.24382378,0.2389524,0.19743785,0.14765967,0.26778522,0.17568335,0.24267013,0.12055043,0.21439128,0.22028047,0.21459588,0.297479,0.19286256,0.24082944,0.29728895,0.242225,0.17545934,0.15436064,0.2364946,0.14809845,0.21659955,0.3094591,0.26738733,0.14192997,0.2613094,0.14589591,0.2708141,0.39596978,0.30145034,0.24843231,0.16309689,0.14736809,0.26070434,0.22771892,0.21749692,0.27118075,0.19478261,0.2892198,0.29934573,0.28708357,0.22093855,0.25967735,0.27546313,0.23492563,0.2362253,0.26819867,0.19866908,0.24106893,0.2113166,0.24097526,0.2686466,0.19120993,0.2319679,0.23243672,0.17463997,0.29801783,0.16982645,0.25204825,0.18954897,0.20527959,0.23813994,0.26936948,0.251266,0.28553358,0.15301749,0.19148293,0.26379827,0.24208169,0.18687233,0.17900784,0.20551094,0.07033161,0.21529722,0.26731265,0.23319307,0.17724334,0.2209443,0.22762427,0.15769508,0.19290249,0.14207543,0.1696026,0.22336012,0.24606507,0.20345035,0.29533765,0.16238606,0.22982658,0.22018951,0.2344095,0.11378403,0.2165576,0.29220888,0.28966314,0.25865105,0.06886647,0.15983503,0.25429505,0.2184141,0.23390988,0.2509316,0.29932332,0.175411,0.25705913,0.27053675,0.11850169,0.27293745,0.20105138,0.124066964,0.2728427,0.11397306,0.27442846,0.1731095,0.28880468,0.29376704,0.21614948,0.18204322,0.26814038,0.24671786,0.21820113,0.21307567,0.25824967,0.25137672,0.16126008,0.18810375,0.18791857,0.18442425,0.2587525,0.217722,0.29205626,0.2100431,0.27702072,0.2323329,0.25517878,0.2596504,0.2677555,0.24171713,0.29476812,0.32680628,0.40243226,0.18830144,0.27531278,0.29004613,0.19662514,0.16067259,0.15040718,0.27021688,0.15748094,0.2070132,0.34262282,0.18100242,0.25645044,0.15897852,0.26535013,0.12597576,0.1419076,0.20922601,0.25035426
BC2026_Train_0015_S18_20211016_011500_5,0.06690382,0.08888043,0.06417786,0.39264953,0.0026813964,0.18876508,0.06072276,0.09360707,0.056686983,0.07884148,0.30244002,0.07269103,0.06447671,0.0006438079,0.002044859,0.17130548,0.035787616,0.018803272,0.22909054,0.15136373,0.22798671,0.07845331,0.18617135,0.12163986,0.28638318,0.006449583,0.088713765,0.22896233,0.07629718,0.24540533,0.11160903,0.048492722,0.1558803,0.10480152,0.04364731,0.11725082,0.16806224,0.09774873,0.08992991,0.15999083,0.13013224,0.0630893,0.15175739,0.0886695,0.082676776,0.068337575,0.15584771,0.09717047,0.062316604,0.0643332,0.12083273,0.13061951,0.10626662,0.10690421,0.23345938,0.0011377482,0.09380048,0.22534455,0.01178469,0.16883609,0.3090266,0.03401196,0.2117386,0.31681064,0.07812606,0.04573603,0.10076755,0.049813244,0.01223725,0.11965035,0.024313208,0.058853015,0.20440336,0.20016712,0.21203527,0.23600742,0.2612064,0.28515106,0.21861285,0.18183772,0.19263639,0.2834167,0.2379266,0.07711248,0.22725573,0.26597998,0.24967855,0.27967024,0.2586695,0.19554096,0.2894194,0.27337858,0.13244702,0.1914202,0.15507635,0.2745945,0.17501606,0.320824,0.27604002,0.20182575,0.36811906,0.10079609,0.28634655,0.3443696,0.29984164,0.24025722,0.260493,0.25571415,0.2619131,0.26843262,0.2217308,0.28874433,0.17664723,0.28920233,0.14794268,0.28867057,0.25396767,0.21067122,0.2579121,0.27897277,0.2330547,0.26468316,0.2851355,0.27650088,0.2760478,0.20406315,0.22713278,0.26658866,0.29068848,0.2427625,0.15003735,0.29620227,0.1926405,0.17265731,0.25196806,0.23077093,0.2778083,0.27600923,0.26171666,0.3007308,0.1387923,0.16072743,0.23020999,0.26445207,0.19545327,0.19915012,0.28024372,0.17270812,0.27511507,0.21896896,0.22991341,0.26041627,0.26161003,0.27545014,0.24444984,0.22742625,0.17758822,0.20335382,0.19065602,0.25159332,0.1816455,0.28507802,0.19227792,0.26906642,0.25925145,0.27356794,0.14599271,0.19943865,0.27837533,0.29606456,0.27356187,0.059535302,0.2808168,0.27213857,0.25127676,0.29388657,0.16719285,0.27903873,0.26696542,0.28681237,0.2713516,0.27690613,0.25995958,0.16191585,0.17529443,0.19147581,0.10789241,0.23982307,0.25638863,0.2837087,0.23689802,0.24733096,0.21043056,0.2785176,0.25720215,0.26054427,0.18293251,0.29692864,0.22102062,0.16857825,0.29022172,0.2222986,0.12665206,0.2813727,0.25146422,0.26370567,0.24039504,0.2919053,0.22697456,0.26262444,0.29537472,0.28469944,0.23228683,0.24749354,0.32715252,0.34539193,0.23709595,0.27413705,0.26427025,0.18652612,0.22812644,0.28286085,0.20494561,0.1202679,0.19896555,0.4056969,0.26403174,0.27019736,0.11977423,0.24616572,0.078896455,0.11861991,0.26267922,0.29777223
BC2026_Train_0015_S18_20211016_011500_10,0.07019164,0.07610931,0.06883801,0.406858,0.002644474,0.15858291,0.048078075,0.07186432,0.056542832,0.08287699,0.28381476,0.09953707,0.08349544,0.0006540701,0.0019339839,0.17567447,0.022572495,0.023795351,0.25344953,0.13638954,0.22905958,0.078265004,0.18706664,0.15902202,0.29893646,0.0070518083,0.09307436,0.25895232,0.07272495,0.24911015,0.10855681,0.048696928,0.15164426,0.097325906,0.03765326,0.10286663,0.15291092,0.08992475,0.08093418,0.15915868,0.117163636,0.054550827,0.14382586,0.08419965,0.079575434,0.06302909,0.14822572,0.08946119,0.056442272,0.06078043,0.11450716,0.12653849,0.0990618,0.10222278,0.2380346,0.0011965644,0.08566894,0.22867496,0.013221766,0.17361769,0.32402024,0.030131217,0.22353826,0.33490038,0.07027039,0.045087803,0.089634925,0.052196287,0.0115080895,0.10894181,0.020106103,0.036193516,0.19297236,0.18400437,0.2867877,0.21448623,0.28071064,0.28955668,0.19490391,0.20381989,0.24864738,0.18020144,0.28059614,0.05931717,0.23483726,0.27133453,0.25102827,0.25399297,0.250112,0.17421669,0.29332447,0.293598,0.13228184,0.18649983,0.15152228,0.27235103,0.18292171,0.37447327,0.2357325,0.1903649,0.26964283,0.10850252,0.281139,0.3635233,0.30209643,0.25664,0.23999618,0.19492245,0.25607824,0.25294784,0.22979729,0.28880203,0.19188169,0.28943494,0.18290058,0.273946,0.26512286,0.19152224,0.2758235,0.26235762,0.25839332,0.2771457,0.26957104,0.29212922,0.29007104,0.20799476,0.23357764,0.2649275,0.28421596,0.18998493,0.21664576,0.28974384,0.19500974,0.18492022,0.23294818,0.16482009,0.27488202,0.28002217,0.24461892,0.32146707,0.17896652,0.15225407,0.27081764,0.21793729,0.17550611,0.20864686,0.2929388,0.17200594,0.27211726,0.24954936,0.2535985,0.16864684,0.23267718,0.28413898,0.23721378,0.24269813,0.16023627,0.28276777,0.16437729,0.2120119,0.14351028,0.24521326,0.1740242,0.25018895,0.21823019,0.3097643,0.158823,0.2321774,0.26078647,0.29521605,0.28352478,0.11638068,0.26212895,0.2709646,0.2570735,0.29470965,0.24777484,0.21937385,0.23627906,0.2807106,0.22927314,0.17556041,0.22442794,0.20023136,0.1503471,0.19080916,0.104691125,0.22988607,0.22041854,0.2849666,0.2679624,0.26304466,0.23134175,0.27630305,0.27402732,0.2532414,0.23883456,0.2957662,0.20214033,0.1516197,0.28850898,0.24256594,0.17971437,0.2885585,0.2748808,0.2795027,0.18225832,0.2942498,0.19416435,0.23345825,0.27488664,0.2778259,0.14001706,0.2765661,0.3230661,0.3495128,0.21629466,0.26938042,0.23672475,0.15363526,0.18128236,0.27046847,0.18566924,0.11166121,0.20497458,0.3948248,0.28489333,0.26055682,0.10436634,0.27918464,0.07698272,0.13232224,0.23650803,0.29672477
BC2026_Train_0015_S18_20211016_011500_15,0.076241426,0.0836757,0.07758298,0.38417575,0.003358374,0.17168522,0.05830032,0.10933179,0.053344477,0.08240181,0.30646944,0.10970977,0.07827091,0.00067647104,0.0018611985,0.17666566,0.02301028,0.02107812,0.23490891,0.095561534,0.22212532,0.08246857,0.21401523,0.14481954,0.29564747,0.0071170665,0.09323168,0.22101466,0.06241416,0.23475212,0.1034238,0.051316656,0.1517584,0.09914084,0.03940305,0.11226354,0.13735309,0.09005133,0.082776465,0.15912098,0.1137128,0.05719282,0.14308299,0.08914205,0.0788169,0.0652145,0.15231527,0.08741295,0.053928245,0.06910879,0.12163146,0.1366557,0.09622942,0.10091293,0.22865045,0.0012963768,0.093091555,0.24505307,0.016881676,0.16848944,0.3499716,0.037496157,0.2952584,0.30001068,0.074730426,0.054173768,0.09573524,0.053959034,0.012145909,0.110774614,0.02430307,0.03277341,0.17513004,0.16812734,0.20543426,0.20605716,0.25028172,0.27400535,0.19881487,0.19888483,0.23965333,0.14843252,0.25449854,0.1448359,0.21317649,0.2869363,0.23655969,0.24763912,0.24508294,0.14891267,0.28994775,0.27962568,0.20553464,0.16213036,0.12916167,0.23270375,0.14352009,0.3340167,0.26136795,0.14506246,0.2396026,0.13204965,0.28673086,0.34391543,0.29813448,0.2425054,0.28016856,0.25611266,0.23437098,0.27273577,0.19978131,0.2945941,0.16219394,0.2895564,0.14319707,0.29354215,0.2768054,0.17537446,0.26199356,0.24465726,0.29672286,0.26470128,0.29641357,0.26895174,0.27735326,0.2136275,0.2606877,0.27492008,0.27409795,0.20742632,0.19665332,0.28725567,0.1816926,0.11875527,0.22534357,0.12783375,0.26047334,0.29293033,0.25655898,0.29908988,0.118392356,0.13009408,0.21736735,0.24751034,0.29819712,0.1583714,0.27506554,0.19436646,0.25694704,0.23505528,0.23380037,0.20706126,0.2425259,0.28345376,0.25517058,0.25066957,0.16249533,0.26969194,0.20349178,0.232991,0.15204452,0.24121074,0.16803408,0.28092948,0.18245259,0.29950425,0.20199406,0.21785137,0.21796675,0.29745248,0.2699134,0.064107604,0.2733904,0.27508253,0.16997904,0.293006,0.1470258,0.24040353,0.21635251,0.27333358,0.25167662,0.19455934,0.24342974,0.20912157,0.19097805,0.15661548,0.11095633,0.25944245,0.25707123,0.28251973,0.2158508,0.23677635,0.2061968,0.27860904,0.21454614,0.25816944,0.15649202,0.26953658,0.27040327,0.17456277,0.29197484,0.21420819,0.15711617,0.27225065,0.24729528,0.25628048,0.16122635,0.2919052,0.18705139,0.24212307,0.28462026,0.2735937,0.17912653,0.29434934,0.3242048,0.3449035,0.23896542,0.28298622,0.21292566,0.23933312,0.18148024,0.24176297,0.19409405,0.12396763,0.16742261,0.38781875,0.2697946,0.2510736,0.10221348,0.23465693,0.106575035,0.12674968,0.255763,0.29969615
BC2026_Train_0015_S18_20211016_011500_20,0.08662229,0.076927975,0.07075745,0.39376587,0.0030615414,0.15101862,0.05730814,0.11259663,0.054093376,0.0796004,0.25951898,0.08181766,0.06613991,0.0006670408,0.001789805,0.17328155,0.022543991,0.019812252,0.21229261,0.1272056,0.21536234,0.07988474,0.22233373,0.1633583,0.3042418,0.0078058494,0.089542836,0.23682196,0.06674577,0.24883664,0.10027963,0.044454403,0.14555918,0.08719927,0.035335798,0.1001089,0.14064595,0.08584995,0.07729566,0.14856298,0.11088596,0.050766487,0.13896349,0.080537304,0.07466631,0.052207798,0.14097068,0.085971914,0.05260215,0.057854973,0.105100945,0.12634604,0.09406732,0.09290533,0.21679325,0.0012275968,0.080175504,0.235191,0.01423365,0.1459307,0.29088813,0.025890734,0.19659641,0.28724077,0.08472797,0.043222673,0.0941183,0.048788965,0.01313284,0.116579115,0.017781263,0.03265466,0.17753962,0.12242848,0.32218134,0.26227713,0.2714607,0.27924663,0.19229275,0.25379828,0.19010454,0.15194927,0.27774605,0.061341546,0.24621019,0.27980593,0.23815507,0.22985616,0.23258832,0.16415781,0.2581373,0.27609757,0.120830566,0.17057456,0.14406118,0.21981207,0.18103601,0.31414056,0.20523086,0.19955525,0.2779178,0.118777096,0.28401732,0.35518885,0.29904413,0.18337372,0.2556186,0.21828485,0.22478926,0.27478623,0.26007727,0.29568833,0.18436123,0.28832832,0.18367468,0.27377564,0.28850424,0.16771007,0.28651467,0.26286277,0.23995425,0.2664082,0.27333337,0.25454056,0.28073454,0.17004266,0.19252783,0.27938193,0.26205915,0.2303785,0.22143328,0.28679526,0.21412632,0.14036214,0.2572901,0.14174476,0.2710231,0.27281666,0.26492536,0.27952284,0.11225713,0.20204511,0.21944728,0.25096378,0.18053995,0.16289124,0.2777425,0.17021883,0.30106977,0.24127437,0.19903556,0.21277669,0.209678,0.2843533,0.2211184,0.22675891,0.17089286,0.2886891,0.27077073,0.21727541,0.20232707,0.2917247,0.21248421,0.2712561,0.24270256,0.3029238,0.15808687,0.2862744,0.24972872,0.29248098,0.27841324,0.070307195,0.26308873,0.2792918,0.2626858,0.29242286,0.16049564,0.2824267,0.23145187,0.26430476,0.24175793,0.27012298,0.24935454,0.20574813,0.17121738,0.24353607,0.108976446,0.24161889,0.22736156,0.28445184,0.21396646,0.25411546,0.19789967,0.25931135,0.23034394,0.2784623,0.20857953,0.29033872,0.23262407,0.17989834,0.28645957,0.1595716,0.16347712,0.29019347,0.28285038,0.27349374,0.20030236,0.29281348,0.22442934,0.26341414,0.27178106,0.29718032,0.1951332,0.29698217,0.31711143,0.34310097,0.22710338,0.24917464,0.2272175,0.13640323,0.14506446,0.2741061,0.15735157,0.15647183,0.16891275,0.38933647,0.28058,0.26695895,0.10763317,0.24263613,0.06462231,0.14143021,0.2596933,0.29479054
BC2026_Train_0015_S18_20211016_011500_25,0.07157594,0.094728805,0.06840342,0.3943217,0.0032417509,0.18575934,0.068812065,0.091995314,0.054618314,0.083696306,0.3665259,0.08234644,0.07031996,0.00066049135,0.0015976096,0.16208097,0.020056529,0.02649942,0.22269383,0.1630066,0.19891354,0.075259075,0.15075459,0.1622151,0.27605927,0.0063557355,0.09571254,0.21801426,0.072079584,0.2610623,0.12585782,0.054119516,0.15739751,0.11230816,0.048337582,0.124705754,0.15697168,0.104125306,0.09774896,0.17644122,0.14226866,0.073190436,0.16906652,0.0952736,0.08977615,0.0725713,0.15770638,0.099111155,0.06527125,0.06679308,0.12882897,0.1431624,0.120190166,0.11273669,0.24948545,0.0011871813,0.0956435,0.22635715,0.015630474,0.18665333,0.30692077,0.02602331,0.21804076,0.2670329,0.08306253,0.054157067,0.11322262,0.04929065,0.012286158,0.12212241,0.027296895,0.03908262,0.21214011,0.1835432,0.24601796,0.25050682,0.2421323,0.27593496,0.19187061,0.19822949,0.22676943,0.13881366,0.272912,0.12522557,0.23684028,0.27095887,0.26476416,0.24932018,0.25103623,0.17235768,0.28716522,0.27962744,0.13134134,0.26678675,0.18802921,0.2752337,0.22167473,0.36566988,0.23955448,0.2103918,0.26212242,0.1540112,0.2897554,0.35612714,0.30001035,0.28034726,0.26575634,0.22632456,0.22800764,0.2657316,0.21524811,0.28093907,0.17067298,0.29212138,0.1518884,0.27003902,0.2564531,0.23899844,0.2765922,0.25840947,0.26330036,0.27830532,0.27905464,0.2735804,0.2784201,0.22000214,0.21458815,0.26424396,0.2902137,0.2343178,0.16942301,0.2864456,0.203544,0.18820734,0.21393783,0.15227827,0.29051328,0.28573683,0.26662338,0.3310678,0.14171642,0.14745039,0.24061984,0.20968992,0.18395588,0.18767297,0.2916749,0.16511564,0.27829516,0.23235615,0.19032456,0.21468142,0.22439595,0.28357798,0.26864567,0.26026142,0.19285288,0.233766,0.23309034,0.27771565,0.16973814,0.2593751,0.21489877,0.26820067,0.1946412,0.3000702,0.20564313,0.24981618,0.2502349,0.29454258,0.2824903,0.090696916,0.27372348,0.28252053,0.24374777,0.2966762,0.2152322,0.27652287,0.29323366,0.26638678,0.27767852,0.22942193,0.23285714,0.23338565,0.14049569,0.1457955,0.13514392,0.2514925,0.26036784,0.27445734,0.21804914,0.2364794,0.23327205,0.26373082,0.2529909,0.28114235,0.1848056,0.29089618,0.20816742,0.18366867,0.2844947,0.21405387,0.18485062,0.28586894,0.26422092,0.27375907,0.2238852,0.29277852,0.22026,0.24427786,0.2698915,0.28951025,0.13912089,0.24955507,0.33421743,0.34958494,0.24890478,0.25496614,0.25225592,0.16123773,0.19548297,0.28002438,0.13970828,0.13704033,0.13860115,0.37920797,0.27404967,0.26646847,0.11284387,0.26652393,0.06646177,0.096304,0.27767023,0.29675427
BC2026_Train_0015_S18_20211016_011500_30,0.072907574,0.09154955,0.060122453,0.38395837,0.0032477425,0.24362032,0.1097328,0.11373928,0.055078886,0.08359285,0.49116665,0.10888743,0.07335248,0.0006970499,0.0015033371,0.15013212,0.024268325,0.03452168,0.33609486,0.13881347,0.20970245,0.06976257,0.18646228,0.16147915,0.2907821,0.00744843,0.112993,0.24390742,0.11635189,0.3074869,0.11641836,0.05016657,0.15116984,0.10960144,0.045181576,0.11357901,0.16597478,0.09229191,0.083794706,0.16944805,0.12777856,0.07254414,0.16244838,0.0957758,0.08059006,0.075350896,0.15527995,0.09862084,0.0673641,0.06743507,0.12385497,0.13979654,0.10813798,0.11422565,0.2472758,0.0011695905,0.09881969,0.2166767,0.023117093,0.13222517,0.3653339,0.029933086,0.22247823,0.2688021,0.081190415,0.07042656,0.109264076,0.052336723,0.016308578,0.10764875,0.02730709,0.029148677,0.1907731,0.2623543,0.28656983,0.24527021,0.20714556,0.2879025,0.16546813,0.17368409,0.21661647,0.144335,0.29408568,0.13850237,0.27832916,0.27506313,0.22373603,0.29272103,0.25480488,0.21633002,0.26389754,0.29791698,0.14918385,0.1843049,0.2124906,0.2133644,0.19679078,0.40185928,0.23988391,0.18685496,0.28705484,0.08682233,0.28796783,0.3676084,0.30157533,0.2723257,0.25840017,0.23954554,0.28431207,0.23594053,0.2612623,0.29670626,0.15306222,0.28261837,0.21649437,0.27365127,0.274449,0.2528678,0.2584073,0.27055082,0.2808723,0.26717246,0.27158964,0.29863697,0.2811377,0.21700098,0.20074892,0.25655654,0.2801195,0.2903274,0.21701297,0.28686437,0.19591445,0.28861862,0.28487423,0.18577248,0.23997256,0.28106746,0.24412471,0.28057665,0.18850246,0.17854327,0.19738507,0.2479954,0.3154244,0.20358056,0.2796267,0.23534438,0.28008282,0.21200134,0.24938515,0.19370987,0.26792997,0.27564698,0.2696325,0.24222013,0.1884562,0.25348884,0.2007521,0.23396792,0.17301169,0.27603397,0.14363539,0.26315352,0.24668221,0.30756575,0.19814222,0.21422817,0.20706408,0.29864982,0.2877608,0.08496896,0.2617248,0.27955022,0.28335583,0.29265714,0.16350003,0.28720525,0.24098147,0.2928992,0.28396392,0.20118847,0.2752733,0.19704682,0.19644958,0.13407141,0.096765146,0.2645834,0.2150702,0.27599227,0.24542558,0.2967063,0.20855436,0.2804841,0.26887462,0.26007667,0.24835256,0.27855396,0.21505393,0.19161308,0.25865367,0.20273075,0.18601617,0.28017935,0.21818231,0.28638086,0.27003485,0.29292428,0.21765512,0.27039865,0.27084994,0.28138623,0.26926154,0.29027197,0.32387054,0.35389075,0.2622889,0.25205883,0.26423642,0.14736322,0.24191667,0.28079334,0.18566866,0.12662463,0.15568952,0.40073058,0.2627174,0.29227465,0.13832793,0.2510659,0.069848455,0.17397952,0.25451028,0.29316682
BC2026_Train_0015_S18_20211016_011500_35,0.0970337,0.083274,0.054546323,0.39458495,0.003006856,0.18191688,0.080431074,0.11745396,0.051004328,0.08519935,0.39036584,0.10621053,0.077483535,0.000666796,0.0015644633,0.14536528,0.017012203,0.021300599,0.2862076,0.11752191,0.16597076,0.072323225,0.22872517,0.12751552,0.28702146,0.006567256,0.09329484,0.23203886,0.06614929,0.2303055,0.11158726,0.04696732,0.1428797,0.104393624,0.04109268,0.10735434,0.14855883,0.0919369,0.08050608,0.16435765,0.1288052,0.063018,0.15523021,0.092103295,0.07821758,0.06576149,0.14927585,0.087062456,0.058172148,0.06354977,0.12426518,0.13399348,0.10807087,0.10059877,0.24161175,0.0011502862,0.08437895,0.22469635,0.014435405,0.13891545,0.31683448,0.026360039,0.21997216,0.2730694,0.07554079,0.11709203,0.10687351,0.048697624,0.013200491,0.116401896,0.022873769,0.02551262,0.14877653,0.1540176,0.22541833,0.17791283,0.27501303,0.2732408,0.18255226,0.18621013,0.24475792,0.11274032,0.27587125,0.12689358,0.23349403,0.26344863,0.23668537,0.26168185,0.24990818,0.16513935,0.27782592,0.28444576,0.13129112,0.19826609,0.13242096,0.25038844,0.18148983,0.36424994,0.25597137,0.19494078,0.2891124,0.11213901,0.28708407,0.35346878,0.3020431,0.2599964,0.27960068,0.21337388,0.24872813,0.25496456,0.18332554,0.28961462,0.17543817,0.287694,0.16168687,0.28774703,0.28221622,0.23243116,0.2500657,0.28951138,0.2689903,0.28791326,0.28613824,0.27810156,0.28326657,0.21236023,0.19196635,0.2495012,0.28330737,0.22148068,0.18340929,0.28934726,0.19967157,0.13400106,0.21918176,0.1945475,0.28195775,0.2792291,0.25610834,0.34356588,0.17167412,0.1459977,0.24046957,0.25525713,0.18992946,0.13067283,0.2729156,0.15876858,0.24401496,0.2667088,0.2196552,0.1918382,0.25330558,0.28530002,0.2413025,0.2489857,0.13412087,0.24207847,0.20343474,0.24319404,0.14267392,0.23956525,0.1513953,0.26932514,0.1866487,0.3016908,0.16417454,0.2561155,0.21981111,0.29475254,0.2717852,0.085455924,0.27926084,0.26252505,0.23768893,0.29591614,0.21967624,0.2483791,0.27263302,0.263659,0.23846994,0.20785503,0.26824364,0.21231274,0.13319866,0.13953716,0.07434064,0.26416677,0.23746441,0.29287004,0.23624544,0.25125247,0.21872903,0.2891411,0.24349153,0.25432375,0.15025897,0.28183445,0.22521165,0.17396711,0.28589112,0.26088303,0.19015229,0.28371882,0.2640123,0.2692861,0.2009431,0.29672953,0.18390417,0.2591316,0.27404732,0.28749806,0.16183081,0.2721303,0.33044884,0.35362735,0.23565342,0.29592723,0.26533636,0.13567996,0.20300274,0.27908868,0.13715588,0.15824147,0.18162304,0.37471232,0.2594778,0.26775607,0.11652233,0.23226087,0.06943512,0.15268762,0.24975666,0.2970957
BC2026_Train_0015_S18_20211016_011500_40,0.09456892,0.073071994,0.057326436,0.39382726,0.002644421,0.15257934,0.055651873,0.085876524,0.053275224,0.08059729,0.27333438,0.055360265,0.062062874,0.0006765611,0.0018898707,0.14479777,0.033594735,0.019769812,0.23576939,0.08454892,0.263381,0.07252451,0.18788321,0.15492167,0.3013529,0.0062740417,0.08294328,0.2058905,0.056628466,0.21318093,0.10268744,0.04290288,0.14226879,0.09118299,0.03872368,0.095637456,0.14699486,0.086671755,0.07742972,0.15494475,0.10976509,0.050364703,0.13995853,0.077982806,0.07053898,0.061075736,0.15073113,0.080679834,0.054956652,0.061613508,0.104779944,0.12237128,0.09758593,0.09053813,0.22806892,0.0010673858,0.07943527,0.22810517,0.012677742,0.1313524,0.28894293,0.028456958,0.2064124,0.26727965,0.07316886,0.073012896,0.09221778,0.061964646,0.013654399,0.13408343,0.018212263,0.03345786,0.2242257,0.16733935,0.24027537,0.19725439,0.26538122,0.2804341,0.21618526,0.21614054,0.23062572,0.116311714,0.27893186,0.12574238,0.23459733,0.26405206,0.24708857,0.28248996,0.26983833,0.1869858,0.26256427,0.2784138,0.14819643,0.1595824,0.15118794,0.22667068,0.16398647,0.3448362,0.2468909,0.1790358,0.24580963,0.12982313,0.28028992,0.35395393,0.2994888,0.26294947,0.29027927,0.27414316,0.24041393,0.2605237,0.21982436,0.29170376,0.17206272,0.2810127,0.15895331,0.27737266,0.26606798,0.23856524,0.26247975,0.26561216,0.22225957,0.26166707,0.2782553,0.25358453,0.27743712,0.18235499,0.25119427,0.24888287,0.2848434,0.24315919,0.19069186,0.2823006,0.2073939,0.22907946,0.23094544,0.16464809,0.27682963,0.276492,0.24102242,0.24771105,0.121441536,0.129529,0.24204911,0.25042325,0.18335254,0.18775392,0.2870905,0.1763658,0.21800902,0.20291789,0.24130626,0.17928109,0.256337,0.2819244,0.2393127,0.27463996,0.17446645,0.29111704,0.2602393,0.23800185,0.124039054,0.25520653,0.14821507,0.27454627,0.19921723,0.28336135,0.23500866,0.20711307,0.25754687,0.29342207,0.28058425,0.06371419,0.279373,0.2742813,0.21935523,0.2976583,0.21137793,0.22582774,0.2843779,0.26326767,0.26630598,0.1816892,0.21705942,0.20348455,0.17429999,0.1421915,0.18877256,0.26355815,0.26625723,0.27422348,0.27435088,0.2663421,0.21198457,0.24131851,0.27620965,0.28208002,0.18690625,0.29446405,0.20953885,0.1741153,0.28424996,0.20707957,0.14743865,0.2946608,0.25701898,0.2702267,0.17681558,0.29023993,0.22282876,0.25329164,0.28095332,0.2742317,0.12186128,0.2860049,0.3162746,0.34636337,0.25105435,0.24134775,0.25315273,0.18813516,0.23262063,0.28727716,0.1750856,0.109861165,0.15037642,0.39370838,0.27790016,0.25964382,0.096184544,0.25223085,0.11654082,0.15113766,0.27387124,0.29812166
BC2026_Train_0015_S18_20211016_011500_45,0.057872586,0.076463796,0.06461656,0.38069618,0.002784925,0.19131698,0.045313768,0.09209667,0.05987993,0.08236404,0.24574025,0.070127375,0.062529445,0.00065879873,0.0017822748,0.14275448,0.04184894,0.01961406,0.26902992,0.10938464,0.20969582,0.07858709,0.15820336,0.18266161,0.28876215,0.0063593583,0.084913194,0.27449003,0.05772017,0.2569616,0.09975085,0.04191552,0.1370551,0.09213911,0.034478705,0.09945838,0.13692759,0.08274372,0.078003146,0.15460856,0.11885826,0.0507812,0.14115998,0.07742338,0.072620496,0.05359587,0.13331364,0.08206665,0.048220694,0.054298066,0.10737238,0.123430096,0.09069581,0.093615055,0.21060267,0.001012754,0.07609881,0.22791977,0.012822274,0.19327877,0.3045174,0.025849465,0.23218563,0.27183673,0.07778056,0.066416964,0.12834753,0.049908634,0.011438244,0.099236965,0.016971946,0.033792906,0.15844493,0.12762475,0.24274969,0.22802582,0.27955765,0.27899492,0.17575859,0.22175871,0.18189093,0.13773629,0.23985896,0.11390962,0.19773434,0.26551038,0.27719516,0.23882137,0.25052446,0.16398326,0.28814277,0.28079042,0.121148005,0.15644985,0.14900981,0.22130255,0.18502071,0.3139815,0.23665628,0.18146114,0.24330252,0.099099666,0.28984454,0.357723,0.3015228,0.20912787,0.29284236,0.18740068,0.2233175,0.26580298,0.2263859,0.29452223,0.17052683,0.2856536,0.22005312,0.2706567,0.24456093,0.18690465,0.26724556,0.2636234,0.26553,0.27927735,0.29190046,0.253371,0.28570867,0.25080258,0.18286148,0.2744427,0.292015,0.21936896,0.18991701,0.28451115,0.20726994,0.17372589,0.17974101,0.13820001,0.24993876,0.2818244,0.27271453,0.28789642,0.1274342,0.103325024,0.2348025,0.24523492,0.21499763,0.13827406,0.29081982,0.1917564,0.2522482,0.22244187,0.2358523,0.20500427,0.2339047,0.29127255,0.23755053,0.26951098,0.1510165,0.26311857,0.20757109,0.24357717,0.14504832,0.262214,0.1665492,0.2883303,0.20625469,0.30631396,0.14729501,0.27961576,0.26113498,0.29450807,0.27792475,0.16223718,0.26870292,0.25652024,0.2705998,0.29311565,0.1709185,0.27561054,0.24613361,0.25516653,0.27319264,0.2386418,0.22406867,0.20582853,0.14272562,0.16018334,0.10171814,0.26781362,0.24251814,0.28431886,0.21413147,0.24113642,0.17057867,0.2803689,0.27559632,0.27462426,0.19517283,0.29148975,0.21478899,0.15789272,0.294391,0.2298105,0.19335437,0.2879783,0.26652318,0.26492906,0.18475485,0.29333088,0.2570507,0.2540414,0.26008484,0.29158542,0.14728718,0.28744227,0.32771534,0.35379377,0.20955989,0.19858487,0.23781437,0.14415015,0.1840548,0.29366714,0.114149615,0.122993715,0.16154659,0.38916668,0.25693855,0.27783257,0.09804169,0.25076964,0.06751797,0.09518264,0.27086824,0.2985981
BC2026_Train_0015_S18_20211016_011500_50,0.07776316,0.08995555,0.0644659,0.397634,0.0024244161,0.18243204,0.07682127,0.1087456,0.06316164,0.07832384,0.21749808,0.06925468,0.074125186,0.00068321056,0.0015752144,0.17580259,0.026846204,0.021836795,0.23917174,0.1030062,0.23899189,0.08371231,0.20055649,0.13468793,0.30551445,0.008358949,0.09867072,0.25138387,0.062178377,0.24102356,0.11170894,0.048780177,0.15198919,0.10153942,0.041993856,0.10823612,0.15208073,0.094216384,0.09017434,0.1634777,0.12651703,0.056912106,0.15251762,0.08838615,0.081520155,0.059229888,0.14737165,0.09213908,0.057165653,0.06306427,0.122530475,0.1396669,0.10902159,0.10510752,0.2224588,0.0010711646,0.0840317,0.23013961,0.016772348,0.1702262,0.328923,0.023520023,0.23812845,0.27832022,0.07271817,0.050211284,0.12917823,0.051883284,0.012685343,0.1182006,0.021851817,0.029322049,0.20934159,0.15671082,0.25316674,0.19203696,0.26101014,0.27984828,0.19342239,0.21671999,0.20097043,0.111646555,0.27006906,0.13809443,0.19954965,0.25347626,0.2743465,0.2565546,0.24766478,0.15686622,0.272761,0.28791428,0.12061711,0.19655424,0.13914059,0.2538234,0.18179162,0.30564836,0.26849705,0.21399805,0.23556215,0.123693876,0.28818357,0.35238826,0.30051804,0.2604982,0.29363254,0.21272534,0.2402294,0.26317322,0.26641384,0.28906417,0.1996567,0.285587,0.16836363,0.2825858,0.28986058,0.24834101,0.28187433,0.28318337,0.25555313,0.28516892,0.28433022,0.27273345,0.29503784,0.18648352,0.22481573,0.27364343,0.28931475,0.22321074,0.16302961,0.29051325,0.18552169,0.19616966,0.19652896,0.19595625,0.23875014,0.28368592,0.26201165,0.29251984,0.13094538,0.1570692,0.26306063,0.21552186,0.2153791,0.19746578,0.28199813,0.23721476,0.2693209,0.23555565,0.1477665,0.21191378,0.29352164,0.27525768,0.25136998,0.27536276,0.16922745,0.2478616,0.24161313,0.1947164,0.16007295,0.24396084,0.17632821,0.28352916,0.20190568,0.28426924,0.21832548,0.2595053,0.2477256,0.2951999,0.28876546,0.06151119,0.23217143,0.2763176,0.20715004,0.29394177,0.15360591,0.25076935,0.2612969,0.26971883,0.26200372,0.26798797,0.25289539,0.29116175,0.17208154,0.12734362,0.16757901,0.25984997,0.2819838,0.2855295,0.26310846,0.25047448,0.17585833,0.26974165,0.24639578,0.28776857,0.14184628,0.2914311,0.26484674,0.1692397,0.28072894,0.1805632,0.1825885,0.2946826,0.25250676,0.25881228,0.19338694,0.28884587,0.2104342,0.24828398,0.27005592,0.2948895,0.17055415,0.28029317,0.32093447,0.34482312,0.24546547,0.26669344,0.26006672,0.15591209,0.23176911,0.28476086,0.20170458,0.1511629,0.14219622,0.3950068,0.24762894,0.25855285,0.09407218,0.2544285,0.081720345,0.15411635,0.2794209,0.29973152
BC2026_Train_0015_S18_20211016_011500_55,0.08663985,0.0901119,0.058609813,0.3828001,0.0028867547,0.15263255,0.055507183,0.08295919,0.063646056,0.10095905,0.3019811,0.06248037,0.11891754,0.00066420843,0.0020097943,0.19424924,0.022704756,0.01990918,0.23162666,0.099402696,0.18564965,0.08194467,0.23503083,0.11976457,0.29364407,0.007156048,0.100422665,0.21253711,0.085903555,0.2330902,0.10925275,0.04347415,0.13072738,0.092031844,0.032369368,0.116267964,0.13045858,0.069816396,0.076391354,0.13764647,0.09582554,0.058399957,0.124013186,0.06625433,0.08222075,0.0603014,0.14492093,0.08658722,0.056821622,0.06185447,0.10508295,0.11316917,0.09152232,0.09420598,0.20741324,0.0011221463,0.08964588,0.32866457,0.01356102,0.13676432,0.30743042,0.028662467,0.27736294,0.2955387,0.071469024,0.038715288,0.10322003,0.045623105,0.012987414,0.103156224,0.028502267,0.038172595,0.22727327,0.23079704,0.23085415,0.21465766,0.26604298,0.28850618,0.23344398,0.23138522,0.20313622,0.122020416,0.26712617,0.0987284,0.26748785,0.27946645,0.24636444,0.29935664,0.28023243,0.15435842,0.27555573,0.2843351,0.18793808,0.20092165,0.29700553,0.2406375,0.24940012,0.38877678,0.27434573,0.28768736,0.25249326,0.089557245,0.28783113,0.34269822,0.2980028,0.23940042,0.2714783,0.2048695,0.23728783,0.27849942,0.2147186,0.29365146,0.23049347,0.28254616,0.15957196,0.28471267,0.25299963,0.19336581,0.2537315,0.27153492,0.25704888,0.261431,0.29207,0.24715708,0.26948422,0.20588508,0.1943559,0.27150023,0.26526913,0.21279246,0.18464443,0.2899481,0.1492585,0.25613278,0.19457418,0.149447,0.24491102,0.27040264,0.25053445,0.24921596,0.13201088,0.21833119,0.24444222,0.27062735,0.2092612,0.18675846,0.26761416,0.14697278,0.22948608,0.27817988,0.19674416,0.24039626,0.25656208,0.2701586,0.250974,0.2558249,0.23618193,0.25591698,0.2372964,0.25579363,0.119585656,0.2736043,0.19702412,0.256891,0.19423658,0.29315975,0.18970147,0.20588379,0.2525068,0.29644802,0.27264118,0.06932632,0.24368058,0.26777712,0.16502689,0.29491338,0.15860562,0.2919003,0.25241944,0.27705237,0.27556226,0.16790168,0.23079203,0.1989334,0.17952707,0.14619562,0.12755217,0.23639171,0.24669608,0.28584746,0.23191932,0.256627,0.2966994,0.2758746,0.26131016,0.26246855,0.19235842,0.28441432,0.20569593,0.1424233,0.28381386,0.17522001,0.1292972,0.2893742,0.27176893,0.27640018,0.29905894,0.29459155,0.2553767,0.27164888,0.27753034,0.28110892,0.14759992,0.27461448,0.33038992,0.34849885,0.25543272,0.2575559,0.2224322,0.15757173,0.16844016,0.2282779,0.13675311,0.104912035,0.25147405,0.38052684,0.26942113,0.27415764,0.10149294,0.2531093,0.07394014,0.107404046,0.26779157,0.29938364
BC2026_Train_0015_S18_20211016_011500_60,0.087385446,0.091924615,0.069774754,0.4038438,0.002732418,0.19864033,0.06330187,0.11548106,0.06020525,0.101369105,0.4234206,0.114770286,0.09396389,0.00065113965,0.0021907412,0.18068288,0.027589802,0.022256443,0.24609488,0.10125874,0.21726339,0.07942659,0.20636219,0.15029134,0.29776233,0.00772582,0.08781389,0.23136613,0.08764133,0.2842182,0.107620016,0.042045705,0.13005821,0.08787217,0.035180174,0.116088785,0.12813035,0.07553226,0.078896634,0.13871416,0.109073184,0.05942729,0.13507374,0.070541486,0.08631803,0.060218953,0.14468262,0.09134515,0.058531135,0.05991932,0.10086596,0.1129064,0.09772833,0.09794764,0.2111254,0.0011373935,0.086904965,0.31737036,0.013801896,0.14381865,0.30137503,0.027349206,0.27012125,0.30521625,0.0801093,0.04534765,0.110623315,0.051805526,0.012474791,0.110380836,0.029509882,0.0394207,0.19982648,0.15385306,0.26079953,0.18788558,0.23928663,0.2641334,0.20496547,0.23479536,0.23649134,0.13409148,0.2660817,0.090720974,0.2279916,0.27240464,0.28838754,0.29437616,0.25148517,0.16075256,0.28554305,0.294254,0.2005064,0.19827282,0.2842986,0.22784911,0.17885396,0.32279688,0.2793762,0.22937997,0.31090993,0.13217989,0.29470983,0.3532526,0.30031902,0.22537711,0.2927966,0.18358284,0.26000595,0.2771374,0.2317233,0.28694555,0.21881932,0.28562304,0.19705029,0.29397345,0.26272318,0.21287405,0.2867985,0.26301053,0.27723587,0.26464543,0.27491054,0.25221437,0.27310178,0.17174657,0.2198079,0.27108768,0.2899236,0.23784009,0.22886194,0.2927099,0.17934924,0.20858319,0.17546839,0.14999099,0.27967852,0.27910554,0.25450817,0.2759872,0.14243075,0.29134133,0.22802378,0.24467933,0.20935462,0.22770542,0.2881267,0.15067993,0.25000134,0.2010432,0.19148551,0.23095381,0.24161826,0.28500038,0.22349633,0.23177746,0.19724402,0.23959097,0.22779705,0.21966343,0.14216009,0.27873734,0.15728588,0.2707477,0.16102175,0.29315498,0.22321825,0.21523778,0.26331243,0.29169816,0.27304664,0.08176692,0.28202978,0.27130988,0.20629808,0.29542154,0.17609766,0.29728466,0.28252262,0.25329912,0.24965146,0.23905146,0.24125814,0.23284237,0.14313209,0.16800413,0.24523674,0.26133925,0.25381285,0.27630538,0.24191579,0.26509205,0.28096038,0.26624647,0.25608265,0.2803699,0.18681571,0.29207858,0.17774469,0.16227922,0.2838218,0.20630533,0.15097953,0.29650486,0.28157318,0.23566769,0.2960765,0.29224145,0.23029725,0.2781729,0.27851617,0.29547766,0.116477385,0.28065613,0.32217443,0.34957573,0.21753703,0.2375307,0.24558291,0.22241418,0.23193711,0.26491633,0.13542148,0.09470846,0.2080849,0.37685508,0.25582084,0.25364372,0.11785495,0.24459378,0.07807802,0.12638012,0.25746542,0.2894238
BC2026_Train_0016_S18_20220204_221500_5,0.09635849,0.09737675,0.08518618,0.38831952,0.0030628087,0.20738235,0.2518324,0.22574392,0.096079245,0.31344745,0.71294105,0.17046647,0.08909452,0.00077697466,0.0016684603,0.31791836,0.115526885,0.03153798,0.43516392,0.121904194,0.23586962,0.06973916,0.2931821,0.18886453,0.2610001,0.009630179,0.14127086,0.24531338,0.065989204,0.27460545,0.12716392,0.0839926,0.15524572,0.12931147,0.065220766,0.10590851,0.15107581,0.10586182,0.09792468,0.1897178,0.16598466,0.0662687,0.14342338,0.103200436,0.10014959,0.11070285,0.17983902,0.09602916,0.062368654,0.10064701,0.15295866,0.13113005,0.113335386,0.1341385,0.22528505,0.0010351508,0.10334228,0.2794399,0.0103065735,0.24620575,0.42944393,0.0336737,0.32598063,0.44148335,0.09084673,0.042060975,0.2074593,0.04375621,0.022652082,0.12302616,0.03649942,0.026913157,0.20751506,0.20685582,0.2806343,0.22987917,0.2681411,0.2903906,0.15849608,0.24046986,0.26444337,0.16313462,0.29915968,0.24040103,0.23682742,0.26804808,0.29619864,0.24408467,0.22817717,0.26629606,0.29097638,0.28596994,0.15960439,0.30758134,0.29253528,0.27522218,0.27202478,0.418329,0.28911546,0.18980171,0.26297805,0.16918898,0.28766778,0.3684565,0.3013421,0.26714674,0.1289011,0.15088043,0.2600655,0.22382715,0.24466565,0.29897654,0.21406257,0.25437722,0.26746878,0.29765055,0.23319644,0.28326368,0.24198863,0.2815711,0.29472122,0.2929259,0.25480166,0.26008886,0.2859172,0.20082015,0.20339024,0.1866418,0.28365976,0.29446393,0.25892287,0.28339177,0.23244166,0.23428874,0.29172605,0.177214,0.2764587,0.2989952,0.27928907,0.3549549,0.19297966,0.21816231,0.26599553,0.26254243,0.26787257,0.22128546,0.2779457,0.20940942,0.2247625,0.20109613,0.23599844,0.24996474,0.17987368,0.20441076,0.20590219,0.2626052,0.21014889,0.17613605,0.19928351,0.27560222,0.1374775,0.22532053,0.19137836,0.27423763,0.23694284,0.31476706,0.29465622,0.25592178,0.1726514,0.29664966,0.27186307,0.114841856,0.17696162,0.22138402,0.22237915,0.2737507,0.1841473,0.24003564,0.21076074,0.28533477,0.2652115,0.26155472,0.20767419,0.17393018,0.14621718,0.21726124,0.10287286,0.25747237,0.24497145,0.29558757,0.26563224,0.27864155,0.17629652,0.29085648,0.24970716,0.2361594,0.17919734,0.20951883,0.26211107,0.26570076,0.2516418,0.20113666,0.22804096,0.26068693,0.24864651,0.27140293,0.2570952,0.29582015,0.18901345,0.20901006,0.28900138,0.29103526,0.2306922,0.2927706,0.3365811,0.34936625,0.27716082,0.27940014,0.23773837,0.19371793,0.19860813,0.26106876,0.26683307,0.16538219,0.14941782,0.36898112,0.21688554,0.2812979,0.09716302,0.27568707,0.091492884,0.17267253,0.2583017,0.29014516
BC2026_Train_0016_S18_20220204_221500_10,0.15230995,0.090402685,0.07898803,0.38395345,0.0029431316,0.22339599,0.20805924,0.24701017,0.10553132,0.32455128,0.74628735,0.15193346,0.09738866,0.0007509533,0.0018327392,0.2759493,0.0745044,0.025436142,0.47499865,0.21078402,0.26342046,0.067478575,0.23590763,0.18460673,0.29900637,0.007325633,0.1377301,0.21378401,0.059582826,0.25705075,0.1254679,0.074953154,0.15459257,0.12399022,0.063777946,0.11857398,0.15203467,0.09529458,0.08919961,0.17487812,0.1573009,0.0693112,0.13101488,0.086421356,0.09170401,0.11041431,0.185668,0.09384598,0.06552223,0.10327015,0.14224705,0.12524241,0.10296719,0.13878101,0.2138716,0.00093767873,0.09796915,0.30602247,0.01097144,0.17489673,0.41737473,0.029031288,0.26774955,0.47523817,0.10066534,0.055913385,0.19244935,0.042645216,0.025357507,0.1278942,0.033903897,0.029949253,0.22333503,0.21295522,0.31543833,0.24408759,0.2555507,0.29211673,0.19193731,0.17589909,0.23163557,0.19228321,0.29916352,0.16073029,0.29030192,0.28660232,0.2884952,0.292,0.24965268,0.16089389,0.27451515,0.27893242,0.14851263,0.23469397,0.28328705,0.25837332,0.2214774,0.39569277,0.24773976,0.18486995,0.24497318,0.22311929,0.2692911,0.3667569,0.297248,0.21645837,0.17731118,0.11799788,0.26447508,0.23156385,0.22567524,0.29812738,0.23186046,0.27054816,0.192785,0.28440723,0.23560213,0.28637326,0.1991618,0.27255806,0.28526366,0.28321594,0.24755022,0.24883743,0.27880958,0.23129965,0.20552026,0.18633239,0.19861327,0.2940738,0.2735885,0.29548642,0.27555427,0.27042183,0.21370575,0.24242668,0.27457663,0.2805997,0.27161443,0.37152484,0.16003068,0.23091403,0.24338268,0.24366996,0.22250631,0.20730224,0.26218587,0.21814059,0.21741879,0.24445339,0.1718224,0.21429288,0.26281667,0.2407909,0.21728215,0.1705484,0.19365276,0.20990618,0.2698108,0.2594174,0.22773796,0.28059357,0.16663302,0.23103528,0.24105552,0.28672504,0.26215565,0.23832566,0.23529524,0.2921552,0.27582285,0.10510701,0.2585028,0.2601641,0.26528865,0.26955888,0.17417826,0.29934326,0.20491606,0.2763695,0.2613545,0.14555213,0.21440189,0.24593276,0.16153118,0.18452941,0.10181322,0.24897705,0.23946182,0.29698282,0.23727614,0.29599175,0.26880208,0.28505933,0.22293638,0.25085196,0.19115272,0.21885301,0.23947181,0.18789801,0.27138552,0.2797882,0.20413138,0.2601398,0.2516713,0.25113478,0.2978811,0.2789909,0.22086312,0.29016024,0.24793471,0.28989738,0.27954137,0.27504143,0.3205714,0.3520528,0.18724015,0.28434303,0.26451,0.22463934,0.15214753,0.20254526,0.2190837,0.14452325,0.24866198,0.40140605,0.17140324,0.2983645,0.1150219,0.266163,0.081468515,0.1444203,0.24802725,0.29216695
BC2026_Train_0016_S18_20220204_221500_15,0.15031317,0.08046079,0.079061784,0.3826015,0.0030665586,0.18319266,0.16589019,0.18083915,0.11624705,0.30630547,0.7505367,0.13028374,0.08400243,0.0006930911,0.0017385668,0.27253297,0.082384795,0.018624496,0.3429392,0.1190852,0.27841634,0.064336486,0.16357478,0.19599274,0.25014028,0.00745765,0.15555127,0.25123692,0.06479136,0.26254204,0.11250126,0.062172256,0.13399681,0.123732686,0.046384543,0.12549043,0.13872136,0.08266297,0.073618315,0.16642971,0.14963932,0.05943845,0.11831562,0.083505735,0.07195045,0.09665979,0.17330849,0.078377746,0.057243,0.090894476,0.13310781,0.12727444,0.08400289,0.13379838,0.22463827,0.0007826865,0.09292641,0.30662513,0.0100375,0.18425575,0.30460593,0.028898353,0.2354688,0.47460932,0.08763056,0.055087667,0.12347965,0.051320378,0.027372215,0.13884526,0.025733,0.034807503,0.22914875,0.2201949,0.28399476,0.25898823,0.19789359,0.28771216,0.26560587,0.24932991,0.23997924,0.13612607,0.29850414,0.21476835,0.22804168,0.27956858,0.25674856,0.29874596,0.2640099,0.1814051,0.268346,0.28732014,0.22109325,0.21796986,0.2783616,0.26781464,0.22972415,0.3408571,0.2591785,0.26446784,0.2962901,0.18451446,0.28202987,0.3631971,0.30083477,0.24898899,0.19783378,0.14159147,0.25350422,0.24916314,0.22904827,0.2999737,0.20426518,0.2705419,0.22516023,0.28117675,0.2625921,0.27556175,0.26683435,0.26278472,0.2804765,0.28111777,0.20857087,0.2647714,0.29512146,0.17754427,0.25932688,0.22042954,0.24520601,0.2861511,0.25656578,0.29301322,0.27935988,0.20106581,0.18595725,0.119035535,0.2684044,0.28705436,0.26576722,0.37434202,0.19889404,0.20140237,0.26096514,0.2518767,0.23021469,0.21293035,0.26064223,0.22592328,0.19236228,0.2538693,0.2618683,0.2053711,0.23769152,0.2472838,0.16849987,0.25569418,0.21264087,0.15899941,0.26124856,0.25716004,0.16247222,0.29014936,0.2074413,0.25153753,0.22156043,0.24041009,0.29010674,0.2708554,0.23041981,0.2972812,0.2807966,0.101930596,0.18705603,0.20783672,0.27317518,0.29100165,0.20375414,0.2992076,0.21134454,0.26745862,0.2490327,0.14916344,0.21513774,0.18175228,0.13798776,0.21306169,0.08562813,0.26148763,0.19095288,0.29948646,0.19514,0.2736979,0.2554636,0.2914769,0.27722564,0.26207146,0.15708005,0.21456188,0.2823199,0.16615905,0.2876343,0.1659044,0.18350984,0.2969201,0.29521847,0.2740375,0.2976233,0.2925306,0.17634606,0.27787453,0.28150898,0.2977375,0.14007457,0.27295166,0.33842582,0.35477778,0.21980396,0.29232553,0.27357334,0.26866478,0.14677326,0.15952373,0.18578036,0.14093792,0.2083337,0.37109715,0.17571549,0.216736,0.12403993,0.26969674,0.069493406,0.13125895,0.24556519,0.28268465
BC2026_Train_0016_S18_20220204_221500_20,0.16881968,0.07650204,0.08521247,0.4008085,0.0031264983,0.22253908,0.17428844,0.2576234,0.107523,0.32207406,0.73622227,0.14745392,0.096487924,0.0007585514,0.0020463169,0.41246617,0.08187214,0.020990616,0.28319243,0.10907419,0.2820742,0.061832618,0.19711249,0.18806465,0.2844618,0.007555139,0.1960814,0.25317177,0.09278582,0.3195543,0.10577061,0.061816562,0.12491133,0.120715365,0.054826695,0.10597752,0.1273947,0.08123938,0.06820518,0.15876254,0.13845909,0.055736464,0.1268628,0.07163523,0.082392,0.095943175,0.16277313,0.078185216,0.051954955,0.08516333,0.12852171,0.11194339,0.08062027,0.121761344,0.19459113,0.0008302054,0.07577111,0.32206604,0.011875143,0.17426899,0.27641067,0.02945736,0.2965713,0.45607412,0.0941326,0.049332954,0.15221435,0.057543296,0.021926293,0.2039967,0.023898022,0.02501271,0.21276306,0.17408054,0.29950678,0.19776171,0.2534883,0.2924321,0.2469824,0.2676616,0.21113396,0.18374316,0.29844424,0.14699884,0.2842934,0.2527716,0.29061598,0.2764115,0.24671336,0.1161949,0.26341003,0.25739396,0.10057869,0.29557443,0.2816597,0.29024875,0.27426213,0.37523493,0.26720127,0.217077,0.30298257,0.2269605,0.29098842,0.36745602,0.3001808,0.26117757,0.15438336,0.11234798,0.25718236,0.24397847,0.22525811,0.29685813,0.2643017,0.2827679,0.20457816,0.27964306,0.272687,0.29326418,0.26989675,0.28514233,0.28630406,0.28812268,0.23034272,0.253282,0.29674572,0.23684573,0.180078,0.29424554,0.21254413,0.29821676,0.23839778,0.2887987,0.29209667,0.25643367,0.1822275,0.13222659,0.2906469,0.29678485,0.272355,0.37028465,0.1921454,0.18476921,0.25712088,0.26073778,0.21837324,0.24903427,0.2805975,0.15139945,0.18518281,0.2430274,0.20302972,0.22194383,0.22689156,0.23143508,0.28896743,0.24280463,0.2352728,0.18846016,0.2105116,0.24933061,0.11482139,0.2825935,0.23643641,0.25265604,0.23179336,0.23696722,0.28768736,0.19329084,0.16829243,0.29610747,0.28122258,0.09192855,0.18369688,0.26053265,0.26377743,0.26004767,0.20836456,0.29910305,0.23615448,0.30180463,0.2688709,0.17281662,0.2734284,0.22329618,0.1411161,0.1704999,0.101942755,0.20492628,0.23818634,0.2968479,0.21401411,0.28392896,0.27510804,0.28217632,0.22945273,0.2652763,0.1568374,0.20193796,0.24025415,0.21681309,0.26466775,0.25028464,0.19696946,0.28172538,0.25080767,0.2433041,0.29272234,0.29194412,0.2057334,0.26141414,0.26653168,0.29114017,0.229274,0.27076706,0.324213,0.35936514,0.24411134,0.2812346,0.2471287,0.1808243,0.14617267,0.16484548,0.24311699,0.21403375,0.19276506,0.38517165,0.19242923,0.26303455,0.11255526,0.2797451,0.05572691,0.13877702,0.25621548,0.2711781
BC2026_Train_0016_S18_20220204_221500_25,0.13528602,0.072750896,0.06544878,0.38089284,0.003012971,0.16651593,0.23050816,0.23782161,0.102910936,0.30341104,0.70309854,0.1994471,0.10137743,0.0007868445,0.0019237903,0.369394,0.064288124,0.022129841,0.30743784,0.13452214,0.23060551,0.057193305,0.1702836,0.22583397,0.30704692,0.0079615675,0.19850293,0.24472858,0.06834371,0.25067174,0.10585888,0.058665596,0.12489148,0.111461125,0.044470865,0.09698222,0.12412685,0.07918511,0.072842225,0.15219201,0.12920204,0.04698666,0.13527973,0.07325984,0.07294662,0.09412478,0.17632501,0.07224224,0.041508548,0.08102525,0.1280719,0.12127639,0.07824442,0.1097708,0.21579781,0.0008024191,0.07446454,0.25278327,0.0115774525,0.17209457,0.27779645,0.03435271,0.28522745,0.38173074,0.09709537,0.054884307,0.11436958,0.050241042,0.0200041,0.16086799,0.018082596,0.027423171,0.21065003,0.23997931,0.28474152,0.2509069,0.2574972,0.2838593,0.20580177,0.15765019,0.25812215,0.17835046,0.28509465,0.14534998,0.28254822,0.27277344,0.17235619,0.262644,0.24780177,0.16092451,0.29259357,0.2749232,0.10897212,0.21008374,0.17046468,0.2508557,0.25343278,0.38493735,0.20977259,0.19116604,0.24147144,0.23266584,0.2799474,0.38010126,0.3010692,0.24019384,0.1636544,0.094579466,0.24009448,0.2227737,0.2128812,0.2936154,0.19549823,0.25658724,0.1682595,0.2856938,0.20650338,0.28797352,0.20470943,0.27834848,0.2884468,0.267373,0.213378,0.28467706,0.29606986,0.22965269,0.2442922,0.22591716,0.2071178,0.29788068,0.24865891,0.29254273,0.23280695,0.20175004,0.2502445,0.14151688,0.23522028,0.28733298,0.25903544,0.33308408,0.22686177,0.1575375,0.2081505,0.24878798,0.22913426,0.16084585,0.26169622,0.21284094,0.30551073,0.2455585,0.24740556,0.1855601,0.23502208,0.20517336,0.21233404,0.2749445,0.24845594,0.1875712,0.21200258,0.23555577,0.13401437,0.24591278,0.15865222,0.25149107,0.21531457,0.28382635,0.25795242,0.25480852,0.1864655,0.29516017,0.28184798,0.06434119,0.19416222,0.22219345,0.24538998,0.29683638,0.17505807,0.2608437,0.24527717,0.26083165,0.27939412,0.18170576,0.2507339,0.20577858,0.15066488,0.20288174,0.064168915,0.23598608,0.22923572,0.29984543,0.21989354,0.27707753,0.15664813,0.25643066,0.23605946,0.254391,0.20344886,0.20426695,0.2544649,0.2039104,0.26417533,0.23817126,0.20665503,0.25409454,0.25362104,0.26511854,0.27062342,0.29528213,0.13510089,0.19773662,0.21201809,0.2847357,0.22248061,0.28674698,0.33079967,0.34877518,0.24250752,0.26645082,0.22329883,0.1941044,0.12235167,0.22584036,0.25681737,0.21712385,0.14417538,0.38611615,0.21851179,0.26811433,0.10668455,0.2501502,0.07558298,0.2307309,0.2669825,0.27011243
BC2026_Train_0016_S18_20220204_221500_30,0.12299773,0.065513276,0.06610936,0.36755747,0.002974394,0.22655791,0.2893006,0.17647572,0.10119727,0.28467092,0.7215967,0.17007218,0.07551393,0.0007683779,0.001975479,0.2930938,0.091244444,0.019575527,0.27370465,0.10607707,0.27569744,0.05877996,0.12237265,0.22686595,0.28758883,0.008084557,0.19048828,0.26619804,0.056416027,0.2631135,0.09847303,0.055868436,0.11628103,0.10958996,0.043706864,0.09539997,0.1146607,0.075458154,0.06913624,0.15812281,0.12857655,0.04574762,0.13329759,0.07241383,0.0778656,0.09214939,0.17099288,0.0694218,0.04100766,0.0814669,0.123719536,0.120299,0.07607444,0.1096683,0.2136476,0.0008490095,0.06955002,0.25014615,0.011828372,0.1494656,0.27707773,0.033643436,0.23594001,0.36680058,0.08765979,0.07597129,0.1015787,0.06317226,0.01880489,0.13456379,0.01626198,0.024775317,0.24252817,0.20648791,0.30963424,0.24391115,0.25272024,0.29145268,0.21802694,0.2159487,0.2131097,0.17209637,0.29561955,0.1467333,0.25661469,0.26715735,0.24876386,0.25919726,0.27721426,0.2002394,0.27577415,0.27355883,0.10476062,0.21400781,0.1644804,0.2509321,0.28869373,0.37271923,0.21354681,0.21942309,0.23330368,0.1904575,0.28855658,0.37794352,0.30113417,0.2818461,0.14040239,0.15038423,0.2594756,0.2484329,0.21896034,0.2985107,0.19073373,0.281181,0.18214004,0.26315284,0.18478128,0.28748605,0.26861557,0.27189228,0.2914421,0.2896514,0.282344,0.28687462,0.29654577,0.23807538,0.189444,0.19339041,0.20622423,0.29103643,0.25916594,0.2884587,0.23518829,0.21250707,0.20252027,0.12619594,0.283711,0.29213095,0.27993846,0.25892088,0.17267893,0.14922309,0.2849295,0.23955734,0.18607175,0.18604097,0.26512995,0.13281627,0.19330053,0.24792749,0.25296235,0.20266303,0.24364875,0.20099705,0.20693319,0.25151524,0.19461723,0.16890809,0.2079162,0.18066242,0.11494905,0.25241673,0.2404964,0.2448635,0.20957504,0.24040268,0.28167072,0.24001397,0.19338048,0.29552674,0.26757753,0.08151905,0.22618943,0.24052127,0.22733253,0.29152507,0.1645768,0.2534194,0.25366166,0.2729275,0.28371584,0.11628952,0.23723708,0.18497331,0.12715062,0.20220628,0.10520233,0.24323392,0.23767585,0.29848623,0.27366847,0.28541297,0.18105538,0.2633472,0.23567742,0.27075225,0.25961673,0.25159565,0.23386393,0.28345108,0.2734678,0.257743,0.2376956,0.27593648,0.2667513,0.25990266,0.26177248,0.29098654,0.22118655,0.22202037,0.19459422,0.29047868,0.18291023,0.27129084,0.32320362,0.3757748,0.24350001,0.27408704,0.18636775,0.17915031,0.13074815,0.17682175,0.19908293,0.1902406,0.13502018,0.3737803,0.20510933,0.25678584,0.1446976,0.2702558,0.064688295,0.16910079,0.26753294,0.29609066
BC2026_Train_0016_S18_20220204_221500_35,0.09530181,0.069745615,0.08244176,0.37195447,0.0028617017,0.20109643,0.24055299,0.21458876,0.09872958,0.30930334,0.7224559,0.1792339,0.086206734,0.00076994905,0.0018187807,0.29306802,0.07978293,0.019425381,0.3653855,0.13221769,0.2695696,0.060519904,0.13792212,0.1998483,0.28331536,0.008286476,0.1989964,0.25012043,0.060402572,0.2657876,0.103965625,0.05921308,0.12310507,0.11375389,0.047792453,0.09385192,0.12321085,0.07585474,0.0715164,0.15944901,0.12568842,0.047750067,0.14059149,0.07265097,0.0696057,0.09017893,0.17835936,0.06571438,0.04618012,0.078800336,0.12631907,0.12092273,0.07875967,0.11043896,0.20443177,0.000896844,0.065965235,0.25998,0.011648332,0.17090365,0.28834456,0.032076072,0.3151624,0.40061635,0.08286695,0.059136946,0.09320562,0.04807561,0.021129204,0.12870924,0.017921392,0.023480978,0.149466,0.23739888,0.29607195,0.2277403,0.2056427,0.27756318,0.17684795,0.18872212,0.22143142,0.18897855,0.2969525,0.1762633,0.2724895,0.27904403,0.13035011,0.25336346,0.20722665,0.14875792,0.25791582,0.2811414,0.11932907,0.19147462,0.18161906,0.2564193,0.2240813,0.3812502,0.2234202,0.17140502,0.2504075,0.25782228,0.2774257,0.37126002,0.30025527,0.24876511,0.19749998,0.11904981,0.2345801,0.20936209,0.2074997,0.29301488,0.17939161,0.24935085,0.17095421,0.2767774,0.18777624,0.29277244,0.115691744,0.27198848,0.2884753,0.26278594,0.2031788,0.25613752,0.2958686,0.26036158,0.24294251,0.20383368,0.17472316,0.29692852,0.26245704,0.2867583,0.21309268,0.19274971,0.22405392,0.14113633,0.27646628,0.282055,0.2719762,0.30490616,0.1434204,0.15346363,0.21435672,0.22841342,0.25454363,0.22433037,0.27388808,0.19282329,0.18594879,0.21440476,0.24261379,0.18394437,0.19575886,0.17719926,0.2557815,0.237089,0.21230045,0.18690899,0.19350313,0.25069973,0.08630495,0.28132784,0.18930645,0.25048667,0.24576357,0.27305248,0.27938697,0.2031571,0.16234948,0.29651514,0.28804165,0.06703894,0.20403394,0.22641772,0.26035792,0.2894949,0.16618769,0.23778321,0.22810158,0.27911377,0.25928733,0.16065477,0.17358698,0.21261112,0.160307,0.15083952,0.11296431,0.2221383,0.21514453,0.29949456,0.19751054,0.27790144,0.16036247,0.259978,0.25050473,0.24721037,0.19790906,0.21511129,0.26496008,0.21512648,0.2687824,0.28946507,0.22183967,0.2608347,0.2587831,0.25227934,0.26267388,0.29734945,0.14448094,0.15640014,0.19555095,0.2693231,0.118523486,0.2748767,0.33014596,0.34690934,0.22357912,0.29210702,0.2125202,0.20203821,0.09714475,0.2167734,0.25036567,0.18610044,0.14810768,0.3764092,0.20128863,0.24148262,0.113907024,0.26160175,0.056500424,0.17167567,0.2532786,0.27502343
BC2026_Train_0016_S18_20220204_221500_40,0.14485937,0.06772378,0.06783512,0.37916684,0.0027269395,0.2091426,0.17916775,0.2356179,0.0879768,0.34184772,0.69620395,0.14620234,0.07762951,0.00076262245,0.0015850537,0.29865223,0.075078815,0.018212512,0.28539136,0.1277322,0.25295246,0.05681703,0.13603973,0.22584659,0.28807598,0.0077845,0.19344738,0.24425401,0.056774292,0.2815833,0.10250871,0.05991592,0.11889211,0.11089595,0.045381922,0.10108794,0.12949099,0.08364268,0.07590832,0.15605915,0.13252658,0.048521735,0.13395256,0.075743504,0.075886115,0.090039276,0.16769983,0.07232746,0.043008365,0.079671025,0.125015,0.116508886,0.080612436,0.11633947,0.22157231,0.0008705343,0.07249383,0.24711797,0.010895575,0.17095686,0.35007778,0.02771852,0.24938236,0.39961642,0.07882267,0.047665432,0.0871854,0.038432118,0.02912464,0.12548691,0.016828064,0.028106758,0.2294704,0.2465641,0.30465266,0.19989975,0.23415014,0.2868577,0.15253885,0.21580301,0.23367575,0.19644062,0.29922146,0.20390642,0.25787032,0.2778993,0.1976452,0.27716506,0.25731447,0.20357983,0.271461,0.27606767,0.11342757,0.31983718,0.18468359,0.2423371,0.25538304,0.38723007,0.1908677,0.16826345,0.24190682,0.26996067,0.2877298,0.37969512,0.30090716,0.23259991,0.15911427,0.08809192,0.23251104,0.21700637,0.21320489,0.29388893,0.20579994,0.25546232,0.17314549,0.27583632,0.2551095,0.28222606,0.19817787,0.28055882,0.2827056,0.29652655,0.18009277,0.2734198,0.2965806,0.21148986,0.17034185,0.21707886,0.22446829,0.29633766,0.24154297,0.28984952,0.2584454,0.19284779,0.1971253,0.13670988,0.26345167,0.29570687,0.27687997,0.31174058,0.18391605,0.14665875,0.23908675,0.22380039,0.24595022,0.18703893,0.27402428,0.17086142,0.3124964,0.24407637,0.22790743,0.16380018,0.18918985,0.19822519,0.2078064,0.24378167,0.28402144,0.22365797,0.18785976,0.23819911,0.17542364,0.24258606,0.18986198,0.26097256,0.20053644,0.28817716,0.2767603,0.23751917,0.19438678,0.29186293,0.25510836,0.07226251,0.17947005,0.24431363,0.26101685,0.29459456,0.1491982,0.27158457,0.21120109,0.26833257,0.27124745,0.14066133,0.19343734,0.21341045,0.20947006,0.1415457,0.07136066,0.24506876,0.24241924,0.29871073,0.21805722,0.27073288,0.19196223,0.2799178,0.21243007,0.2512173,0.20329796,0.18590887,0.23065987,0.20248659,0.27307692,0.23274992,0.18815872,0.28001383,0.26772207,0.2720755,0.25002894,0.28364134,0.12741871,0.18833047,0.24918221,0.28550065,0.2593964,0.2523177,0.3259425,0.36654827,0.27081463,0.28566957,0.1960336,0.19185907,0.209752,0.16359341,0.25331363,0.16100617,0.16751243,0.38037816,0.2100368,0.27195105,0.10219599,0.25001475,0.072387606,0.17072871,0.25570974,0.28160927
BC2026_Train_0016_S18_20220204_221500_45,0.108803004,0.07167797,0.07780277,0.42125317,0.0027119284,0.2208258,0.20628387,0.20621498,0.092271484,0.31865957,0.67399347,0.12983097,0.10550172,0.00078899926,0.0016255416,0.32823044,0.05490257,0.019427275,0.29349744,0.11112348,0.2739057,0.059254374,0.14354241,0.2038756,0.29833204,0.007921474,0.22601469,0.26952726,0.06908615,0.28035346,0.10324327,0.06311686,0.1278079,0.11128892,0.049174257,0.09560312,0.12438564,0.08049779,0.07558567,0.15459944,0.13023302,0.04979662,0.13806632,0.07581942,0.080560066,0.09418721,0.17797025,0.072988145,0.044745535,0.08573604,0.12677458,0.12226683,0.0780815,0.10959653,0.208142,0.00088161405,0.07212425,0.2550072,0.009839739,0.17980419,0.3461116,0.031304173,0.29165545,0.40185204,0.09522777,0.056358397,0.13792232,0.05183706,0.0253408,0.14073865,0.019129748,0.034145065,0.21122563,0.2135916,0.2832006,0.23498708,0.25129965,0.2906447,0.23546325,0.22207695,0.2363742,0.1824635,0.29671106,0.1398296,0.27826047,0.2808268,0.20905855,0.24205612,0.18813708,0.17187527,0.29426694,0.27460557,0.14375398,0.23035243,0.14343701,0.28450853,0.19849125,0.41054127,0.20966284,0.13235794,0.19444937,0.22932866,0.29200146,0.37286323,0.3009956,0.23872523,0.16582036,0.16522872,0.2425443,0.23658569,0.21513562,0.2992418,0.20965654,0.25305176,0.20924507,0.28412646,0.20598514,0.29618222,0.18653378,0.26622742,0.28608534,0.2739244,0.25107735,0.27039775,0.2975546,0.25388926,0.21637768,0.24425863,0.21197376,0.2982727,0.26396266,0.2938765,0.23361295,0.18806984,0.21149947,0.14792036,0.2845267,0.28874916,0.27080837,0.27828106,0.20036586,0.15879029,0.2414952,0.24922754,0.25025898,0.21365282,0.2801183,0.14884022,0.19057754,0.22611025,0.24330272,0.25888056,0.25031817,0.20596945,0.25381023,0.22195745,0.17629234,0.18100849,0.22739948,0.19584912,0.14210027,0.2544548,0.18123867,0.26091197,0.22320764,0.24474786,0.29047877,0.21458851,0.21541896,0.29646656,0.27635714,0.08915458,0.2267549,0.23241647,0.23549475,0.29696763,0.1717924,0.26771018,0.24722764,0.27465585,0.2756214,0.14585747,0.24591658,0.23778763,0.12596974,0.2081926,0.122620456,0.2504704,0.23067284,0.2990959,0.21881261,0.2669984,0.16735758,0.27287155,0.26561576,0.28034008,0.23441485,0.2121777,0.23708141,0.24377233,0.25924954,0.23808679,0.18113345,0.2789265,0.28646648,0.24503951,0.24840929,0.29632547,0.14145496,0.18165249,0.21792254,0.29213586,0.16698636,0.2727243,0.32859316,0.36090136,0.18800084,0.28416473,0.22845894,0.20119047,0.16220394,0.11562533,0.21928924,0.18045162,0.124505654,0.390725,0.19696687,0.24983133,0.12974657,0.28186634,0.07611043,0.2051871,0.26541302,0.29099253
BC2026_Train_0016_S18_20220204_221500_50,0.07780315,0.08090906,0.07922952,0.43558818,0.0029118492,0.21308613,0.28914666,0.2531901,0.108879365,0.29339388,0.66390973,0.16016443,0.12993594,0.00078672206,0.0018461205,0.30340934,0.09219656,0.025715927,0.23470283,0.23554306,0.2417396,0.06383205,0.21245779,0.26091424,0.26593867,0.0070917117,0.20323882,0.23225482,0.06470944,0.27143025,0.12226508,0.0710502,0.1421976,0.13198774,0.05025648,0.110628225,0.13403752,0.09182276,0.0856702,0.17785259,0.14848104,0.059969306,0.1522183,0.08727263,0.081128046,0.1104122,0.198129,0.09164872,0.05374799,0.09222937,0.12918505,0.14209811,0.09322077,0.12253137,0.22045377,0.00085535704,0.08937572,0.25296086,0.0103112785,0.20781343,0.42166084,0.029091585,0.32950747,0.4662544,0.10836664,0.06670879,0.13670576,0.049654517,0.019063704,0.12933859,0.026714494,0.027878124,0.19060573,0.19279508,0.3081817,0.21482614,0.23865686,0.27777335,0.24784596,0.200911,0.24881868,0.19644035,0.29313368,0.14669175,0.27613175,0.28138208,0.23673089,0.2531652,0.2655797,0.2327098,0.27661273,0.28600803,0.19138439,0.24744615,0.28018615,0.256888,0.25269306,0.3971768,0.23350683,0.2706942,0.22613144,0.269627,0.28009686,0.36808908,0.30073732,0.27792162,0.113777086,0.13483062,0.22964923,0.26288405,0.23935664,0.29725373,0.20429385,0.27305815,0.24612224,0.28193825,0.21592456,0.28557312,0.14008139,0.28640983,0.27608353,0.29188186,0.22246593,0.23696361,0.2933699,0.22124188,0.2649408,0.21262954,0.24665113,0.29603603,0.2651999,0.29195648,0.2296943,0.24909586,0.23747522,0.16445935,0.27252418,0.2952215,0.2852822,0.34051347,0.14122316,0.17444304,0.26945034,0.23019062,0.20739473,0.19972816,0.26767668,0.15040104,0.30939806,0.28944892,0.2648612,0.19976792,0.21959807,0.2005442,0.22852336,0.22403038,0.26520598,0.18067668,0.19051474,0.22251172,0.2337544,0.2602056,0.17047936,0.28167668,0.22538489,0.27899626,0.2945839,0.2621513,0.2166956,0.29620498,0.27733737,0.10220911,0.20518611,0.20220488,0.27067566,0.29583833,0.22162703,0.26772445,0.24028528,0.2735906,0.23991963,0.23495728,0.1800121,0.15460794,0.13689196,0.21265784,0.08510518,0.25442827,0.22243388,0.29835096,0.28389016,0.27318716,0.29427555,0.28831404,0.25382236,0.28251868,0.20937645,0.20710288,0.24605899,0.17142497,0.2635524,0.24700266,0.22221637,0.26820907,0.26628467,0.28497127,0.26336172,0.2958369,0.20285675,0.19035017,0.20030606,0.2723314,0.2510457,0.2667223,0.31941223,0.34969127,0.19773413,0.26334542,0.20169058,0.2595221,0.18711011,0.18970741,0.22633855,0.1612368,0.16996855,0.3688093,0.18949208,0.24412942,0.1436247,0.26630372,0.10673067,0.1476601,0.25476035,0.29091254
BC2026_Train_0016_S18_20220204_221500_55,0.11699176,0.07381115,0.06539181,0.38324028,0.00305521,0.20857172,0.2563335,0.18083331,0.10487968,0.29362214,0.61704206,0.14206865,0.1069687,0.00079828926,0.0020403112,0.278174,0.06295479,0.019962672,0.22682461,0.21775062,0.26377067,0.062361274,0.17539111,0.26918045,0.30523905,0.0077338247,0.19372997,0.2669776,0.06264232,0.26068628,0.09862569,0.06708151,0.12873158,0.114283524,0.04469391,0.10483627,0.12833507,0.08044098,0.07274866,0.15799202,0.13774738,0.051365416,0.13712254,0.07919948,0.078931764,0.09831245,0.18020235,0.08334328,0.043949597,0.08092569,0.122227035,0.12805599,0.07618632,0.1136106,0.20371015,0.00085514237,0.077991545,0.26883948,0.010450601,0.17529722,0.3749869,0.029616894,0.27312234,0.47302553,0.09917949,0.06888953,0.1089264,0.05556186,0.027060058,0.14642228,0.023346914,0.028739592,0.21001646,0.19749328,0.25253412,0.254499,0.23735382,0.2686571,0.24988063,0.21261264,0.21821962,0.18089218,0.29070565,0.23564026,0.26213542,0.26141977,0.17862254,0.25181672,0.24433492,0.21332186,0.28199077,0.28618684,0.22353482,0.21352461,0.24751426,0.26568264,0.21674426,0.3861764,0.24555074,0.18832767,0.24525353,0.21148343,0.28781965,0.37298143,0.30134457,0.257002,0.11758635,0.12762634,0.28379777,0.2496788,0.21830866,0.29495773,0.22298929,0.25897244,0.23078074,0.3023456,0.2615452,0.27260315,0.21418796,0.2592797,0.28714776,0.29084027,0.20661917,0.30189273,0.2975034,0.2563706,0.21598133,0.21672907,0.26669443,0.2950036,0.25573814,0.2951451,0.24999341,0.2585966,0.21403094,0.12071148,0.29533917,0.27125797,0.22747831,0.2773733,0.19633874,0.18521251,0.24237625,0.25598136,0.26230332,0.24940392,0.25270507,0.119861566,0.23462456,0.2352679,0.20713322,0.22032252,0.22227454,0.21780942,0.23747614,0.1852842,0.20664576,0.16149624,0.21096858,0.2100047,0.13642523,0.2719272,0.22126311,0.2573665,0.22753951,0.27458498,0.2688094,0.23515002,0.19740514,0.29567555,0.25489846,0.11327459,0.20602886,0.2558039,0.21686551,0.2973884,0.18587333,0.26778755,0.21196812,0.23295441,0.28592026,0.25095558,0.21325815,0.2634455,0.124065086,0.20825674,0.0651023,0.22280186,0.23692758,0.29828668,0.22531952,0.27458322,0.1856715,0.26779464,0.22535959,0.2567555,0.1670662,0.19821042,0.23617922,0.18440579,0.26053447,0.2610789,0.21030512,0.25950217,0.26597986,0.27848008,0.2727602,0.29545885,0.13871825,0.21558829,0.23161335,0.2851395,0.1577665,0.2869673,0.33064997,0.34994125,0.2217771,0.27413785,0.18648978,0.24348645,0.13408458,0.17912956,0.2606286,0.14794724,0.21211539,0.38148993,0.24995068,0.27010328,0.10226953,0.2714359,0.08473207,0.15650353,0.24929196,0.27173623
BC2026_Train_0016_S18_20220204_221500_60,0.11981654,0.081531964,0.07181181,0.3701995,0.0027132137,0.23907585,0.3036408,0.15435502,0.088350825,0.2959991,0.63811964,0.19835055,0.08056239,0.00079402333,0.0018663036,0.31232774,0.07765949,0.022872137,0.28144133,0.23887974,0.23968382,0.06323263,0.16157633,0.18830773,0.24533634,0.0074729025,0.17767602,0.21270536,0.06589697,0.26671016,0.11455469,0.06729305,0.14430775,0.12571363,0.05575682,0.11100875,0.14854698,0.10092948,0.094839744,0.17939392,0.1407109,0.05984599,0.13815567,0.09066276,0.086653985,0.09760455,0.18779069,0.08296476,0.04969598,0.09395781,0.13944635,0.13724642,0.094235376,0.119432546,0.2325834,0.0009134268,0.07963237,0.2490758,0.015310781,0.17207333,0.44081104,0.02830458,0.28249913,0.3974201,0.087935664,0.041365456,0.11985424,0.042034935,0.026885858,0.13188693,0.022443134,0.027649852,0.21685581,0.2512613,0.3031005,0.23541407,0.24946594,0.27712125,0.2916753,0.27540588,0.22655833,0.16728064,0.29099113,0.25145435,0.25132653,0.25843075,0.21931161,0.27950725,0.23705536,0.13667922,0.26269552,0.2522971,0.14834818,0.3307345,0.17941143,0.27462092,0.21842338,0.40276897,0.23958758,0.18597116,0.31771857,0.20562997,0.29028893,0.3623029,0.2991327,0.26006615,0.27404726,0.2075011,0.21930987,0.22433977,0.22150302,0.29886124,0.1834454,0.2419567,0.1896011,0.2629637,0.2605368,0.2935891,0.25959724,0.27591464,0.28785154,0.26000765,0.26997906,0.26077402,0.29117805,0.17551848,0.17690776,0.17926171,0.2171265,0.297535,0.27161795,0.28940034,0.27559122,0.20525828,0.22854303,0.104600914,0.2941375,0.29139414,0.2618604,0.27629846,0.1724553,0.3050641,0.21203545,0.22142479,0.23039138,0.16998595,0.27143562,0.25795457,0.33090982,0.24255839,0.23706101,0.16092616,0.24138847,0.28037623,0.19159067,0.20173489,0.1968628,0.19100353,0.24124195,0.23640372,0.26954123,0.21391194,0.23650245,0.24671754,0.25098196,0.27091628,0.29557112,0.21754046,0.20489523,0.29384568,0.2770557,0.112246744,0.2066548,0.2341739,0.22663178,0.26536953,0.15329504,0.25857398,0.27047527,0.2579105,0.2581493,0.20182845,0.27029115,0.26601028,0.23980126,0.24297588,0.15696415,0.23959757,0.22484979,0.29807168,0.20330188,0.2654649,0.20327207,0.28631425,0.2457468,0.2660064,0.20595649,0.20486784,0.2533548,0.17599551,0.26440707,0.20291394,0.19779272,0.2823355,0.26102152,0.27482554,0.26603776,0.28771794,0.13877195,0.22528754,0.26595408,0.28274557,0.27742863,0.2649232,0.3173607,0.36177176,0.20961377,0.27248523,0.19031587,0.25202715,0.18866509,0.2386082,0.21046063,0.1842326,0.14773764,0.40207052,0.21465105,0.19792162,0.11236189,0.27642363,0.06475958,0.18568216,0.256932,0.2713511
